Date,Links,Title,Outlets,Country,Disinformation,Information,claim_text,claim_language,gold_label,source,id
31.08.2022,/report/western-secret-services-together-with-the-terrorist-ukrainian-state-are-behind-the-assassination-of-darya-dugina,"Western secret services, together with the terrorist Ukrainian state, are behind the assassination of Darya Dugina",,"Ukraine,Estonia,Russia","Everything in the case of Darya Dugina indicates that not only the Ukrainian state, which has long since become a terrorist, is behind the terrorist attack, but also Western intelligence services, for example, the Estonian one. ","Pro-Kremlin disinformation about Ukraine, Estonia and their secret services.There is no evidence to substantiate the claims that Ukraine, Estonia or any other country was behind the assassination of Darya Dugina in Moscow, daughter of Alexander Dugin.Russia has almost immediately accused Ukraine of the assassination, providing only dubious ""evidence"", (see also: here and here) that cannot be independently verified. Ukraine has denied any involvement in the attack, the same goes for Estonia.The EU condemns all attacks on civilians, including the car explosion in the Moscow region which killed Ms. Darya Dugina on Saturday 20 August 2022. The EU considers a full and impartial investigation of the incident important.A couple of days later, an organisation called The National Republican Army took responsibility for the incident. Former Russian MP Ilya Ponomarev claims that the organisation represents a Russian partisan movement dedicated to overthrowing the Putin regime.See related pro-Kremlin disinformation claims alleging various conspiracies against Russia by foreign secret services.See similar claims that British intelligence may be behind the assassination of Darya Dugina, that Ukraine, Estonia and Great Britain killed DaryaDugina, that Darya Dugina was killed by Ukrainian terrorists, that Ukrainian secret services are behind the murder of the daughter of Alexander Dugin, that The emerging evidence confirms Kyiv’s complicity in the murder of Darya Dugina, that The assassination of Darya Dugina is a new shift in the war between Russia and the West. ","Everything in the case of Darya Dugina indicates that not only the Ukrainian state, which has long since become a terrorist, is behind the terrorist attack, but also Western intelligence services, for example, the Estonian one. ",estonian_native,fake,euvsdisinfo-native,et_278
23.08.2022,/report/the-us-is-pushing-europe-into-the-abyss,The US is pushing Europe into the abyss,baltnews.com,"Russia,Ukraine,US,Lithuania,Latvia,Estonia,Poland,Czech Republic,Finland,Europe","The US is pushing Europe into the abyss because they forced the EU to abandon Russian sources of energy, break the economic cooperation with Russia, and close Europe to Russian citizens. The main puppets of the US in Europe are the United Kingdom and non-sovereign states such as Lithuania, Latvia, Estonia, and Ukraine. Poland, the Czech Republic and Finland follow this Russophobic coalition too. Washington wants to keep the world under itscontrol and is ready to sacrifice the welfare of European states for this task.","Recurring pro-Kremlin disinformation about sanctions and presenting Europe as the puppet of the US. See our article Key Narratives in Pro-Kremlin Disinformation Part 3: ‘Lost Sovereignty’.Contrary to the claim, the European Union is a sovereign entity created by the voluntary initiative of European nations and it has its own, independent foreign policy, while the US has no say in its decisions. Economic sanctions, including sanctions on the energy sector, were implemented by European Union as a reaction to the unjustified actions of Russia. The first sanctions were imposed in 2014 after Moscow’s illegal annexation of Crimea. The European Union is implementing sanctions on Russia on its own initiative but also coordinates with partners, including the US. See more information about the EU’s sanctions on Russia. See also information on how the EU has been supporting Ukraine since the start of the war on 24 February 2022.Finally, with regard to the comment about banning Russians from entering Europe, a decision to ban Schengen visas for Russian citizens has not been made yet. It will be a topic of discussion at a meeting of the EU foreign ministers in Prague at the end of August 2022. See similar case here.See similar cases: The European Union has finally lost its political sovereignty; The USA is rising imperialistic Poland as a new hyena for Europe; Decisions on Ukraine are not made by Zelenskyy, but by the high ranking officials in the US. ","The US is pushing Europe into the abyss because they forced the EU to abandon Russian sources of energy, break the economic cooperation with Russia, and close Europe to Russian citizens. The main puppets of the US in Europe are the United Kingdom and non-sovereign states such as Lithuania, Latvia, Estonia, and Ukraine. Poland, the Czech Republic and Finland follow this Russophobic coalition too. Washington wants to keep the world under itscontrol and is ready to sacrifice the welfare of European",estonian_native,fake,euvsdisinfo-native,et_307
23.08.2022,/report/ukraine-estonia-and-great-britain-killed-darya-dugina,"Ukraine, Estonia and Great Britain killed Darya Dugina",all-make.net,"Ukraine,UK,Estonia","The terrorist act that killed Darya [Dugina] is a joint military operation, regretfully a successful one, of three secret services: Ukraine, Estonia and Great Britain.","Conspiracy theory and pro-Kremlin disinformation about the UK, Estonia and Ukraine as well as secret services. There is no evidence to substantiate the claims that Ukraine, UK, Estonia or any other country was behind the assassination of Darya Dugina in Moscow, daughter of Alexander Dugin.Russia has almost immediately accused Ukraine of the assassination, providing only dubious ""evidence"", (see also: here and here) that cannot be independently verified. Ukraine has denied any involvement in the attack, the same goes for Estonia.EU condemn all attacks on civilians, including the car explosion in the Moscow region which killed Ms Darya Dugina on Saturday 20 August 2022. The EU consider a full and impartial investigation of the incident important.See related pro-Kremlin disinformation claims alleging various conspiracies against Russia by foreign secret services. This disinformation claim appeared in the same broadcast as an allegation that British intelligence may be behind the assassination of Darya Dugina and that Ukraine is a terrorist state.","The terrorist act that killed Darya [Dugina] is a joint military operation, regretfully a successful one, of three secret services: Ukraine, Estonia and Great Britain.",estonian_native,fake,euvsdisinfo-native,et_310
02.02.2022,/report/anglo-saxons-and-their-central-european-satellites-seek-conflict-with-russia-at-all-costs,Anglo-Saxons and their Central European satellites seek conflict with Russia at all costs,pl.sputniknews.com,"Russia,Ukraine,US,UK,Poland,Germany,France,Lithuania,Latvia,Estonia,Hungary,Croatia","A Polish expert claims that the current crisis with Russia allows the West to rebuild its unity. However, the opposite seems to be true. On the one hand, there is Continental Europe, led by Germany and France, which speak about the need for dialogue with Moscow, intensification of the Normandy Format and a peaceful resolution of existing contradictions. On the other hand, the Anglo-Saxon bloc (UK, US to some extent) and its Central European satellites (Poland, Lithuania, Latvia, Estonia) are blowing the trumpets of war, seeking the conflict with Russia at all costs. The leaders of other countries (Hungary, Croatia) openly declare that they will not be involved in any quarrels related to Ukraine. ","Recurring pro-Kremlin disinformation narratives about Ukrainian statehood and war in Ukraine. These claims are part of an ongoing disinformation campaign about Russia’s military buildup on the border with Ukraine. By accusing the US, UK and Central European countries of being the driving force behind the escalation of tensions, this disinformation story aims to deny any Russian responsibility for the situation.The claim that Poland, the Baltic states, the UK and the USA want to provoke a conflict with Russia is ungrounded. Since late October 2021, Russia has deployed more than 100,000 troops, as well as certain specialised military units, electronic warfare systems and heavy-armoured vehicles along the borders of Ukraine.The European Union has stated that it will be standing firmly and decisively with Ukraine in front of any attempt to undermine its territorial integrity and sovereignty and has warned of severe political consequences with high political and economic costs for Russia if it proceeds with further aggressive actions. This has been recently reaffirmed by EU High Representative Josep Borrell noting “there is no security in Europe without the security of Ukraine.”Read our recent article on 7 myths and pro-Kremlin disinformation about the Russian military buildup near Ukraine.In addition, see other examples of similar disinformation narratives, such as claims that NATO is egging Ukraine on a military gamble, that the US is instigating war on Ukraine to boycott the Nord Stream 2 project, or that The UK wants to provoke a war between Ukraine and Russia in order to harm Europe. ","A Polish expert claims that the current crisis with Russia allows the West to rebuild its unity. However, the opposite seems to be true. On the one hand, there is Continental Europe, led by Germany and France, which speak about the need for dialogue with Moscow, intensification of the Normandy Format and a peaceful resolution of existing contradictions. On the other hand, the Anglo-Saxon bloc (UK, US to some extent) and its Central European satellites (Poland, Lithuania, Latvia, Estonia) are blo",estonian_native,fake,euvsdisinfo-native,et_917
21.01.2022,/report/the-baltic-states-and-poland-force-anti-russian-policies-upon-the-eu-and-nato,The Baltic states and Poland force anti-Russian policies upon the EU and NATO,pl.sputniknews.com,"Poland,Lithuania,Latvia,Estonia,EU","The Russophobic minority, led by the Baltic states and Poland, rules not only in NATO but also in the EU, forcing the continuation of the strong anti-Russian policy.","This message is a part of the Kremlin’s widespread narrative about anti-Russian, Russophobic countries of Eastern and Central Europe, deliberately worsening their relations with Russia, preventing the improvement of the EU-Russian relations and supporting American interests in the region. The claim about Poland and the Baltic states escalating tensions with Russia and preventing the improvement of EU-Russian relations is ungrounded. The dramatic worsening of relations between the EU and Russia took place in 2014 after the illegal annexation of Crimea and Russian armed agression in East Ukraine.The recent deterioration of relations between Russia and the EU is directly linked to Moscow’s illegal actions abroad (violation of international law) and oppression against representatives of civil society inside Russia. Since March 2014, the EU has progressively imposed restrictive measures against Russia in response to the illegal annexation of Crimea and the deliberate destabilisation of Ukraine. New sanctions were introduced after the assassination attempt on Russian opposition activist Alexei Navalny in 2020. The EU has also sanctioned Russian individuals responsible for serious human rights violations, including arbitrary arrests and detentions, as well as widespread and systematic repression of freedom of peaceful assembly and of association, and freedom of opinion and expression in Russia.See also the European Council statement of 24 January 2022. See similar cases such as Russia-EU relations were destroyed by unilateral decisions of Brussels, The EU destroyed relations with Russia, Poland and the EU appear on the verge of breaking relations with Russia and Poland and the “Young Europeans” worsen the relations between the EU and Russia.","The Russophobic minority, led by the Baltic states and Poland, rules not only in NATO but also in the EU, forcing the continuation of the strong anti-Russian policy.",estonian_native,fake,euvsdisinfo-native,et_976
10.12.2021,/report/the-baltic-states-and-poland-are-the-main-provocateurs-of-russophobia-in-europe,The Baltic States and Poland are the main provocateurs of Russophobia in Europe,sputniknews.lt,"Baltic states,Poland,Lithuania,Latvia,Estonia,Russia",The conflict between the West and Russia is beneficial for the Baltic States and Poland. They will not stop being Russophobic because they are getting money for it. They are the main provocateurs of the Russophobic mood in Europe.,"A recurring narrative about Russophobia in the Baltic states and Poland. The Baltic states and Poland are not Russophobic but these countries have clear security concerns linked to Russia. The source of concern is Russia's aggression toward neighbour countries and how it affected the security situation in the region in general. The 2020 National Security Strategy of Poland states that the most serious security threat for this country is the neo-imperial policy of the authorities of the Russian Federation, pursued by means of military force (aggression against Georgia, illegal annexation of Crimea and military actions in eastern Ukraine). The National Security Strategy 2017 of Lithuania notes: “Capacity of the Russian Federation to use military and economic, energy, information and other non-military measures in combination against the neighbouring countries [...] is a challenge to the security of the Republic of Lithuania and the whole Euro-Atlantic community.” The National Security Concepts of Latvia and Estonia follow a similar line, with the latter stressing that European security is affected by Russia’s increased military activity and aggressive behaviour. Read our past analysis about Russophobia in the Baltic states and elsewhere The “Russophobia” Myth: Appealing to the Lowest Feelings and see similar examples of disinformation alleging that Poland and the US are promoting Russophobic hysteria or that Political establishment in the Baltic states, Poland and Ukraine are driven by Russophobia.",The conflict between the West and Russia is beneficial for the Baltic States and Poland. They will not stop being Russophobic because they are getting money for it. They are the main provocateurs of the Russophobic mood in Europe.,estonian_native,fake,euvsdisinfo-native,et_1119
08.12.2021,/report/bidens-stance-on-ukraine-was-a-gesture-to-russophobic-baltics-poland-and-brussels,"Biden’s stance on Ukraine was a gesture to Russophobic Baltics, Poland and Brussels",actualidad.rt.com,"US,Russia,Ukraine,Estonia,Latvia,Lithuania,Poland,EU","Why does Joe Biden continue with his stance on Ukraine, accompanied by an enormous political and media hysteria about an invented Russian invasion? Why has this smokescreen been sold to the media? If the US really doesn’t believe that this is going to happen, why threaten with sanctions? Biden had to sell this speech to gain strength, to calm the Russophobic lust of the Baltics, of Poland, of Brussels entourage, that even before the Biden-Putin meeting called for more sanctions.","This is part of an ongoing disinformation campaign aiming to deny any Russian responsibility for the escalation of tensions with Ukraine as a result of Russia’s military buildup on the border. Regardless of the Russian invasion taking place or not, the threat is not “invented”, nor reporting and denouncing it is “political and media hysteria” or a “smokescreen”, as this disinformation story claims. In fact, military experts and intelligence services of many countries have pointed to some worrying elements, including the deployment of as more than 100,000 troops, as well as of certain specialised military units, electronic warfare systems and heavy-armoured vehicles. This specific disinformation story is a reaction to US president Joe Biden’s statement that makes clear that his government won’t accept Russia’s “red lines” in Ukraine, a stance that he maintained during his video call with Russian President Vladimir Putin on 7 December 2021.Similar positions have been expressed by relevant international actors, such as the G7 foreign ministers. The European Union has stated that it will be standing firmly and decisively with Ukraine in front of any attempt to undermine its territorial integrity and sovereignty and has warned of severe political consequences with a high political and economic cost for Russia if it proceeds with further aggressive actions. Therefore, the claim that Biden expressed this stance as a gesture to other “Russophobic” actors has no basis. Accusing those who call out Russia’s illicit behaviour of “Russophobia” is a frequent pro-Kremlin disinformation technique. See other examples of similar disinformation narratives in our database, such as claims that the West needs Ukraine for NATO bases as Kyiv prepares for a mythical Russian invasion, that Ukrainian officials are obsessed by imaginary invasions and inexistent Russian imperial ambitions, or that Russia sent troops to the Ukrainian border because there was danger for the Russian population in Donbas. Check out seven popular myths abouth Russia's role in the Ukraine conflict here - including the claim of ""russophobic West"". ","Why does Joe Biden continue with his stance on Ukraine, accompanied by an enormous political and media hysteria about an invented Russian invasion? Why has this smokescreen been sold to the media? If the US really doesn’t believe that this is going to happen, why threaten with sanctions? Biden had to sell this speech to gain strength, to calm the Russophobic lust of the Baltics, of Poland, of Brussels entourage, that even before the Biden-Putin meeting called for more sanctions.",estonian_native,fake,euvsdisinfo-native,et_1131
21.11.2021,/report/poland-and-the-baltic-states-commit-only-destructive-acts-in-the-post-soviet-space,Poland and the Baltic states commit only destructive acts in the post-Soviet space,pl.rubaltic.ru,"Poland,Lithuania,Latvia,Estonia,Belarus,Russia","Since Poland and the Baltic states are unable to come up with anything but destructive acts in the post-Soviet space, the main Western countries use the services of these states only when they need these destructive actions. In crisis situations, Poland and the Baltic states are carefully pushed aside and the West solves the problem on its own. This situation always takes place in the case of relations with Russia. Eastern Europe has reconciled with the fact that the leaders of the USA, Germany and France communicate with Putin bypassing them – they do not ask their allies what they think about the dialogue with the Kremlin. However, the talks with Lukashenka behind the backs of Eastern European NATO members is a particular humiliation.","A recurring pro-Kremlin disinformation narrative about “aggressive” countries of Eastern and Central Europe. The second part of this massage presents Poland and the Baltic states as the countries, which have no “voice” in NATO, being the “puppet-states” or colonies of the United States or the EU. Poland and the Baltic states are often groundlessly presented as anti-Russian, Russophobic countries involved in destructive actions in the post-Soviet space (such as organisation of a colour revolution in Belarus and undermining the security of Russia).Lithuania and Poland are neighbours of Belarus and continue to support the Belarusian people. Poland and Lithuania respect the principles of international law and do not intervene in the domestic affairs of any country. On 12 August 2020, the Parliaments of Poland and three Baltic states presented a joint statement protesting against political repressions taking place in Belarus and appealing to organise free and democratic elections in this country. The EU member states perceive the situation in Belarus in a unanimous way, appealing to the Belarusian authorities to stop violence, release political prisoners and organise democratic elections in Belarus. See other examples of similar messages: Poland and Lithuania directly sponsor extremist actions against Belarus, Poland and Lithuania send Belarusian opposition instructions on how to make explosives and CIA, and Pentagon prepares Belarusian protestors in Poland, Ukraine and the Baltic states.","Since Poland and the Baltic states are unable to come up with anything but destructive acts in the post-Soviet space, the main Western countries use the services of these states only when they need these destructive actions. In crisis situations, Poland and the Baltic states are carefully pushed aside and the West solves the problem on its own. This situation always takes place in the case of relations with Russia. Eastern Europe has reconciled with the fact that the leaders of the USA, Germany ",estonian_native,fake,euvsdisinfo-native,et_1200
13.10.2021,/report/nato-will-turn-the-baltic-states-into-the-epicentre-of-the-nuclear-explosion,NATO will turn the Baltic states into the epicentre of the nuclear explosion,"sputniknews.lt, lt.sputniknews.ru","US,Baltic states,Lithuania,Latvia,Estonia","The American strategical bombers in the Lithuanian sky and training attacks on targets near the Russian border are showing that elder NATO's allies are planning to turn the Baltic states into the epicentre of one big nuclear explosion. Regardless of whether NATO achieves the goals or not, the fate of the nations of Lithuania, Latvia, Estonia will be tragic.","A recurring narrative about the Baltic states as puppets of NATO and hostages of the anti-Russian policy of Alliance. The mission of the US strategical bombers B-1B (which can carry nuclear weapons) in Lithuania shows that NATO allies use all capacities to ensure the security of the Baltic states. The exercises aim to practice close air support techniques with Allied Joint Terminal Attack Controllers (JTACs) in Lithuania. It was stressed that “the mission focused on enhancing readiness and interoperability for the controllers responsible for coordinating airstrikes to support ground forces”. There are no reasons to claim that it could lead to the Baltic States turning into an epicentre of a nuclear explosion.See other similar narratives of pro-Kremlin disinformation claiming that the US wants to launch a preventive nuclear attack on Russia, or that the US is pushing NATO to the East and persuade allies to die for nothing, or warnings about Russia's nuclear punishment.","The American strategical bombers in the Lithuanian sky and training attacks on targets near the Russian border are showing that elder NATO's allies are planning to turn the Baltic states into the epicentre of one big nuclear explosion. Regardless of whether NATO achieves the goals or not, the fate of the nations of Lithuania, Latvia, Estonia will be tragic.",estonian_native,fake,euvsdisinfo-native,et_1407
11.10.2021,/report/the-usa-creates-its-lobby-within-the-eu-by-deploying-forces-in-the-baltic-states,The USA creates its lobby within the EU by deploying forces in the Baltic states,pl.sputniknews.com,"Poland,Russia,US,Lithuania,Latvia,Estonia,EU","One of the tasks [of the American policy] is to weaken Russia, isolate it from global geopolitical processes and gain some profits from the sale of American LNG to Europe (that is the reason for the fight against Nord Stream 2). Taking into consideration the fact that the European Union is an American competitor, the USA creates its own lobby within the EU by deploying its forces in the Baltic states. Above all, Poland is such an American Trojan horse in Eastern Europe. Finally, the intimidation with alleged Russian aggression creates an opportunity to sell American weapons to Poland. Recently, Poland purchased 250 Abrams tanks because “it felt threatened by Russia and Belarus”.","A common pro-Kremlin narrative on “lost sovereignty”. Poland and the Baltic states are often presented as “puppet-states” and “Trojan horses” of the United States in Europe, which promote anti-EU and anti-Russian policies of Washington. The claim that the USA deploys its troops in the Baltic states in order to “weaken the EU as its competitor” is ungrounded. The claim that the USA is trying to weaken Russia and isolate it from global politics is a widespread pro-Kremlin narrative. The United States is the founding member of NATO and plays a crucial role in European and transatlantic security – since the end of WWII, the US troops based in Europe have helped guarantee the security of its European allies. NATO has enhanced its forward presence in the eastern part of the Alliance, with four multinational battalion-size battlegroups in Estonia, Latvia, Lithuania and Poland, on a rotational basis. These battlegroups, currently led by the United Kingdom, Canada, Germany and the United States respectively and with nearly all allies participating in rotation, demonstrate that an attack on one Ally would be considered as an attack on the whole Alliance. The ongoing modernisation of the Polish Armed Forces and purchases of advanced military equipment is a Polish response to the current security crisis taking place in Eastern Europe – this situation is a result of the Russian annexation of Crimea and military aggression against Ukraine in Donbas. The security situation of Poland has seriously worsened after the outbreak of the “migration crisis” orchestrated by Lukashenka’s regime. According to the position of the Polish authorities, the ongoing situation on the Belarusian border is a hybrid attack on Poland in order to destabilise the country and the entire EU. See other examples of this message claiming that Polish policy towards Ukraine is shaped by the Americans, the US keeps Poland on a short anti-Russian leash, and Poland is a Trojan Horse of the United States.","One of the tasks [of the American policy] is to weaken Russia, isolate it from global geopolitical processes and gain some profits from the sale of American LNG to Europe (that is the reason for the fight against Nord Stream 2). Taking into consideration the fact that the European Union is an American competitor, the USA creates its own lobby within the EU by deploying its forces in the Baltic states. Above all, Poland is such an American Trojan horse in Eastern Europe. Finally, the intimidation",estonian_native,fake,euvsdisinfo-native,et_1434
28.09.2021,/report/the-baltic-states-violate-the-right-of-russian-speaking-people-to-get-informed-in-their-mother-tongue,The Baltic States violate the right of Russian-speaking people to get informed in their mother tongue,"lt.sputniknews.ru, sputniknews.lt, sputnik.by","Baltic states,Lithuania,Latvia,Estonia","Russia should bring to attention the violation of the rights of Russian-speakers in the Baltic states as well as persecution of journalists, which are collaborating with RT and Sputnik. It is becoming a usual thing for Russian-speaking people in the Baltic states to be denied access to the information in their mother tongue.","Recurring pro-Kremlin disinformation narrative about alleged violation of human rights and freedom of speech in the Baltic states. The presented claims are groundless. The Baltic states are Democratic countries, which respect Human Rights and do not discriminate or oppress any persons because of their citizenship, political opinions or mother tongue. Read more about the situation with Human Rights in Lithuania, Latvia and Estonia. Claim about the persecution of Russian-speaking journalists in the Baltic states is also not true. The situation is linked to the attempt of the Baltic states to secure the information space. All actions taken by Estonia in relation to Sputnik Estonia, for example, are aimed at economic activity and not against the outlet's news content. At the same time, the activities of Sputnik and Baltnews in Lithuania are in the focus of the State Security Department of the country. In the “Freedom of the press 2021” ranking (by Reporters Without Borders) Estonia is on 14th place, Latvia on 22nd place and Lithuania on 28th place. Russia, to compare, is in 150th position, the situation of media freedom in the country is described as “bad”. Russian-speaking people in the Baltic states are offered information in their mother tongue. Estonia is broadcasting a TV channel in the Russian language ETV+. In Latvia, Russian-speaking people could read the news site in the Russian language rus.LSM, established by Latvian public radio and television. The popular news portal DELFI have a Russian-language version in all three Baltic states. See more similar examples of disinformation: The US allows Poland and the Baltic States to violate human rights as much as they want; The Baltic States continue the persecution of Russian publications and Russian-speaking journalists; The Baltic States are persecuting the Russian media.","Russia should bring to attention the violation of the rights of Russian-speakers in the Baltic states as well as persecution of journalists, which are collaborating with RT and Sputnik. It is becoming a usual thing for Russian-speaking people in the Baltic states to be denied access to the information in their mother tongue.",estonian_native,fake,euvsdisinfo-native,et_1500
26.09.2021,/report/russian-speakers-are-barred-from-running-in-estonian-elections,Russian speakers are barred from running in Estonian elections,НТВ,"Russia,Baltic states,Estonia,Latvia","In Estonia, most of Russian-speaking inhabitants may vote according to the laws, however they cannot run in the elections and occupy state-positions.The Baltic politicians insist that everything that is Russian is a threat. And every time when the Russian-speakers in the Baltic States try to defend their rights, the authorities respond in spirit ""your rights are not breached, because you don't have any"". ","Recurring pro-Kremlin disinformation narrative about alleged Russophobia in the Baltic States.According to Estonian Riigikogu Election Act, article 4:(4) Estonian citizens who have attained 21 years of age by the last day for the registration of candidates have the right to stand as candidates. (5) A person who has been divested of his or her active legal capacity with regard to the right to vote does not have the right to stand as a candidate. (6) A person in active service in the Defence Forces or a person who has been convicted of a criminal offence by a court and is serving a prison sentence shall not stand as a candidate for election to the Riigikogu. As for the rights of minorities, Estonia is considered a consolidated democracy by Freedom House and a Flawed Democracy by the Economist Intelligence Unit's Democracy Index.In Latvia, the Constitutional Court of Latvia stated that Amendments to the Education Law that stipulate transition to Latvian as the sole instruction language in schools are in line with the Constitution. In its decision, the Constitutional Court indicated that the convention on the protection of national minorities said that any person has the right to learn in their native language. But the convention allows countries themselves to decide the extent to which this is carried out, which was done in Latvia. Separately, the court decision notes that the right to learn the native language should not interfere with the development of the state language, and it is Latvian in Latvia. Read more here.Additionally, Latvia offers educational programmes in eight minority languages, which besides Russian include Polish, Hebrew, Ukrainian, Estonian, Lithuanian, Belarusian and Roma languages. In primary schools, which are implementing the minority language programmes, lessons are taught in both minority language and Latvian, while in high-schools - 60% in Latvian, 40% in minority language. However, the passing of a Latvian language state exam is required to successfully finish and acquire a high-school diploma. See related examples of pro-Kremlin disinformation claims, alleging that Russian-speakers are still openly discriminated against, especially in the Baltic states; Russian media and language under pressure in the Baltics; the rights of non-citizens are limited in Latvia. ","In Estonia, most of Russian-speaking inhabitants may vote according to the laws, however they cannot run in the elections and occupy state-positions.The Baltic politicians insist that everything that is Russian is a threat. And every time when the Russian-speakers in the Baltic States try to defend their rights, the authorities respond in spirit ""your rights are not breached, because you don't have any"". ",estonian_native,fake,euvsdisinfo-native,et_1523
22.09.2021,/report/nato-is-not-planning-to-defend-poland-and-the-baltic-states,NATO is not planning to defend Poland and the Baltic states,pl.sputniknews.com,"Poland,US,Russia,Lithuania,Latvia,Estonia","Poland buys American weapons and tanks for an alleged strengthening of its defence potential against the “Russian bear” preparing an immediate attack. This childish fairy tale justifies the stupidest expenses in the history of the contemporary Polish state. Even the military acknowledges the fact that no modernisation can significantly improve the defence capacities of the Polish Army in a hypothetical clash with Russia – the military simulations show that Poland will be defeated within five days. This fact is also known to the NATO command, which does not take into consideration the defence of Central and Eastern Europe in the situation of a conflict. Therefore, such countries as Poland, Lithuania, Latvia and Estonia would stay on their own – they would quickly surrender and negotiate the most favourable conditions for capitulation.","Recurring pro-Kremlin narrative on NATO and the US military presence in Europe - it claims that the United States may not protect its European allies if it goes against the US national interests. The ongoing modernisation of the Polish Army and purchases of advanced military equipment is a Polish response to the current security crisis taking place in Eastern Europe – this situation is a result of the Russian annexation of Crimea and military aggression against Ukraine in Donbas. The claim that NATO is not planning to defend its Eastern and Central European members is ungrounded. Article 5 of the North Atlantic Treaty is the critical component of the Alliance – it assumes that if a NATO Ally is a victim of an armed attack, every other member of the Alliance will consider this act of violence as an armed attack against all members and will take the actions it deems necessary to assist the Ally attacked. In other words, Article 5 is the cornerstone of NATO – it has been invoked only once in history as a response to the terrorist attacks of September 11, 2001. The United States is the founding member of NATO and plays a crucial role in European and transatlantic security – since the end of WWII, the US troops based in Europe guaranteed the security of its European allies. NATO has enhanced its forward presence in the eastern part of the Alliance, with four multinational battalion-size battlegroups in Estonia, Latvia, Lithuania and Poland, on a rotational basis. These battlegroups, led by the United Kingdom, Canada, Germany and the United States respectively, make clear that an attack on one Ally would be considered an attack on the whole Alliance. Read similar disinformation cases: the US always abandons its allies, Poland and the Baltic states do not fully believe in NATO and Article 5 as they demand additional security guarantees and US troops will not defend Poland in case of a Russian attack.",Poland buys American weapons and tanks for an alleged strengthening of its defence potential against the “Russian bear” preparing an immediate attack. This childish fairy tale justifies the stupidest expenses in the history of the contemporary Polish state. Even the military acknowledges the fact that no modernisation can significantly improve the defence capacities of the Polish Army in a hypothetical clash with Russia – the military simulations show that Poland will be defeated within five day,estonian_native,fake,euvsdisinfo-native,et_1542
21.09.2021,/report/the-usa-may-inspire-new-brexits-through-the-three-seas-initiative,The USA may inspire new “Brexits” through the Three Seas Initiative,pl.sputniknews.com,"Germany,US,EU,UK,Estonia,Croatia,Poland","What is the Three Seas Initiative in its essence? Each of such map constructs turns out to be fiction based on a misconception – there can be no real geopolitical interests linking Tallinn and Zagreb. The Three Seas Initiative simply describes the Europe of the “second speed” and the secondary-importance US vassals. The US controls these countries through its first-level vassals – primarily, Germany. From the American point of view, this Initiative is a list of countries for possible “Brexits”, if the US wants to weaken the EU (what may be required by relations with Berlin and Brussels).","Disinformation about the Three Seas Initiative advancing pro-Kremlin narrative about""lost sovereignty"".The statement that the Three Seas Initiative is an anti-Russian and anti-EU project, let alone that it is controlled by the USA is ungrounded. The Three Seas Initiative is a forum of 12 countries from Central and Eastern Europe launched in 2015. The main goal of this Initiative is to promote better connectivity among the Member States, with a particular focus on infrastructure and energy. The main projects discussed at the forums of the Three Seas Initiative are the Via Carpathia, Baltic-Adriatic Corridor, Via Baltica, Rail Baltica and the LNG infrastructure in Poland and Croatia. Read the recent declaration of the Sixth Summit of the Three Seas Initiative, which took place in July 2021 in Sofia. Read more information about the Three Seas Initiative here. See similar messages such as Three Seas Initiative is a geopolitical concept designed to promote American interests, Aim of the Eastern Partnership is to separate Russia’s neighbours from it, and Three Seas Initiative is a tool of American hegemony in post-Soviet areas surrounding Russia.","What is the Three Seas Initiative in its essence? Each of such map constructs turns out to be fiction based on a misconception – there can be no real geopolitical interests linking Tallinn and Zagreb. The Three Seas Initiative simply describes the Europe of the “second speed” and the secondary-importance US vassals. The US controls these countries through its first-level vassals – primarily, Germany. From the American point of view, this Initiative is a list of countries for possible “Brexits”, ",estonian_native,fake,euvsdisinfo-native,et_1567
23.08.2021,/report/ukraine-wants-to-take-away-crimea-from-russia-with-the-support-of-russophobes,Ukraine wants to take away Crimea from Russia with the support of Russophobes,"sputniknews.lt, lt.sputniknews.ru","Ukraine,Russia,Lithuania,Latvia,Estonia,Poland","Russophobes support the Ukrainian plan to take away Crimea from Russia. This happens during the Crimea Platform summit, in which a great part of Western leaders refused to participate. Delegations from 44 countries, including Lithuania, Estonia, Latvia, Poland, participated In the Crimea Platform meeting. Mentioned countries are well-known for their anti-Russian position and Russophobic statements. Crimea became a part of Russia in 2014 after the referendum. 96.77 per cent of inhabitants of Crimea and 95.6 per cent of inhabitants of Sevastopol supported the decision to join Russia.","Recurring narratives about Russophobia in the context of the illegal annexation of Crimea and summit of Crimea Platform. The so-called incorporation of Crimea into Russia was not recognised. The UN General Assembly adopted a resolution entitled “Territorial integrity of Ukraine”, stating that the referendum in Crimea was not valid and could not serve as a basis for any change in the status of the peninsula. On 17 December 2018, the UN General Assembly confirmed its non-recognition of the illegal annexation of Crimea. The Crimean Platform is a consultative and coordination format for the de-occupation of Crimea. European Council President Charles Michel said during a speech at the first International Crimea Platform Summit, 23 August 2021: See other examples of disinformation about Crimea Platform and its goals: Serious countries neglected Crimean Platform because they know Crimea is Russian; Crimea Platform gathered without Crimean representatives who choose to be Russian; The US, NATO, and intelligence of services of the UK are behind Crimean Platform. ""I am here to reaffirm the EU's unwavering stance: we do not and will not recognize the illegal annexation of Crimea and Sevastopol by Russia.""","Russophobes support the Ukrainian plan to take away Crimea from Russia. This happens during the Crimea Platform summit, in which a great part of Western leaders refused to participate. Delegations from 44 countries, including Lithuania, Estonia, Latvia, Poland, participated In the Crimea Platform meeting. Mentioned countries are well-known for their anti-Russian position and Russophobic statements. Crimea became a part of Russia in 2014 after the referendum. 96.77 per cent of inhabitants of Crim",estonian_native,fake,euvsdisinfo-native,et_1779
17.08.2021,/report/after-afghanistan-the-us-could-give-up-on-the-baltic-states,"After Afghanistan, the US could give up on the Baltic states",sputniknews.lt,"Russia,Baltic states,Lithuania,Latvia,Estonia,Ukraine,Syria,Afghanistan","The events in Syria, Afghanistan and Ukraine showed that it is better not to hope to get help from the US in the critical situation. The US also has interests in Lithuania, Latvia, Estonia. It is using these countries and could leave them as Afghanistan.","The message contains clear manipulation. The events in Syria, Afghanistan and Ukraine could be hard to compare, as well as the relations between the US and Baltic states have a different context. Taliban came back to power in Afghanistan after the US and allies withdrew military forces earlier this year. As noted by US president Joe Biden: “We went to Afghanistan almost 20 years ago with clear goals: get those who attacked us on September 11th, 2001, and make sure al Qaeda could not use Afghanistan as a base from which to attack us again. We did that. <...> Our mission in Afghanistan was never supposed to have been nation building. It was never supposed to be creating a unified, centralized democracy. Our only vital national interest in Afghanistan remains today what it has always been: preventing a terrorist attack on American homeland”. Biden added that the US got Afghanistan’s people a chance to determine their own future but could not provide them the will to fight for that future. The Baltic states are democratic countries, members of the EU and NATO. Lithuania, Latvia and Estonia participated together with the US in NATO's ISAF's mission in Afghanistan. The United States also fosters a robust and enduring security partnership with the three Baltic states of Estonia, Latvia, and Lithuania. See other examples of disinformation when the US is presented as a selfish, treacherous and unreliable partner: The EU should admit that the US is its sovereign; The US turns post-Soviet states into divided nations to use them as cannon fodder against Russia; Ukraine became a colony of the United States.","The events in Syria, Afghanistan and Ukraine showed that it is better not to hope to get help from the US in the critical situation. The US also has interests in Lithuania, Latvia, Estonia. It is using these countries and could leave them as Afghanistan.",estonian_native,fake,euvsdisinfo-native,et_1816
06.08.2021,/report/riga-tallinn-and-warsaw-develop-anti-russian-information-weapons,"Riga, Tallinn and Warsaw develop anti-Russian “information weapons”",pl.sputniknews.com,"Russia,Poland,Latvia,Estonia","The anti-Russian ""information weapon"" is being created in Warsaw. The anti-Russian propaganda centres operate in Riga, Tallinn and Warsaw, where dozens of specialists are being prepared every quarter. Today, information is one of the weapon types. Propaganda strategy centres were set up in Riga, Tallinn and Warsaw. The information weapons are being developed there – they will be introduced and spread in Russia. Among other activities, these centres spread numerous unpleasant rumours. There is not a single similar centre in Russia, which would train specialists in information attacks. At the same time, there are several centres in Europe that train Russian citizens to be such specialists.","A recurrent pro-Kremlin disinformation narrative accusing the West of “hostile and aggressive anti-Russian actions”. The claim that Poland, Latvia and Estonia created anti-Russian propaganda centres involved in the development of the anti-Russian “information weapons” is not supported by evidence.Poland, the Baltic states and other countries of the EU and NATO are not involved in any aggressive actions aimed against Russia. Rather, they host or support multinational centres of research into esp. Russian information operations. But these centres are not comparable to the Russian ""troll factories"" where covert Russian information operations are made.There is wide evidence about the existence of such numerous Russian centres, which are actively involved in the information warfare activities aimed against the Western countries. Read more about the Russian information warfare activities taking place against the EU here and here. Information warfare has been one of the most important elements of the ongoing Russian “hybrid” activities against Ukraine and the EU countries. Read other disinformation cases accusing the West of various “aggressive” anti-Russian activities: NATO is implementing hybrid warfare against Russia in the Black Sea; Western hybrid war against Belarus is a preparation of attack against Russia and NATO uses false “Russian threat” as a pretext to expand its presence near Russian borders.","The anti-Russian ""information weapon"" is being created in Warsaw. The anti-Russian propaganda centres operate in Riga, Tallinn and Warsaw, where dozens of specialists are being prepared every quarter. Today, information is one of the weapon types. Propaganda strategy centres were set up in Riga, Tallinn and Warsaw. The information weapons are being developed there – they will be introduced and spread in Russia. Among other activities, these centres spread numerous unpleasant rumours. There is no",estonian_native,fake,euvsdisinfo-native,et_1879
12.07.2021,/report/in-1940-the-baltic-states-asked-to-be-incorporated-into-the-ussr,"In 1940, the Baltic States asked to be incorporated into the USSR",RT English,"Estonia,Latvia,Lithuania,Baltic states,Russia,Germany,USSR","The Soviet leadership did not initially want to incorporate the Baltic States, but had to change their mind when they saw signs of rapprochement between the political elites of these countries and Nazi Germany.In the summer of 1940, Lithuania and the remaining two Baltic States became part of the Soviet Union. That same year, the Lithuanian government issued a declaration formally asking for the Republic to be accepted into the USSR. Similar documents were then submitted by Latvia and Estonia, and became legal grounds for their inclusion.","A twist of a recurring pro-Kremlin claim. By heavily distorting both the historical context and the process of the Baltic States' ""inclusion"" in the USSR, this (relatively new) claim advances a recurring pro-Kremlin campaign of historical revisionism aimed at justifying Soviet actions during the Second World War. The Soviet Union did not ""incorporate"" the Baltic States out of national security concerns. Rather, this was made possible under a secret protocol to the Nazi-Soviet treaty of August 1939 (Molotov-Ribbentrop Pact), which goes unmentioned throughout the 14-minute news segment. This secret provision effectively gave the USSR a free hand to conduct the ""territorial-political organization of the districts making up the Baltic states,"" which resulted in their forced annexation in June 1940.Likewise, the segment omits the fact that the Lithuanian declaration ""asking"" the USSR to annex it was issued on 21-23 July 1940. By that time, the Soviet Union had already invaded the country and installed a puppet regime by way of a rigged election (p. 4). The request to join the USSR, then, was simply rubber-stamped by the Moscow-controlled Communist Party of Lithuania, which had won an impossible 99.2% of the national vote (p. 13).See similar disinformation narratives on this issue - The Baltic states benefited from the Molotov-Ribbentrop Pact; The Baltic states are perpetuating the myth of the Soviet occupation and The Baltic states refuse to celebrate the victory over fascism.","The Soviet leadership did not initially want to incorporate the Baltic States, but had to change their mind when they saw signs of rapprochement between the political elites of these countries and Nazi Germany.In the summer of 1940, Lithuania and the remaining two Baltic States became part of the Soviet Union. That same year, the Lithuanian government issued a declaration formally asking for the Republic to be accepted into the USSR. Similar documents were then submitted by Latvia and Estonia, a",estonian_native,fake,euvsdisinfo-native,et_2051
09.07.2021,/report/the-baltic-states-and-ukraine-lost-their-sovereignty-they-are-cold-war-watchdogs,"The Baltic states and Ukraine lost their sovereignty, they are Cold War watchdogs",imhoclub.by,"Ukraine,Lithuania,Latvia,Estonia","The Baltic states trade their sovereignty and speak about mythical threats in the interests of their patrons; they are turning into the watchdogs of a new Cold War. American embassies' clerks manage Latvian and Lithuanian high-ranking politicians. Ukraine followed a similar fate following a coup d'etat. Ukraine's independence is a joke. The country depends on the whims of Western patrons, on their financial help, and weapons for continuing the civil war.","Recurring pro-Kremlin disinformation narratives about non-sovereign status of the Baltic states, the war in Ukraine, Ukraine being under ""external control"" mixed with an anti-Russia narrative. Often presented as Western vassals or puppet states, the Baltic states are independent states, which shape their own foreign and domestic policies. Likewise, Ukraine is a sovereign and independent state with a democratically-elected president and parliament. The country is not controlled by the US nor any other foreign government or organisation. Both the EU and the US respect Ukraine's sovereignty and territorial integrity.The war in Ukraine is a well-documented act of aggression by Russian armed forces, ongoing since February 2014. And there is not a single international body that recognises Crimea’s illegal annexation, neither the UN nor the EU. On the seventh anniversary of Crimea's annexation, the EU reiterated its position of non-recognition of illegal annexation and continues to stand in full solidarity with Ukraine, supporting its sovereignty and territorial integrity. There was no coup d’état in Ukraine in 2014; this is a longstanding pro-Kremlin disinformation narrative about Ukraine's Euromaidan protests. The spontaneous onset of these protests was an organic reaction by numerous parts of the Ukrainian population to former President Yanukovych’s sudden departure from the promised Association Agreement with the European Union in November 2013. See the full debunk of this disinformation claim here. See earlier disinformation cases alleging that Ukraine ""sold itself to external control, ""is a Western puppet that creates problems for Russia, that the Russophobic Baltic States are beggars and vassals of the West, that the main activity of the Latvian state is the trade of Russophobia, and that the Baltic states are dying because they chose not to be with Russia.","The Baltic states trade their sovereignty and speak about mythical threats in the interests of their patrons; they are turning into the watchdogs of a new Cold War. American embassies' clerks manage Latvian and Lithuanian high-ranking politicians. Ukraine followed a similar fate following a coup d'etat. Ukraine's independence is a joke. The country depends on the whims of Western patrons, on their financial help, and weapons for continuing the civil war.",estonian_native,fake,euvsdisinfo-native,et_2062
08.07.2021,/report/the-west-groundlessly-accuses-russia-of-interference-in-domestic-politics-and-cyber-attacks,The West groundlessly accuses Russia of interference in domestic politics and cyber-attacks,it.sputniknews.com,"Norway,The Netherlands,Russia,Sweden,Estonia,France,Georgia,Germany,Kyrgyzstan,Poland,Ukraine,UK,US,Hungary,Belgium,Denmark,Romania,Switzerland,Austria",The West groundlessly accuses Russia of interference in domestic politics and cyber-attacks.,"This is a recurrent pro-Kremlin narrative claiming that Western accusations of Kremlin involvement in cyber-attacks and interference in the domestic politics of foreign states are unfounded, motivated by Russophobia and lack any supporting evidence. It is not true that there is no evidence to support Western accusations of Kremlin involvement in cyber-attacks and in election interference. Evidence of Russia's interference in US elections was uncovered by several US investigations. Russia's interference was reported starting in January 2017 by a US Intelligence Community report and was then reconfirmed in a new report in March 2019, produced by the Special Counsel probe led by Robert Mueller, after two years of investigation. In 2021, the Office of the Director of National Intelligence (NIC) released an analysis of foreign threats to the 2020 US presidential election which reported the activity of Russian state actors and proxies in spreading disinformation aimed at influencing these elections. The UK has provided convincing evidence of Russian interference in the Brexit referendum. Media investigations and parliamentary inquiries have uncovered evidence linking Russian state actors with interference in various electoral processes, including the 2017 French Presidential elections, the 2017 German Parliamentary elections, the 2016 constitutional referendum in Italy and the Dutch referendum on the EU’s Association Agreement with Ukraine. Electoral interference by Russia has been extensively documented in numerous countries around the world. Read our article on Russian election meddling in EU countries and in the US here. Government investigations in different countries have produced evidence of cyberattacks and hacking activities, sponsored by Russian state actors, targeted on foreign states and organisations, including Estonia, France, Georgia, Germany, Kyrgyzstan, Poland, Ukraine, UK, US, Hungary, Belgium, Denmark, Romania, Switzerland, Austria, Spain, The World Anti-Doping Agency (WADA), the Organization for the Prohibition of Chemical Weapons (OPCW), and the Davos World Economic Forum. Since 2014 Ukraine has been the target of an unprecedented number of cyber attacks. Ukraine's security services attributed many of these attacks and cyber-espionage activities to Russia. Norway's Police Security Service (PST) also reported that hackers linked to the GRU took part in a 2019 cyber-attack on its Parliament. In 2020, cyberattacks linked to Russia have targeted companies researching Covid-19 drugs and vaccines, as well as major US federal agencies and civilian and governmental entities in the 2020 Solar Winds attacks. Read similar cases claiming that No evidence supports the West’s accusations of Russian involvement in cyber-attacks and election interference, that There is no evidence of Russian involvement in the SolarWinds hacking attack, and that Accusing Russia of cyber-attacks is purely Russophobic. See here for further background on Russian interference in various electoral processes in Europe.",The West groundlessly accuses Russia of interference in domestic politics and cyber-attacks.,estonian_native,fake,euvsdisinfo-native,et_2077
22.06.2021,/report/myths-new-interpretations-and-fables-about-wwii-are-regularly-composed-in-the-west,"Myths, new interpretations and fables about WWII are regularly composed in the West","ru.armeniasputnik.am, uz.sputniknews.ru, sputnik.by, lv.sputniknews.ru","USSR,Russia,Germany,Latvia,Lithuania,Estonia,Ukraine","In the West, myths, new interpretations of events and outright fables about World War II are regularly composed in order to downplay the leading role of the USSR and the Red Army in the victory over German Nazism and Japanese militarism. They even try to put the Soviet Union on a par with Germany, but the figures and facts are stubborn.","The claim about the Western myths and fables about World War II is part of the Kremlin’s campaign on historical revisionism of WWII. According to the Kremlin's policy, the official Russian historiography is the only “true” way of interpreting the historical events about WWII. Any disagreement with the Kremlin’s official view on the history of WWII is automatically labelled by Russia as “falsification of history”. The European Parliament called the war the bloodiest tragedy of the century, which resulted in millions of victims of authoritarian regimes both of fascist Germany and the USSR. The European Parliament adopted a resolution, describing the Molotov-Ribbentrop pact of 23 August 1939 as a key element paving the way for the outbreak of World War II. The European Parliament also paid tribute to the victims of Stalinism, Nazism and other totalitarian and authoritarian regimes.At the same time, Western historians acknowledge the role played by the USSR in defeating Nazism and do not question the Soviet contribution to the victory in WWII and the status of the USSR as one of the countries that had won in WWII. The policy of the US or the EU is not directed against Russia or any other country. See more similar disinformation cases alleging that Western historical revisionism is aimed at weakening and destroying Russia, that European countries try to rewrite the history of WWII – Russia preserves the truth, and that The West systematically rewrites the history to destroy Russia.","In the West, myths, new interpretations of events and outright fables about World War II are regularly composed in order to downplay the leading role of the USSR and the Red Army in the victory over German Nazism and Japanese militarism. They even try to put the Soviet Union on a par with Germany, but the figures and facts are stubborn.",estonian_native,fake,euvsdisinfo-native,et_2244
15.06.2021,/report/the-baltic-states-should-be-grateful-to-russia-because-the-soviet-union-protected-them,The Baltic states should be grateful to Russia because the Soviet Union protected them,"sputniknews.lt, lt.sputniknews.ru","Baltic states,Lithuania,Latvia,Estonia,Russia","The Baltic states require from Russia compensation due to “Soviet occupation”. Authorities of Lithuania, Latvia, Estonia implementing Russophobic policy, persecute people who positively evaluate Soviet past and modern Russia. Russian authorities many time brought to the attention that some European countries try to rewrite history. All statements about “occupation” are unacceptable and groundless. The Baltic states should not forget about Soviet contribution to the development of social, infrastructural, economical spheres of the Baltics. The Baltic states should ask for forgiveness for accusations against Russia. They should be grateful to Russia because the Soviet Union protected Baltic states from external challenges and threats, created in Lithuania, Latvia, Estonia new workplaces, invested into their development.","Recurring narratives of disinformation denying Soviet occupation of the Baltic states and accusing Lithuania, Latvia, Estonia of historical revisionism and Russophobia. The circumstances of the Soviet occupation of the Baltic states in 1940 are well known today. On 23 August 1939, the Soviet Union and Nazi Germany signed a non-aggression (Molotov-Ribbentrop) pact whose secret protocols divided the territories belonging to Poland, Lithuania, Latvia, Estonia, Finland, and Romania into Soviet and Nazi spheres of influence. The Baltic States were not the beneficiaries of the Molotov-Ribbentrop pact. Like other countries mentioned in the pact, they lost their independence and territories.Soviet occupation of the Baltic States lasted for 50 years and resulted in mass deportations and repressions against local populations. On 24 December 1989, the Parliament of the USSR, the Congress of the People’s Deputies, adopted a resolution, acknowledging the annexation of the Baltic states as a violation of the USSR's obligations. An English translation of the full text can be found here:See similar cases of disinformation: Soviet occupation is a myth; The USSR incorporated Latvia, Lithuania and Estonia in a legal way; Authorities of the Baltic states failed to prevent May 9 celebration. The Congress notes that during this period the relations of the USSR with Latvia, Lithuania and Estonia were regulated by a system of treaties. Pursuant to the 1920 Peace Treaties and 1926-1933 Non-Aggression Treaties, the signatories were obliged to honour each other’s sovereignty, territorial integrity and inviolability under any circumstances. The Soviet Union had assumed similar obligations to Poland and Finland.","The Baltic states require from Russia compensation due to “Soviet occupation”. Authorities of Lithuania, Latvia, Estonia implementing Russophobic policy, persecute people who positively evaluate Soviet past and modern Russia. Russian authorities many time brought to the attention that some European countries try to rewrite history. All statements about “occupation” are unacceptable and groundless. The Baltic states should not forget about Soviet contribution to the development of social, infrast",estonian_native,fake,euvsdisinfo-native,et_2304
14.06.2021,/report/no-evidence-supports-the-wests-accusations-of-russian-involvement-in-cyber-attacks-and-election-interference,No evidence supports the West’s accusations of Russian involvement in cyber-attacks and election interference,it.sputniknews.com,"Norway,The Netherlands,Russia,Sweden,Estonia,France,Georgia,Germany,Kyrgyzstan,Poland,Ukraine,UK,US,Hungary,Belgium,Denmark,Romania,Switzerland,Austria,Spain",No evidence has ever been provided to support the West’s accusations about Russian involvement in cyber-attacks and election interference. All the accusations made against Russia are unfounded.,"Recurrent pro-Kremlin disinformation narrative denying any involvement of the Russian government in hacker attacks, cyber-crime and election interference. This narrative claims that accusations of Kremlin involvement in cyber-attacks and election meddling are unfounded, are made without providing any evidence, and are motivated by Russophobia. Russian state actors have been proven to be actively involved in cyber-warfare, including malicious cyberattacks and hacking of foreign states and entities. The targets of Russian state-sponsored / -supported cyber-attacks have included: Estonia, France, Georgia, Germany, Kyrgyzstan, Poland, Ukraine, UK, U.S., Hungary, Belgium, Denmark, Romania, Switzerland, Austria, Spain, The World Anti-Doping Agency (WADA), the Organization for the Prohibition of Chemical Weapons (OPCW), and the Davos World Economic Forum. Since 2014 Ukraine has been the target of an unprecedented number of cyber attacks. Ukraine's security services attributed many of these attacks and cyber-espionage activities to Russia. Norway's Police Security Service (PST) also said that hackers linked to the GRU took part in a 2019 cyber-attack on its Parliament. In 2020, cyberattacks linked to Russia have targeted companies researching Covid-19 drugs and vaccines, as well as major US federal agencies and civilian and governmental entities in the 2020 Solar Winds attacks. Regarding the 2016 US presidential election, Russian interference was reported by US intelligence in 2017 and confirmed in 2019 at the end of a Special Counsel Investigation. Regarding the 2020 US presidential election, on 10 March 2021, the Office of the Director of National Intelligence (NIC) released the declassified Intelligence Community assessment of foreign threats to the 2020 U.S. federal elections: the report indicates that Russian state and proxy actors who all serve the Kremlin’s interests attempted to influence U.S. public perceptions with disinformation operations. The UK has provided convincing evidence of Russian interference in the Brexit referendum. Russia also has a track record of meddling in democratic processes, including elections, of other Western countries. Independent research, media investigations and parliamentary inquiries have uncovered evidence linking Russian state actors with interference in various electoral processes, including the 2017 French Presidential elections, the 2017 German Parliamentary elections, the 2016 constitutional referendum in Italy and the Dutch referendum on the EU’s Association Agreement with Ukraine. Electoral interference by Russia has been extensively documented in numerous countries around the world. Read our article on Russian election meddling in EU countries and in the US. See here for further background on Russian interference in various electoral processes in Europe. Read similar cases claiming that accusing Russia of cyber-attacks is purely Russophobic, that Washington's frequent accusations about the Russian interference in the US political processes are all unfounded and that Russian secret services have never been involved in cyber-attacks.",No evidence has ever been provided to support the West’s accusations about Russian involvement in cyber-attacks and election interference. All the accusations made against Russia are unfounded.,estonian_native,fake,euvsdisinfo-native,et_2320
10.06.2021,/report/the-us-is-using-nato-to-conduct-provocations-against-russia,The US is using NATO to conduct provocations against Russia,Geopolitica.ru,"US,Russia,Latvia,Lithuania,Estonia,EU",US is using NATO to conduct a campaign of provocation against Russia on its Western borders.,"Recurring disinformation narrative about NATO, US presence in Europe and encirled Russia.NATO is not an offensive alliance, as implied by the article, but is a defensive alliance in which every country that joins NATO undertakes to uphold its principles and policies. This includes the commitment that ""the Alliance does not seek confrontation and poses no threat to Russia"".Following the illegal annexation of Crimea NATO took measures to reassure its Eastern European allies, and to strengthen its deterrence and defence posture, by implementing the agreements of the Wales Summit in 2014 and established NATO’s enhanced forward presence in Estonia, Latvia, Lithuania and Poland.NATO is not an instrument of the United States, as the article suggests. NATO was founded in 1949 by twelve sovereign nations and it has since grown to 29 Allies. All decisions in NATO are taken by consensus, which means that a decision can only be taken if every single ally accepts it. Read similar cases claiming that the US and the EU are preparing an invasion of Russia, that NATO’s military activities in Eastern Europe aim to confront Russia, and that the USA and NATO will not defend the Baltic states from a Russian attack.",US is using NATO to conduct a campaign of provocation against Russia on its Western borders.,estonian_native,fake,euvsdisinfo-native,et_2344
07.06.2021,/report/nato-is-violating-the-agreements-and-deploying-substantial-combat-forces-in-the-new-member-states,NATO is violating the agreements and deploying Substantial Combat Forces in the new member states,sputnik-abkhazia.ru,"Russia,Latvia,Lithuania,Estonia,Poland",NATO is violating the agreements and deploying 'substantial combat forces' on the territory of countries that have just recently joined the bloc.,"Recurring pro-Kremlin disinformation narrative about NATO and the 1997 NATO-Russia Founding Act. The Founding Act on Mutual Relations, Cooperation and Security between NATO and the Russian Federation signed in 1997 does not prohibit the deployment of NATO troops from other countries on the territory of new NATO members in Eastern and Central Europe. The paragraph begins with the context of the current and foreseeable security environment of the 1990s. This environment has considerably changed and as states the Atlantic council and NATO on this issue, NATO did not violate the fundamental Russia-NATO act. The Alliance prepared a special defence plan for the Baltic states and Poland at their request after Russia annexed Crimea in 2014. The plan was put into action in summer 2020. Earlier, in 2017, the Alliance deployed NATO Enhanced Forward Presence (eFP) forces in the Baltic states and Poland. In Lithuania (as well as in Latvia, Estonia, Poland) eFP is assessed as “the most important of the security assurance”. The Baltic states see membership in NATO as a guarantee of their military security. See similar case alleging that NATO violates the fundamental Russia-NATO agreement.",NATO is violating the agreements and deploying 'substantial combat forces' on the territory of countries that have just recently joined the bloc.,estonian_native,fake,euvsdisinfo-native,et_2377
28.05.2021,/report/nato-is-encircling-russia-by-trying-to-subjugate-ukraine-and-belarus,NATO is encircling Russia by trying to subjugate Ukraine and Belarus,GTRK LNR - YouTube,"US,Ukraine,Belarus,EU,Russia,Latvia,Lithuania,Estonia","In recent years, the globalists have been trying to surround Russia with hotbeds of instability. The officially announced plan is the creation of the Baltic-Black Sea Alliance. The essence of this plan is to isolate Russia from Europe, from the Baltic Sea in the north to the Black Sea in the south, by surrounding it with hostile states. Latvia, Lithuania, and Estonia were admitted to NATO in 2014 and became obedient US satellites. Ukraine has become a staging ground for US troops without any NATO membership. The enemies of Russia would also like to tear off Belarus.","Multiple recurrent pro-Kremlin disinformation narratives alleging the West is encircling Russia and has anti-Russian policies; also claiming that Ukraine and the Baltic states are colonies of the US.There is no anti-Russia campaign. Western governments have reacted to the actions of the Kremlin undermining international stability and security, such as illegal annexation of Crimea, the downing of flight MH17, interference in the US as well as in European electoral processes, poisoning of Sergei Skripal and his daughter in the UK. The Kremlin has also been criticised and sanctioned for specific domestic policies that violate human rights in Russia, such as the poisoning of the opposition politician Alexei Navalny.NATO does not prepare for the war against Russia (or against any other country). NATO is a defensive alliance, whose purpose is to protect its member states. The Alliance announces its military exercises well in advance and they are subject to international observation. NATO strongly supports efforts to build confidence and transparency in military activities and exercises. Ukraine, Latvia, Lithuania, and Estonia are independent states, they are not satellites of other countries and do not serve as staging grounds for NATO's troops against Russia. They became the members of the alliance in 2004. All military cooperation between Ukraine and NATO is based on bilateral agreements ratified by the respective governing bodies. The cooperation rests on respect to Ukraine's sovereignty and independence.See similar disinformation cases in our database: the West pursues an anti-Russian campaign to encircle and destabilise Russia; the memorandum of Ukraine, Moldova, and Georgia is a NATO instrument to create an anti-Russian ""belt""; EU groundlessly accuses Russia of interference in Western elections while pursuing anti-Russian containment policy; NATO exercises is a threat and provocation against Russia. ","In recent years, the globalists have been trying to surround Russia with hotbeds of instability. The officially announced plan is the creation of the Baltic-Black Sea Alliance. The essence of this plan is to isolate Russia from Europe, from the Baltic Sea in the north to the Black Sea in the south, by surrounding it with hostile states. Latvia, Lithuania, and Estonia were admitted to NATO in 2014 and became obedient US satellites. Ukraine has become a staging ground for US troops without any NAT",estonian_native,fake,euvsdisinfo-native,et_2466
25.05.2021,/report/defender-europe-2021-is-a-training-for-offensive-against-russia,Defender Europe 2021 is a training for offensive against Russia,de.rt.com,"Russia,Germany,Ukraine,Estonia,Latvia,Lithuania,Poland","""He who desires peace, prepare for war."" The 1600-year-old advice of Flavius Vegetius is unquestionably worth considering, but [...] ""Defender Europe 2021"" near Ukraine have nothing to do with Western Europe's self-protection based on peace. Viewed without transatlantic propaganda glasses, they are recognisable as the largest NATO attack exercise since the end of the Cold War 30 years ago. The US and its allies, Bundeswehr included, are training for the offensive against Russia.","This is a recurring pro-Kremlin disinformation narrative about NATO, claiming that the alliance is preparing for war against Russia and wants to destabilise the regions around Russia, including Ukraine. NATO does not prepare for the war against Russia (or against any other country). The military exercises “Defender Europe 2021” are “defensive in nature and focused on responding to crisis if necessary”. NATO is a defensive alliance, whose purpose is to protect its member states. The alliance announces its military exercises well in advance and they are subject to international observation. NATO strongly supports efforts to build confidence and transparency in military activities and exercises. Read similar cases alleging that “Defender Europe 2021” exercises are destroying European security or that the NATO Sea Shield 2021 creates conditions for a real destabilisation of the Black sea region and that NATO needs Georgia as a military platform for a conflict potential with Russia.","""He who desires peace, prepare for war."" The 1600-year-old advice of Flavius Vegetius is unquestionably worth considering, but [...] ""Defender Europe 2021"" near Ukraine have nothing to do with Western Europe's self-protection based on peace. Viewed without transatlantic propaganda glasses, they are recognisable as the largest NATO attack exercise since the end of the Cold War 30 years ago. The US and its allies, Bundeswehr included, are training for the offensive against Russia.",estonian_native,fake,euvsdisinfo-native,et_2503
20.05.2021,/report/the-usa-and-nato-will-not-defend-the-baltic-states-from-a-russian-attack,The USA and NATO will not defend the Baltic states from a Russian attack,pl.rubaltic.ru,"US,Russia,Lithuania,Latvia,Estonia","The USA can come with the help [to the Baltic states] only if it lays in its tactical interest in the geopolitical game with Russia. Under certain circumstances, it may be unprofitable for the Americans to raise the question of “Putin's imperial aggression against the Russian neighbours"", so even if Russia attacks, NATO allies will simply ignore the Baltic states.","Recurring pro-Kremlin narrative on NATO and the US military presence in Europe - it claims that the United States will not protect its European allies if it goes against the US national interests. Article 5 of the North Atlantic Treaty is the critical component of the Alliance – it assumes that if a NATO Ally is a victim of an armed attack, every other member of the Alliance will consider this an attack against all members and will take the actions it deems necessary to assist the Ally attacked. In other words, Article 5 is the cornerstone of NATO – it has been invoked only once in history as a response to the terrorist attacks of September 11, 2001. The United States is the founding member of NATO and plays a crucial role in European and transatlantic security – since the end of WWII.NATO has enhanced its forward presence in the eastern part of the Alliance, in a measures and balanced manner, with four multinational battalion-size battlegroups in Estonia, Latvia, Lithuania and Poland, on a rotational basis. These battlegroups, led by the United Kingdom, Canada, Germany and the United States respectively, make clear that an attack on one Ally would be considered an attack on the whole Alliance. Read similar disinformation cases: the US always abandons its allies; US troops will not defend Poland in case of a Russian attack and the USD will fulfil NATO’s Article 5 only if it is required by its national interests.","The USA can come with the help [to the Baltic states] only if it lays in its tactical interest in the geopolitical game with Russia. Under certain circumstances, it may be unprofitable for the Americans to raise the question of “Putin's imperial aggression against the Russian neighbours"", so even if Russia attacks, NATO allies will simply ignore the Baltic states.",estonian_native,fake,euvsdisinfo-native,et_2561
18.05.2021,/report/poland-based-undesirable-russian-ngos-organise-courses-on-mass-riots-and-drug-use,Poland-based “undesirable” Russian NGOs organise courses on mass riots and drug use,pl.sputniknews.com,"Poland,Russia,Czech Republic,Georgia,Ukraine,Latvia,Lithuania,Estonia","The anti-Russian projects are being implemented in Poland. The anti-Russian projects of organisations, which are perceived in Russia as undesirable, are being actively implemented by their “strongholds” in Poland, Czechia, Georgia, Ukraine and the Baltic states. There are numerous facts of various training courses for the Russian citizens aimed at influencing electoral campaigns and organisation of mass riots, illegal political activities (including the involvement of minors), implementation of anti-Russian information campaigns and formation of tolerance to drug use in the society.","Recurrent pro-Kremlin disinformation narrative about the foreign interference in Russian politics through NGOs and human rights organisations.The claims that foreign-based NGOs train the Russian citizens on how to organise mass riots, carry out illegal political activities and “promote the drug use” in Russia are ungrounded. The European Union has repeatedly stated that the Russian law on “foreign agents” and the ensuing fines, inspections and stigmatisation, further tighten the restrictions on the exercise of fundamental freedoms in Russia, consume the scarce resources of NGOs and inhibit independent civil society in the country. The EU has called to abandon the practice of branding Russian NGOs as “foreign agents”, as well as all resulting administrative harassment. One of NGOs being targeted with the ""foreign agent"" law is International Memorial that is ""studying political repressions in the USSR and in present-day Russia and promoting moral and legal rehabilitation of persons subjected to political repressions"". In 2020, the director of the OSCE Office for Democratic Institutions and Human Rights (ODIHR), said: “Pressure on Memorial organisations in Russia has increased in recent years, presenting even more challenges for such organisations to carry out their work. The International Memorial and the Human Rights Centre Memorial are facing fines and are involved in administrative court proceedings over alleged violation of the ‘foreign agents’ law.”The ODIHR called on the Russian authorities “to revisit the law and to ensure a safe and enabling space for civil society organisations, allowing them to continue their important work.” See similar messages about the work of independent NGOs: Washington constantly meddles in Russian politics with NGOs and critics; George Soros destabilised many European countries by funding NGOs and Soros’ NGOs have brought Ukraine to the complete loss of sovereignty.","The anti-Russian projects are being implemented in Poland. The anti-Russian projects of organisations, which are perceived in Russia as undesirable, are being actively implemented by their “strongholds” in Poland, Czechia, Georgia, Ukraine and the Baltic states. There are numerous facts of various training courses for the Russian citizens aimed at influencing electoral campaigns and organisation of mass riots, illegal political activities (including the involvement of minors), implementation of ",estonian_native,fake,euvsdisinfo-native,et_2573
17.05.2021,/report/the-ugly-face-why-democratic-estonia-is-losing-people,"The ugly face: why ""democratic"" Estonia is losing people",sputnik-meedia.ee,"Estonia,USSR","Under the ""terrible oppression of the communists"" 1 million 567 thousand 749 citizens lived in the Estonian Soviet Socialist Republic and their number was growing. By the way, this happened not so much at the expense of newcomers, but because large families were in high esteem.Since independence in 1991 to the present day, the population has decreased to 1 million 338 thousand 68 people.","This claim is incorrect. According to The White Book: Losses Inflicted on the Estonian Nation by Occupation Regimes compiled by the Estonian State Commission on Examination of the Policies of Repression, the ""Repressive measures against the Estonian nation continued during the whole Soviet occupation period, only taking on other forms. One of these forms was the colonisation of the territory of Estonia with the migrant workers for new industrial objects recruited from Russia. When in 1944 Estonians made up 88—90 % of the population, then according to the data of the 1989 census, their percentage had dropped to 61.5 %. In 45 years the number of foreigners had increased to 495,000 via immigration and while the total number of population was 1,566,000, the number of Russian-speaking inhabitants in Estonia was 577,000."" The use of irony (""terrible oppression of the communists"") tries to ridicule the true cost of the soviet occupation of Estonia. It has been estimated that as many as 80,000 Estonians were deported between 1945 and 1953. More than 22 000 of them never came home, because they were murdered or died due to inhuman living conditions in imprisonment or in forced banishment. Most of them are buried in graves without names. As for the claim about being undemocratic, the Freedom in the World Report, World Press Freedom Index or Corruption Perception Index offer a comprehensive overview of the level of democracy in Estonia. See previous examples of disinformation about soviet occupation of Estonia: Soviet occupation is a myth, Estonian teenagers are infected by Russophobic alarmism and a new wave of migration from the Baltic states will follow after the pandemic.","Under the ""terrible oppression of the communists"" 1 million 567 thousand 749 citizens lived in the Estonian Soviet Socialist Republic and their number was growing. By the way, this happened not so much at the expense of newcomers, but because large families were in high esteem.Since independence in 1991 to the present day, the population has decreased to 1 million 338 thousand 68 people.",estonian_native,fake,euvsdisinfo-native,et_2589
17.05.2021,/report/natos-spring-storm-exercise-in-estonia-poses-threat-to-russia,NATO's Spring Storm exercise in Estonia poses threat to Russia,"osnmedia.ru, RIA, novorosinform.org, novorosinform.org, voennoedelo.com","Estonia,Russia","Military maneuvers in Estonia are held as part of the Spring Storm exercise. The members of the NATO bloc are working out the scenario of an attack on Russia. Great Britain and France have transferred helicopters and armored vehicles to the Baltic country, which are used usually in offensive operations.","Recurring pro-Kremlin disinformation narrative about NATO and the military exercises it conducts, claiming that the latter is directed against Russia.NATO is a defensive alliance, whose purpose is to protect its member states. During the Warsaw summit in July 2016, NATO has made it clear that: ""The Alliance does not seek confrontation and poses no threat to Russia"". The annual exercise Spring Storm tests the integration between NATO troops and the Estonian Defence Forces (EDF), strengthening their ability in times of crisis. Spring Storm aims to test the readiness of NATO forces in responding to a fictional crisis. “Spring Storm shows how NATO forces can continue to test their readiness while taking necessary measures to protect their health and those of others. Our forces remain ready, vigilant, and prepared to respond to any threat,” said NATO Spokesperson Oana Lungescu.Overall, 3,200 troops participate in this year's exercise.See similar recent disinformation cases alleging NATO in anti-Russian policy: NATO breaks promises that Estonia will be a passive member of the alliance; NATO's actions are openly anti-Russian; Defender Europe 2021 is anti-Russian exercise; NATO exercises have a clear anti-Russian focus. ","Military maneuvers in Estonia are held as part of the Spring Storm exercise. The members of the NATO bloc are working out the scenario of an attack on Russia. Great Britain and France have transferred helicopters and armored vehicles to the Baltic country, which are used usually in offensive operations.",estonian_native,fake,euvsdisinfo-native,et_2594
17.05.2021,/report/through-spring-storm-exercises-in-estonia-nato-prepares-an-attack-against-russia-and-belarus,"Through “Spring Storm” exercises in Estonia, NATO prepares an attack against Russia and Belarus",es.news-front.info,"Estonia,Russia,Belarus","NATO “Spring Storm” military exercises in Estonia serve to elaborate the scenario of an attack against Russia. Suspicions are reinforced by the fact that UK and France transported to the Baltic country helicopters and armoured vehicles, which are used in offensive operations. Previously, Belarus’ General Staff announced works on the development of military structure in the Baltic countries and Poland. Minsk points that a bridgehead is being created in NATO’s eastern borders for an offensive against Russia and Belarus.","Recurring pro-Kremlin disinformation about NATO, framing it as an aggressive body always plotting against Russia. Contrary to the claim, Spring Storm 2021 is not a preparation for an attack against Russia or Belarus, but a military exercise to test the integration between NATO troops and the Estonian Defence Forces (EDF), strengthening their interoperability and responsiveness. This exercise takes place every year. An article in the Estonian Defence Forces magazine called Sõdur claims that the most common pro-Kremlin defence related narratives are: – NATO is an aggressor – that’s usually used during military exercises deemed provocative by Kremlin; – NATO won’t defend Estonia – when this narrative is published in the Western countries, it is heavily exploited by pro-Kremlin media; – locals are against NATO – citizens are either against NATO troops on the ground or excessive military spending that’s crippling social expenditures; – Estonia lacks credibility – used when the Global Firepower list is published or there is news about armament procurement that’s covered in ironic terms; – Russophobia and hysteria – the pro-Kremlin media claims that the Baltic states sow panic about the Russian threat to receive more allied forces that would keep the Baltic economies hit by Russian sanctions afloat. See other examples in our database, such as claims that the exercises “Defender Europe 2021” is NATO’s preparation for war with Russia and are destroying the European security system, that NATO lost its meaning of existence without the Soviet Union, that NATO is pursuing its own bureaucratic survival through nonexistent threats, that NATO manipulated the coronavirus crisis into a sort of armed conflict, or that the EU is NATO’s white label.","NATO “Spring Storm” military exercises in Estonia serve to elaborate the scenario of an attack against Russia. Suspicions are reinforced by the fact that UK and France transported to the Baltic country helicopters and armoured vehicles, which are used in offensive operations. Previously, Belarus’ General Staff announced works on the development of military structure in the Baltic countries and Poland. Minsk points that a bridgehead is being created in NATO’s eastern borders for an offensive agai",estonian_native,fake,euvsdisinfo-native,et_2602
11.05.2021,/report/russian-threat-is-a-myth,Russian threat is a myth,sputnik-meedia.ee,"Russia,US,Estonia","It is known that the US authorities and their NATO partners see Russia as ""potential adversary"". The alliance has repeatedly stated that the buildup of military power near the Russian borders will help to contain the mythical ""Russian threat"" and will allegedly help to strengthen the entire European security. In Russia, such reasoning is considered absurd, especially since the numerous calls from Moscow to discuss the accumulated security problemswere invariably followed by a refusal from NATO. According to Russian Foreign Minister Sergei Lavrov, the alliance simply justifies the meaning of the bloc's existence after the loss of the ideal enemy in the face of the USSR by fantasizing about the ""Russian threat"". ""Now, just like during the Cold War, the struggle with Russia on all fronts, including information and propaganda, has become the raison d'être of the alliance,"" Lavrov said in an interview with reporters. The minister also stressed that no real threats to security from his country emanate, and NATO's actions only contribute to the emergence of new dividing lines in Europe.","Claims that Russian threat is a myth and Russia does not pose a real security threat is disinformation. The Alliance prepared a special defence plan for the Baltic states and Poland at their request after Russia annexed Crimea in 2014. The plan was put into action in summer 2020. Earlier, in 2017, the Alliance deployed NATO Enhanced Forward Presence (eFP) forces in the Baltic states and Poland. In Lithuania (as well as in Latvia, Estonia, Poland) eFP is assessed as “the most important of the security assurance”. NATO does not seek confrontation with Russia. The Alliance underlined this position in the Brussels Summit Declaration in 2018. This declaration concludes that “Russia’s aggressive actions, including the threat and use of force to attain political goals and challenge the Alliance and undermining Euro-Atlantic security and the rules-based international order”. NATO suspended practical cooperation with Russia in 2014, because of Russia's actions against Ukraine, including the illegal and illegitimate annexation of Crimea. NATO has a dual track approach to Russia: strong deterrence and defence, including through the Enhanced Forward Presence in Poland and the Baltic States, and meaningful dialogue. Learn more about NATO-Russia relations here. See similar cases: NATO strengthen its power near the border with peaceful Russia; NATO use Russian threat to justify its actions; Certain forces have encircled Russia with an explosive geopolitical belt.","It is known that the US authorities and their NATO partners see Russia as ""potential adversary"". The alliance has repeatedly stated that the buildup of military power near the Russian borders will help to contain the mythical ""Russian threat"" and will allegedly help to strengthen the entire European security. In Russia, such reasoning is considered absurd, especially since the numerous calls from Moscow to discuss the accumulated security problemswere invariably followed by a refusal from NATO. ",estonian_native,fake,euvsdisinfo-native,et_2634
09.05.2021,/report/nato-breaks-promises-that-estonia-will-be-a-passive-member-of-the-alliance,NATO breaks promises that Estonia will be a passive member of the Alliance,"lt.sputniknews.ru, RIA","US,Russia,Estonia","The military exercise with US participation in Estonia is a real provocation. When we move troops on our territory, it is considered a threat to all countries, and the fact that they sent their contingent to Estonia is considered the norm. And once they promised that this country would be passive a NATO member, and now it is being turned into an active target for a possible retaliatory strike. With such actions the United States is trying to provoke Russia ""to take some action"" in order to then accuse Moscow of aggression and introduce restrictive measures against it. The Baltic states generally call on NATO countries to cooperate in the defense sphere and take part in joint exercises, guided by the fact that there is supposedly a constant ""threat"" from Russia. At the same time, Moscow has repeatedly stated that it is not going to attack anyone and is interested in a calm situation at the borders. Russian Foreign Minister Sergei Lavrov has already stated that in fact NATO understands perfectly well that Moscow is not going to attack, and is simply using a mythical threat to sell weapons and deploy as much equipment as possible along the Russian borders.","The article uses a classic pro-Kremlin trick: take a kernel of truth (the exercise is indeed happening) and wrap it into disinformation narrative that suit their world view. The main narratives in the article are: the NATO exercise is a provocation;if Russia reacts, Moscow will be accused of aggression; holding such exercises shows that the West has double-standards;it has been promised that Estonia would be a passive NATO member;the Baltics are active in NATO due to the constant ""threat"" from Russia; Moscow has stated it will not attack anyone; Estonia is a target of a possible retaliatory strike by Russia. In the past, pro-Kremlin media has also used ridiculing (Estonia's missiles are a toy), Russophobia (Baltics sow panic) and threatening (Russia has 70 new army bases near the border). As for NATO, it has been portrayed as an aggressor, that is hated by locals, and that won't defend Estonia. In reality, NATO is a defensive alliance, whose purpose is to protect its member states. During the Warsaw summit in July 2016, NATO has made it clear that: ""The Alliance does not seek confrontation and poses no threat to Russia"". The exercises Swift Response is part of the larger exercise Defender Europe 2021. The purpose of exercises is ""to build strategic and operational readiness while enhancing interoperability between the U.S., NATO Allies, and Partner forces in Europe"". The US informed Russia about the exercise in advance. Military attachés, including Russia's, were invited to the part of the exercise taking place in Estonia. Estonia is a full member of NATO, it contributes to the Alliance missions in Afganistan and Iraq. The Alliance never promised that Estonia or any other member country will be “passive”. This narrative reminds other myth that Western countries promised that NATO will not expand eastward. Read also related stories: US and NATO provoke armed conflict in Donbas; NATO’s actions are openly anti-Russian; Russia is moving troops to defend against NATO.","The military exercise with US participation in Estonia is a real provocation. When we move troops on our territory, it is considered a threat to all countries, and the fact that they sent their contingent to Estonia is considered the norm. And once they promised that this country would be passive a NATO member, and now it is being turned into an active target for a possible retaliatory strike. With such actions the United States is trying to provoke Russia ""to take some action"" in order to then ",estonian_native,fake,euvsdisinfo-native,et_2647
08.05.2021,/report/polish-elites-try-to-put-poland-in-the-row-of-the-countries-which-collaborated-with-nazis,Polish elites try to put Poland in the row of the countries which collaborated with Nazis,pl.sputniknews.com,"Poland,Russia,Germany,Ukraine,Latvia,Lithuania,Estonia","The official [Polish] historical policy glorifies those who thought about collaboration with Nazi Germany. Increasingly, we hear fantasies about how we could have captured Moscow together with the Wehrmacht. In this way, contrary to historical facts, the Polish political elites are de facto trying to put Poland in a row with Latvia, Ukraine, Lithuania, Estonia and other countries with dark spots of collaboration with Nazi Germany.","This message is part of the Kremlin’s policy of historical revisionism. It accuses Poland of the “falsification and rewriting” of its history and, sometimes, Poland is presented as a supporter of Nazi Germany. The claim that the Polish authorities allegedly glorify Nazi collaborators or “try to put their country in the row of Nazi collaborators” is a clear historical manipulation.Polish society and the authorities are highly critical of both the German and Soviet totalitarian regimes, which attacked the country in September 1939. There is a special law in Poland prohibiting the propaganda of both Nazi and Communist totalitarian ideologies. The Baltic states and Ukraine were not allies of Nazi Germany during WWII - the Baltic states were occupied both by the USSR and Nazi Germany, facing enormous suffering from these two regimes. According to mainstream Polish historians and the views of the predominant part of Polish society, in 1944-1945, the USSR occupied Poland, establishing the undemocratic and repressive Communist Poland. De facto, Poland appeared under the Soviet military occupation until 1989. Only in 1993 the Russian troops were fully withdrawn from Poland. See other cases promoting the message that Poland has “sympathy” to Nazis: The Polish authorities systematically rewrite history, absolving the Nazis, the Third Reich and Hitler of their sins; Poland rewrites history erasing the names of Polish soldiers, who fought against Nazism and Poland uses Russia as its external enemy, presenting it worse than the German Nazis.","The official [Polish] historical policy glorifies those who thought about collaboration with Nazi Germany. Increasingly, we hear fantasies about how we could have captured Moscow together with the Wehrmacht. In this way, contrary to historical facts, the Polish political elites are de facto trying to put Poland in a row with Latvia, Ukraine, Lithuania, Estonia and other countries with dark spots of collaboration with Nazi Germany.",estonian_native,fake,euvsdisinfo-native,et_2652
07.05.2021,/report/soviet-occupation-is-a-myth-estonias-successes-came-in-ussr,Soviet occupation is a myth; Estonia's successes came in USSR,sputnik-meedia.ee,"Estonia,USSR","The main purpose of all this talk of ""occupation"" is to construct a nationally-forming model of history. ""But the trouble is that any person who is generally interested in this topic, will immediately run into the absolute falsity of this construction. After all, it was under Soviet rule that the dawn of industry, economy, education, medicine and culture was. Estonia is not present in many spheres of life now,"" the expert added. Estonia as a state was founded as a result of the First World War and the Civil War in Russia, so there could be no talk of any achievements: no one, of course, built any luxurious prosperous life, and all the successes of Estonia were already associated with it being a part of the USSR. It is known that the active fanning of the myth of the ""Soviet occupation"" began in Estonia after independence in 1991. According to the official version of Tallinn, both the voluntary annexation of Estonia to the USSR in 1940 and the liberation of its territory from the fascist invaders in 1944 should be considered ""occupation"". We do not accept the very concept of ""Soviet occupation"" through which they are trying to interpret the liberation of European peoples from fascist enslavement in a similar vein.","Recurring pro-Kremlin disinformation narrative about the Baltic States. The Soviet occupation is not a myth.On the 23rd of August, 1939, Soviet Union and Nazi Germany signed a non-aggression (Molotov-Ribbentrop) pact, whose secret protocols divided the territories belonging to Poland, Lithuania, Latvia, Estonia, Finland and Romania into Soviet and Nazi spheres of influence.Shortly after the pact was signed, Poland was invaded by Nazi Germany on 1 September and by Soviets on 17 September in 1939. Within a few weeks, the Soviet Union used threats to impose a series of “mutual assistance” treaties on the Baltic states. These treaties allowed USSR to station troops in their territories, laying the groundwork for the Soviet occupation. In June 1940, the Kremlin conducted a forced annexation of the Baltic states, following Soviet military occupation and the forced installation of “people’s governments”. In other words, Estonia, Latvia and Lithuania, which had been independent between the two world wars, were not incorporated into the Soviet Union in a legal way and with the consent of the elected authorities of these states. After Germany attacked the USSR in June 1941, the Baltic States were occupied by Nazi Germany until 1944 when the region reverted to Soviet control. However, on September 18, acting President-Prime Minister Jüri Uluots appointed Otto Tief`s government into office. The restoration of the governmental organs of the Republic of Estonia during the eventful September of 1944 is important, because it affirmed the juridical continuation of the Republic of Estonia, and it showed that Estonia accepted neither the Soviet occupation nor the 3-year period of German occupation. This also means that contrary to the claims of the pro-Kremlin media, the re-capturing of the Baltic States did not bring freedom, but Soviet repressions and occupation, which lasted for 50 years.It has been estimated that as many as 80,000 Estonians were deported between 1945 and 1953. More than 22 000 of them never came home, because they were murdered or died due to inhuman living conditions in imprisonment or in forced banishment. Most of them are buried in graves without names. The estimated war and occupation deaths are at 90,000 in Estonia, 180,000 in Latvia, and 250,000 in Lithuania. Furthermore, It has been estimated that between 1946 and 1953 deportations and guerrilla deaths reached 95,000 in Estonia, 125,000 in Latvia, and 310,000 in Lithuania. It should be noted that on 24 December 1989, the Parliament of the USSR, the Congress of the People’s Deputies, adopted a resolution, acknowledging the annexation of the Baltic states as a violation of the USSR's obligations. An English translation of the full text can be found here: The Congress notes that during this period the relations of the USSR with Latvia, Lithuania and Estonia were regulated by a system of treaties. Pursuant to the 1920 Peace Treaties and 1926-1933 Non-Aggression Treaties, the signatories were obliged to honour each other’s sovereignty, territorial integrity and inviolability under any circumstances. The Soviet Union had assumed similar obligations to Poland and Finland.See similar disinformation narratives on this issue - The Baltic states benefited from the Molotov-Ribbentrop Pact; The Baltic states are perpetuating the myth of the Soviet occupation and The Baltic states refuse to celebrate the victory over fascism. The claim about economy and the living standard in Estonia is similar to disinformation narratives about socio-economic degradation in the Baltic States as opposed to their alleged well-being under the USSR. Suffice to say, Estonia’s GDP per capita in 1993 was 5749 dollars, while in 2019 it had increased to 38,811 dollars.","The main purpose of all this talk of ""occupation"" is to construct a nationally-forming model of history. ""But the trouble is that any person who is generally interested in this topic, will immediately run into the absolute falsity of this construction. After all, it was under Soviet rule that the dawn of industry, economy, education, medicine and culture was. Estonia is not present in many spheres of life now,"" the expert added. Estonia as a state was founded as a result of the First World War a",estonian_native,fake,euvsdisinfo-native,et_2659
05.05.2021,/report/freedom-of-speech-has-been-seriously-abused-in-the-baltics,Freedom of speech has been seriously abused in the Baltics,"hu.news-front.info, russian.rt.com","Latvia,Lithuania,Estonia",The situation of freedom of speech has been vehemently deteriorating in the Baltic states which is unacceptable in today's world. ,"The claim above is part of a recurring pro-Kremlin disinformation narrative suggesting that Western countries are persecuting Russian media outlets / journalists and silencing pro-Kremlin opinions.The claim above, which is not backed up by substantial evidence, is associated with Latvia's recent decision to block the broadcasting rights of RT, the flagship broadcaster of pro-Kremlin narratives. RT (former Russia Today) is notorious for spreading disinformation, particularly related to claims about the EU and the situation in Ukraine.Regarding the claims about the Baltic states, in the latest, 2021 edition of the World Press Freedom Index published by Reporters Without Borders, Estonia is ranked 15th worldwide, followed by Latvia in 22nd place and Lithuania in 28th place. For comparison: Russia is ranked 150th of the 180 countries that are evaluated as part of the annual report.The Baltic countries have been repeatedly targeted by pro-Kremlin media outlets. See disinformation cases about Estonia, Lithuania and Latvia here. ",The situation of freedom of speech has been vehemently deteriorating in the Baltic states which is unacceptable in today's world. ,estonian_native,fake,euvsdisinfo-native,et_2686
03.05.2021,/report/poland-wants-to-re-establish-its-own-empire,Poland wants to re-establish its own empire,baltnews.lt,"Poland,Lithuania,Latvia,Estonia,Ukraine","Leaders of Poland, Lithuania, Ukraine, Latvia and Estonia will attend the celebration of the 230th anniversary of the Constitution of 3 May 1791. Territories of all of these countries - fully or partly - belonged to Polish-Lithuanian Commonwealth. This celebration is a celebration of empire, which never happened. Also, it is an attempt to create a block (new empire) of the states of Central and Eastern Europe by the initiative of Poland. It is strange that the mentioned countries are following Poland in this political performance (because all these countries have their own historical phantoms which not coincide with Polish).","Recurring narrative presenting Poland as the state which has imperial ambitions. The celebration of the historical event evaluated as a modern geopolitical projection. The 230th anniversary of the Constitution of 3 May 1791 is especially important for Poland and Lithuania. This document is considered by the two countries as the first written constitution in Europe. It is also part of common European historical heritage. The Constitution reflects enlightenment influences, which gave primacy to reason, law and freedom, as well as religious tolerance. The celebration also is a reason for political dialogue between independent countries. As was announced, all heads of states, participating in the celebration, “will sign a joint declaration and discuss the relationship between the law and the well-being of the people”. Lithuania and Poland, as well as Latvia and Estonia, are part of the European Union. Ukraine is part of the Eastern Partnership programme of the EU. The meeting of the heads of these states during the celebration in Warsaw create conditions for equal dialogue (not a creation of the “block” or new “empire”). See other examples of disinformation, accusing Warsaw of using the Polish minority in Belarus to serve geopolitical games of Washington, or that present-day Polish foreign policy is reminiscent of 1930’s Polish anti-Soviet action, or that Poland is spreading historical propaganda.","Leaders of Poland, Lithuania, Ukraine, Latvia and Estonia will attend the celebration of the 230th anniversary of the Constitution of 3 May 1791. Territories of all of these countries - fully or partly - belonged to Polish-Lithuanian Commonwealth. This celebration is a celebration of empire, which never happened. Also, it is an attempt to create a block (new empire) of the states of Central and Eastern Europe by the initiative of Poland. It is strange that the mentioned countries are following P",estonian_native,fake,euvsdisinfo-native,et_2706
03.05.2021,/report/western-countries-are-persecuting-russian-media,Western countries are persecuting Russian media,"sputniknews.lt, lt.sputniknews.ru","Russia,Lithuania,Latvia,Estonia,Germany,France","Russia will seek the reaction of OSCE to facts of oppression of Russian media in the Western countries. Russian Ministry of Foreign Affairs many times brought to the attention examples of violation of the principles of democratic society in these countries. Such Russian media as RT, Sputnik, RIA-Novosti, and Baltnews are facing oppression in some OSCE countries, including Latvia, Lithuania, Estonia, France, and Germany.","A recurring pro-Kremlin disinformation narrative about discrimination against Russian media in the West. In the “2021 World Press Freedom index” (by Reporters Without Borders) Germany is on 13th place, Estonia is on 15th place, Latvia on 22nd place, Lithuania on 28th place, and France is on 34th place. This illustrate a free environment.For comparison: Russia holds in this ranking 150th position (between 180 countries). In the “Freedom in the World” ranking (by Freedom House) Estonia, Latvia, Lithuania, Germany and France were evaluated as free countries. Russia belongs to the group of non-free countries. The mentioned outlets RT, Sputnik, RIA-Novosti, Baltnews are well-known channels for the spread of Kremlin-backed disinformation; several directly financed from the Russian Federation state budget. Many cases of disinformation published in these media outlets are debunked in the EU vs DISINFO database. See similar cases claiming that the Baltic states continue the persecution of Russian publications and Russian-speaking journalists; or that Ukraine and Baltics use restrictions against Russian media for the achievement of geopolitical goals against Russia; or that Poland started another wave of Russophobic political persecution on the Russian journalists; or that the campaign to combat the Russian media in the Baltics is part of the West’s large geopolitical strategy.","Russia will seek the reaction of OSCE to facts of oppression of Russian media in the Western countries. Russian Ministry of Foreign Affairs many times brought to the attention examples of violation of the principles of democratic society in these countries. Such Russian media as RT, Sputnik, RIA-Novosti, and Baltnews are facing oppression in some OSCE countries, including Latvia, Lithuania, Estonia, France, and Germany.",estonian_native,fake,euvsdisinfo-native,et_2707
22.04.2021,/report/estonians-no-longer-want-to-be-in-the-eu,Estonians no longer want to be in the EU,geworld.ge,"Estonia,EU","Estonians no longer want to be in the EU. Estonia has started collecting signatures for a petition calling for a referendum on the country leaving the EU. The initiator is the Conservative People's Party of Estonia (EKRE). The results of the 2003 referendum on Estonia's accession to the European Union should be annulled, because, at that time, less than half of the country's citizens supported Estonia's integration into the EU and, therefore, a new referendum must be held now. In this referendum, people must decide whether Estonia should continue to be in the EU or restore its sovereignty to such a state as of 1 May 2004. Because of the EU membership, Estonian people have limited right to make decisions independently.","The article discusses a proposal created in the The Citizen Initiative Portal rahvaalgatus.ee. The portal enables everyone to write proposals, hold discussions, compose and send digitally signed collective addresses to the Estonian Parliament.The appeal in question has received 1656 signatures and has been sent to the Parliament to process it. Given this very low number, at this point there are no plans to have a referendum in Estonia on this matter.According to the latest Eurobarometer survey, 64% respondents in Estonia say they trust the EU, surpassed only by Portugal (78%), Ireland (74%) and Lithuania (70%). Moreover, 89% respondents in Estonia are in favour of “a European economic and monetary union with one single currency, the euro”. On 14 September 2003, Estonia voted in a referendum to join the EU with a decisive 67% of voters backing the membership and with 33% saying no. Turnout was high with 63% of the 850,000 eligible voters going to polling stations, which was taken to signify a stronger yes vote. According to the Estonian Referendum Act adopted in 2002, the decision of the people in the referendum shall be reached by a majority of those who participate in the voting. The same principle applies in other countries. Accordingly, the request for the annulment of the 2003 referendum lacks a legal basis. The claims about limited sovereignty are also used by pro-Kremlin outlets to claim how Estonia is a subordinate to the EU. Sovereignty and respect for other countries' independent rights are at the core of Western liberal democracy. There is no evidence that the EU is depriving Estonia of its sovereignty. Estonia is a fully-fledged member of the EU and NATO, where it has the same rights as any other member state.","Estonians no longer want to be in the EU. Estonia has started collecting signatures for a petition calling for a referendum on the country leaving the EU. The initiator is the Conservative People's Party of Estonia (EKRE). The results of the 2003 referendum on Estonia's accession to the European Union should be annulled, because, at that time, less than half of the country's citizens supported Estonia's integration into the EU and, therefore, a new referendum must be held now. In this referendum",estonian_native,fake,euvsdisinfo-native,et_2801
15.04.2021,/report/lithuania-is-spending-less-than-2-per-cent-of-gdp-on-defence,Lithuania is spending less than 2 per cent of GDP on defence,sputniknews.lt,"Lithuania,Latvia,Estonia",Lithuania falls behind Latvia and Estonia by correlation of defence spending and gross domestic product (GDP). It spends less than 2 per cent of GDP (as recommended by NATO guidelines) on defence.,"Disinformation about Lithuania. Statistics from Lithuania's Ministry of Defence show that Lithuania's expenditure on defence is more than 2 per cent of its GDP. Lithuanian military spending reached NATO guideline standards in 2019.NATO's data also shows that Lithuania is one of the countries which spends more than 2 per cent of GDP on defence. See other examples of disinformation about Lithuania, in particular, its military and defence spending: Lithuania is buying unnecessary weapons to feed the American military industry; Lithuania is not an independent state and does not have an army; Lithuania is a hostage of American interests in Eastern Europe.",Lithuania falls behind Latvia and Estonia by correlation of defence spending and gross domestic product (GDP). It spends less than 2 per cent of GDP (as recommended by NATO guidelines) on defence.,estonian_native,fake,euvsdisinfo-native,et_2889
04.04.2021,/report/baltic-states-membership-in-nato-resulted-in-degradation-of-national-security,Baltic states' membership in NATO resulted in degradation of national security,"sputniknews.lt, lt.sputniknews.ru","Baltic states,Lithuania,Latvia,Estonia,Russia","If in 2004 Lithuania, Latvia and Estonia were secure, today they are almost on the front line. The result of membership of the Baltic states in NATO is a visible degradation of their security. Today all efforts of the Baltic states are focused on preparation for war [against Russia]. Russia is not a threat [for the Baltic states], but Moscow is adequately answering to the provocative growth of NATO’s activities near Russia’s border. The Baltic states are territory for exercises of foreign armies, comfort bridgehead for blitzkrieg to East, small coin in the big geopolitical game.","Recurring pro-Kremlin disinformation narrative, portraying NATO as an aggressor and presenting the Baltic states as the puppets of the Alliance. The claim also repeats another recurring pro-Kremlin disinformation narrative about NATO encircling Russia. NATO does not seek confrontation with Russia. The Alliance underlined this position in the Brussels Summit Declaration in 2018. This declaration concludes that “Russia’s aggressive actions, including the threat and use of force to attain political goals and challenge the Alliance and undermining Euro-Atlantic security and the rules-based international order”. The Alliance prepared a special defence plan for the Baltic states and Poland at their request after Russia annexed Crimea in 2014. The plan was put into action in summer 2020. Earlier, in 2017, the Alliance deployed NATO Enhanced Forward Presence (eFP) forces in the Baltic states and Poland. In Lithuania (as well as in Latvia, Estonia, Poland) eFP is assessed as “the most important of the security assurance”. The Baltic states see membership in NATO as a guarantee of their military security. For example, in Lithuania 77 per cent of the population have a favourable opinion about NATO (data from February 2020). See similar cases: NATO strengthen its power near the border with peaceful Russia; NATO use Russian threat to justify its actions; Certain forces have encircled Russia with an explosive geopolitical belt.","If in 2004 Lithuania, Latvia and Estonia were secure, today they are almost on the front line. The result of membership of the Baltic states in NATO is a visible degradation of their security. Today all efforts of the Baltic states are focused on preparation for war [against Russia]. Russia is not a threat [for the Baltic states], but Moscow is adequately answering to the provocative growth of NATO’s activities near Russia’s border. The Baltic states are territory for exercises of foreign armies",estonian_native,fake,euvsdisinfo-native,et_3016
31.03.2021,/report/the-baltic-states-continue-the-persecution-of-russian-publications-and-russian-speaking-journalists,The Baltic States continue the persecution of Russian publications and Russian-speaking journalists,"sputnik-abkhazia.ru, uz.sputniknews.ru, lv.sputniknews.ru, RIA","Baltic states,Estonia,Latvia,Russia,US,Lithuania","The Baltic states continue their attack on Russian-language journalism. The persecution of Russian publications and Russian-speaking journalists in the Baltics has a purely political motive. Its goal is to fight the forces that are perceived by the Baltic authorities as a threat to national security. At the same time, it is unfair to exclusively denounce the Baltic authorities. In the end, their activities completely fit into the most fashionable and current trends in the West. The global media purge of dissent has become a common trend there, especially in the US, and the traditions of free speech are quickly forgotten. However, this will not fundamentally solve the problem. You will not be able to completely suppress and silence inconvenient and ""wrong"" opinions, when behind them is a significant part of society, millions of people.","Recurring pro-Kremlin disinformation message about the Baltic States, portraying governments in the Baltics as hostile towards the Russian media. The pro-Kremlin media regularly accuses the political elites of the Baltic States of Russophobia and the implementation of anti-Russian policies. In the “Freedom of the press 2020” ranking (by Reporters Without Borders) Estonia is on 14th place, Latvia on 22nd place, Lithuania on 28th place. The region is not monolithic. Estonia belongs to the group of states where the situation is evaluated as “good”, the situation in Latvia and Lithuania is “fairly good”. Russia holds in this ranking 149th position, the situation of media freedom in the country described as “bad”. In the “Freedom in the World” ranking (by Freedom House) Estonia, Latvia and Lithuania were evaluated as free countries. Russia belongs to the group of non-free countries. See similar cases claiming that the Baltic states continuously obstruct the work of the Russian media; that Russian media are being discriminated in Baltic states; that There are clear violations of the principles of freedom of speech in Estonia; that Suppression of media freedom is norm in the Baltic states; that the Baltic states are persecuting the Russian media; that The persecution of the Russian media in Latvia is a punitive action of Russophobic nature; and that the prosecution of Baltnews and Sputnik Latvia is merely Russophobia. As for the claim on the pressure on Russian media in Western countries and limited freedom of speech, read a further debunk here.","The Baltic states continue their attack on Russian-language journalism. The persecution of Russian publications and Russian-speaking journalists in the Baltics has a purely political motive. Its goal is to fight the forces that are perceived by the Baltic authorities as a threat to national security. At the same time, it is unfair to exclusively denounce the Baltic authorities. In the end, their activities completely fit into the most fashionable and current trends in the West. The global media ",estonian_native,fake,euvsdisinfo-native,et_3044
16.03.2021,/report/poland-and-the-baltic-states-make-it-difficult-for-the-eu-to-have-good-relations-with-russia,Poland and the Baltic states make it difficult for the EU to have good relations with Russia,pl.sputniknews.com,"Poland,Russia,EU,Lithuania,Latvia,Estonia","The recent decision of Poland to extend the travel ban for Leonid Sviridov without giving any reasons undermines the sense of the common European security policy.Such countries as Poland, Lithuania, Latvia and Estonia misuse security regulations, trying to create an impression that Russia wants to seize the “European paradise”. Thus, the Baltic states and Poland make it difficult for the entire European Union to maintain relatively good relations with Russia. Repressions against journalists is a hit below the belt – unfortunately, Poland took the first step in this sphere.The Polish special services, the “Red Guards” of Polish Russophobia, try to prove their claim about the “journalist cover” used by Russian spies, but their words sound tragically unbelievable.","Recurring pro-Kremlin disinformation narrative about Russophobic Poland and the Baltic states. The pro-Kremlin media regularly accuse the political elites of these countries of Russophobia and the implementation of anti-Russian policies.On 15 March 2021, the Polish authorities decided to prolong the travel ban for Leonid Sviridov (a Russian journalist working in Poland before 2014). The Polish special services decided to expel Sviridov to Russia in December 2015 because he was suspected of espionage in favour of the Russian special services (his case has been reviewed since October 2014). The claim that Poland and the Baltic states misuse the European security regulations and prevent good relations between Russia and the EU is also unfounded. Until the outbreak of the crisis in Ukraine in 2014, the EU and Russia had been building a strategic partnership. However, in recent years, the issue of the shared neighbourhood has become a major point of friction. Since 2016, the EU’s approach to Russia is guided by five principles reaffirmed, most recently, by EU Foreign Ministers in October 2020 and by Josep Borrell in March 2021.See other examples of similar messages claiming that Polish media promote the idea that the Russians are not people, but the “agents of the Kremlin”, The Baltic states are persecuting the Russian media and Anti-Russian attacks of Poland and the Baltic states remind of Volksdeutsch mentality.","The recent decision of Poland to extend the travel ban for Leonid Sviridov without giving any reasons undermines the sense of the common European security policy.Such countries as Poland, Lithuania, Latvia and Estonia misuse security regulations, trying to create an impression that Russia wants to seize the “European paradise”. Thus, the Baltic states and Poland make it difficult for the entire European Union to maintain relatively good relations with Russia. Repressions against journalists is a",estonian_native,fake,euvsdisinfo-native,et_3195
11.03.2021,/report/the-uk-uses-an-anti-russian-rhetoric-as-a-cover-it-aims-at-weakening-the-eu,"The UK uses an anti-Russian rhetoric as a cover, it aims at weakening the EU",Rubaltic.ru,"UK,Lithuania,Latvia,Estonia,Germany,France,Russia","UK Foreign Secretary Dominic Raab recently visited the Baltic states and expressed his support to them in the face of the Russian threat. In fact, London uses an anti-Russian rhetoric as a cover-up in its foreign policy doctrine known as “Global Britain”. It wants to use the Baltic states and Ukraine as expendables to weaken the EU and, in particular, the German-French alliance.","Disinformation aimed to discredit UK foreign policy and portray it as insidious and anti-EU as well as to question solidarity between the UK and EU member states. Global Britain is a foreign policy concept used by UK officials. The September 2019 article, authored by UK Foreign Secretary Dominic Raab, reads: ""But Global Britain is about more than Brexit or even free trade, important though they are. Under Boris Johnson, we intend to reinforce Britain’s role in the world as a good global citizen – and the UN is a great place to start"". Allegations about UK malign intentions towards the Baltic states and Ukraine in order to weaken the EU as part of the Global Britain concept are groundless.The UK does stand with the Baltic states in tackling Russia's malign activity in the Baltic region. Ahead of the visit to Estonia and Norway on 10-11 March 2021, UK Foreign Secretary Dominic Raab said:""The security threat posed by Russia is felt most keenly by its neighbours. The UK is committed to standing with our close friends in the Nordic and Baltic regions, both militarily as well as in tackling Russia’s disinformation and destabilising regional activity."" Read earlier disinformation cases alleging that that the global elites prepare a big coup d'etat - ""The Great Reset,"" that London-based headquarters organise colour regolutions in Russia, the US, and elsewhere, and that the UK and the West fund an information war against Russia.","UK Foreign Secretary Dominic Raab recently visited the Baltic states and expressed his support to them in the face of the Russian threat. In fact, London uses an anti-Russian rhetoric as a cover-up in its foreign policy doctrine known as “Global Britain”. It wants to use the Baltic states and Ukraine as expendables to weaken the EU and, in particular, the German-French alliance.",estonian_native,fake,euvsdisinfo-native,et_3256
07.03.2021,/report/teenagers-in-estonia-are-infected-by-russophobic-alarmism,Teenagers in Estonia are infected by Russophobic alarmism,"russian.rt.com, sputniknews.lt","Estonia,Russia",More and more teenagers in Estonia are ready to defend their country. This is showing that Russophobia in Estonia is widespread. Official Tallinn permanently scares citizens by “threat from East”. The myth about “threat from East” is the idee fix of the Estonian government. The biggest part of society is infected by Russophobic alarmism.,"A recurrent pro-Kremlin disinformation narrative claiming that Estonia is Russophobic. The starting point of the disinformation narrative was data from the Public Opinion and National Defence Survey, which was published by the Ministry of Defence of the Republic of Estonia. The Survey showed that readiness among young people of upper secondary school age to participate in defence activities has increased to 63 per cent, while a year ago it was only 54 per cent. The Survey just showed the readiness of Estonia's people to defend their country. Russia was not mentioned in the Survey or in the presentation of its results. See more cases claiming that Estonia and other Baltic states are Russophobic: Russophobic Baltic NATO-states responsible for turning defensive NATO-alliance into a confrontation with Russia; Russophobia is the basic ideology of politicians in the Baltic states; A political party in Estonia wants to liquidate the Russian community.",More and more teenagers in Estonia are ready to defend their country. This is showing that Russophobia in Estonia is widespread. Official Tallinn permanently scares citizens by “threat from East”. The myth about “threat from East” is the idee fix of the Estonian government. The biggest part of society is infected by Russophobic alarmism.,estonian_native,fake,euvsdisinfo-native,et_3293
02.03.2021,/report/the-estonian-foreign-intelligence-service-has-become-a-russophobic-propaganda-machine,The Estonian Foreign Intelligence Service has become a Russophobic propaganda machine,"Geopolitica.ru, Geopolitica.ru, Geopolitica.ru, Geopolitica.ru","Russia,Estonia",The Estonian Foreign Intelligence Service has become a Russophobic propaganda machine. Its latest 2021 security report is propaganda and psychological warfare aimed at portraying Russia and its foreign policy in a negative light.,"The geopolitica.ru article repeats pro-Kremlin disinformation narrative attempting to depict Western accusations of aggressive Russian behavior as baseless and driven solely by ""Russophobia"". This narrative is often targeting the Baltic States and Poland. See a recent EUvsDisinfo insight. The claim that Estonian Foreign Intelligence Service (EFIS) is a “Russophobic propaganda machine” is incorrect. The main function of EFIS (Välisluureamet) is to collect, analyse and report on Estonia's external security threats. The annual report International Security and Estonia 2021 prepared by EFIS covers, among other topics, the Russian hybrid threats to democracy and security in Estonia and the Baltic States because the recent history of Estonia does include hybrid and cyber attacks.The report by EFIS also highlights pro-Kremlin disinformation campaigns that target NATO and attempt to undermine relations between Estonia and the European Union . The report also analyses Russian disinformation campaign about Western vaccines against COVID-19 (page 5), Russia's continuing aggression against Ukraine (page 16), and the psychological warfare targeted against Western countries conducted by Russian intelligence services (page 61).The 2021 International Security and Estonia report is part of a broader framework of activities to protect Estonia’s national security.Read similar cases claiming that Western criticism of Russia is due to Russophobia, that Russophobia is the basic ideology of politicians in the Baltic states, and that Russophobic Baltic NATO-States are responsible for turning defensive NATO-alliance into confrontation with Russia.",The Estonian Foreign Intelligence Service has become a Russophobic propaganda machine. Its latest 2021 security report is propaganda and psychological warfare aimed at portraying Russia and its foreign policy in a negative light.,estonian_native,fake,euvsdisinfo-native,et_3343
01.03.2021,/report/russophobic-baltic-nato-states-responsible-for-turning-defensive-nato-alliance-into-confrontation-with-russia,Russophobic Baltic NATO-States responsible for turning defensive NATO-alliance into confrontation with Russia,"de.rt.com, RT English","Estonia,Latvia,Lithuania,Russia,US","The question here is not about capability, but rather intent. The reconfiguration of the Russian Army away from brigade-sized formations designed to fight smaller conflicts, to the rebirth of Soviet-era formations such as the 1st Guards Tank Army and the 20th Combined Arms Army occurred not because Russia seeks the domination of Europe by military means, but was rather necessitated by the eastward expansion of NATO to incorporate nations such as Poland and the Baltic States with hard-wired animosity toward Russia. The Russophobic postures of these new NATO members have resulted in the transformation of the trans-Atlantic alliance from a defensive posture to one where the armed forces of several European nations, along with the US, are deployed along the Russian border, with the sole mission of confronting the Russian military.","This article transmits recurring pro-Kremlin disinformation narratives about NATO's aggressive plans towards Russia and the vassal Baltic states. It portrays NATO as a threatening and conflict-creating alliance. This message can be found in earlier disinformation cases alleging that the U.S. will easily betray the Baltic states and hand them over to Russia, and that the US wants Russia to buy the Baltic states. The Baltic states' membership of NATO involves a defensive alliance and one which does not pose a threat to Russia. Its purpose is to protect its member states. Every country that joins NATO undertakes to uphold its principles and policies, and this includes the commitment that: as reaffirmed at the Brussels Summit. For more information about NATO-Russia relations and disinformation narratives about NATO, see here and here. NATO's enhanced presence in the Baltic Sea region was at the request of the Baltic states. Following Russia's aggressive actions against Ukraine, Lithuania, Latvia, and Estonia requested a greater NATO presence in the region. A 2016 Gallup poll found that most people in Allied countries in the Baltic region associate NATO with the protection of their country. When it comes to NATO's decisions, they are made by consensus, after discussion and consultation among member countries. Individual NATO member states have overseas bases on the basis of bilateral agreements and the principle of consent of the host-nation, in contrast with Russian bases on the territory of Moldova (Transnistria), Ukraine (the Autonomous Republic of Crimea) and Georgia (the regions of Abkhazia and South Ossetia). See earlier disinformation cases alleging that the US is occupying the EU and the Baltic countries nearly lost their statehood, that the US plans to turn the Baltic states into an empty field and arena for Drang nach Osten against Russia, that Lithuania is temporarily a NATO-occupied territory ruled by non-Lithuanians, that NATO buried Latvia’s and Lithuania’s independence, and that the Baltic States and Ukraine belong to the ’Russian world’. ""the Alliance does not seek confrontation and poses no threat to Russia,""","The question here is not about capability, but rather intent. The reconfiguration of the Russian Army away from brigade-sized formations designed to fight smaller conflicts, to the rebirth of Soviet-era formations such as the 1st Guards Tank Army and the 20th Combined Arms Army occurred not because Russia seeks the domination of Europe by military means, but was rather necessitated by the eastward expansion of NATO to incorporate nations such as Poland and the Baltic States with hard-wired animo",estonian_native,fake,euvsdisinfo-native,et_3344
21.02.2021,/report/people-of-baltic-states-will-become-foot-soldiers-and-cannon-fodder-of-nato,People of the Baltic states will become foot soldiers and cannon fodder of NATO,sputniknews.lt,"Lithuania,Estonia,Russia,Latvia","The non-motivated military activities of NATO near the border of Russia in the Baltic sea are showing the destructive role of the alliance in East European countries. Growing military activities in the “Eastern flank” or “Eastern front” are provoking Russia’s response. The main problems of Vilnius, Riga and Tallinn today (and in the future) are the aggressive agenda of NATO and the perspective of becoming cannon fodder. West is using controlled territories of Lithuania, Latvia and Estonia as a bridgehead for aggression (against Russia). The independent military and political role of the Baltic state is not visible. The fate of authorities and people of Latvia, Lithuania, Estonia is to become foot soldiers in the game of elder NATO’s partners.","Recurring pro-Kremlin disinformation narrative, portraying NATO as an aggressor and presenting Baltic states as the puppets of an alliance. NATO suspended practical cooperation with Russia in 2014, because of Russia's actions against Ukraine, including the illegal and illegitimate annexation of Crimea. NATO has a dual-track approach to Russia: strong deterrence and defence, including through the Enhanced Forward Presence in Poland and the Baltic States, and meaningful dialogue. Learn more about NATO-Russia relations here. The statement about Baltic states as “bridgehead for aggression” against Russia is false. NATO does not seek confrontation with Russia. The Alliance indicated this position in the Brussels Summit Declaration in 2018. The Baltic states became full members of NATO in March 2004. In Lithuania, Latvia and Estonia, alliance membership is seen as the ground of the security of the region. For example, society in Lithuania has a strongly favourable opinion of NATO. See other examples of pro-Kremlin disinformation presenting NATO as an aggressive alliance and Baltic states as an outpost against Russia: Baltic states are turned into large military training ground; NATO strengthens its power near the border with peaceful Russia; NATO uses “Russian threat” to justify its actions.","The non-motivated military activities of NATO near the border of Russia in the Baltic sea are showing the destructive role of the alliance in East European countries. Growing military activities in the “Eastern flank” or “Eastern front” are provoking Russia’s response. The main problems of Vilnius, Riga and Tallinn today (and in the future) are the aggressive agenda of NATO and the perspective of becoming cannon fodder. West is using controlled territories of Lithuania, Latvia and Estonia as a b",estonian_native,fake,euvsdisinfo-native,et_3424
06.02.2021,/report/the-west-treats-the-baltic-states-as-a-foothold-for-anti-russian-war,The West treats the Baltic States as a foothold for anti-Russian war,sputnik.by,"Denmark,Germany,US,Lithuania,Estonia,Russia,Latvia","NATO battalions pose a permanent threat to the civilian populations of Latvia, Lithuania, and Estonia. Drunk foreigners in camouflage often commit hooliganism and denigrate local residents. NATO military drills disrupt transport communications and quiet life. NATO membership of the Baltic states is useless at best. It resulted in exploitation by foreign countries and dissolution of national armies. In particular, two Lithuanian military brigades are subordinated to German and Danish military units. Russia does not pose a threat to the Baltic states. On the contrary, the Baltic states periodically come up with territorial claims to Russia. They can exploit the topic of the “Russian threat” for decades and get money from their senior partners for that. However, in the case of hypothetical armed conflict in the Baltic sea region, NATO allies will not be able to guarantee the existence of the Baltic states. The expansionist and ill-conceived plans of the Pentagon and NATO threaten the Baltic states more than a mythical “Russian intervention.” The West cynically controls the Baltic states in their capacity of the foothold of war against Russia.","This article transmits recurring pro-Kremlin disinformation narratives about NATO's aggressive plans towards Russia and the vassal Baltic states. It portrays NATO as a threatening and conflict-creating alliance which harms the Baltic states. This message can be found in earlier disinformation cases alleging that the U.S. will easily betray the Baltic states and hand them over to Russia, and that the US wants Russia to buy the Baltic states. The Baltic states do not have territorial claims to Russia as alleged, and NATO is a defensive alliance and does not pose a threat to Russia. Its purpose is to protect its member states. Every country that joins NATO undertakes to uphold its principles and policies, and this includes the commitment that: as reaffirmed at the Brussels Summit. For more information about NATO-Russia relations and disinformation narratives about NATO, see here and here. NATO's increased presence in the Baltic Sea region has been a request of the Baltic states. Following Russia's aggressive actions against Ukraine, Lithuania, Latvia, and Estonia requested a greater NATO presence in the region. A 2016 Gallup poll found that most people in Allied countries in the Baltic region associate NATO with the protection of their country. When it comes to NATO's decisions, they are made by consensus, after discussion and consultation among member countries. Individual NATO member states have overseas bases on the basis of bilateral agreements and the principle of consent of the host-nation, in contrast with Russian bases on the territory of Moldova (Transnistria), Ukraine (the Autonomous Republic of Crimea) and Georgia (the regions of Abkhazia and South Ossetia). See earlier disinformation cases alleging that the US is occupying the EU and the Baltic countries nearly lost their statehood, that the US plans to turn the Baltic states into an empty field and arena for Drang nach Osten against Russia, that Lithuania is temporarily NATO-occupied territory ruled by non-Lithuanians, that NATO buried Latvia’s and Lithuania’s independence, and that the Baltic States and Ukraine belong to the ’Russian world’. ""the Alliance does not seek confrontation and poses no threat to Russia,""","NATO battalions pose a permanent threat to the civilian populations of Latvia, Lithuania, and Estonia. Drunk foreigners in camouflage often commit hooliganism and denigrate local residents. NATO military drills disrupt transport communications and quiet life. NATO membership of the Baltic states is useless at best. It resulted in exploitation by foreign countries and dissolution of national armies. In particular, two Lithuanian military brigades are subordinated to German and Danish military uni",estonian_native,fake,euvsdisinfo-native,et_3579
25.01.2021,/report/the-era-of-liberal-democracy-and-freedom-of-speech-is-over-corporations-and-states-unified-in-promotion-of-censorship,The era of liberal democracy and freedom of speech is over – corporations and states are unified in promotion of censorship,pl.sputniknews.com,"EU,Poland,Estonia,Russia,Latvia","Sometimes, corporate censorship is not sufficient and the state law-enforcement agencies are called for help. In these situations, the removal of someone from the public debate has not a virtual, but a physical character. A number of Russian journalists were expelled from some countries without any actual reason (Leonid Sviridov working in Poland; Russian correspondents working in Latvia and Estonia). In such situations, the omnipotent state institutions assist the all-powerful corporations. Many years after the collapse of undemocratic regimes in Europe, new authoritarianism emerges in this part of the world. Today, we appear in the grip of two censorship forces – on the one hand, it is big private capital; on the other hand, the state administration. There are no serious discrepancies between these forces as they share a method of management based on fear: initially, fear of terrorism (Islamophobia) and Russia (Russophobia); recently, fear and anxiety caused by the pandemic. Thus, the era of liberal democracy and the freedom of speech is over – today, people criticising the system can be deleted virtually and with time, they can be physically eliminated.","Recurring pro-Kremlin narrative claiming that the West imposes censorship through its state institutions and private social media (such as Facebook and Twitter). The claim about the emergence of a new authoritarian regime in Europe based on censorship imposed by the state administration and social networks is disinformation. The European Union as a whole is committed to respecting the freedom and pluralism of the media as well as the right to freedom of expression - which includes the right to receive and impart information without interference by public authorities. This commitment is enshrined in Article 11 of the EU's Charter of Fundamental Rights. According to Reporters Without Borders, the freest countries in the world in terms of press freedom are predominantly the United States, Canada and European countries, including Norway, Finland, Denmark, Sweden, Netherlands, Switzerland, Portugal, Germany, Belgium, etc. Russia takes 149th place out of 180 countries, as of the 2020 World Press Freedom Index. This message also promotes the Kremlin narrative about the unfair persecution against Russian journalists in Poland, Latvia and Estonia. In the Baltic states, Sputnik and RT are being accused of spreading disinformation, violating copyrights and acting as a propaganda instrument. In the case of Leonid Sviridov, the Polish special services started to investigate his activities in 2014 because he was suspected of espionage in favour of the Russian special services. Read similar disinformation messages about the Freedom of Speech in Western countries - The West cannot cope with freedom of opinion and imposes censorship; The freedom of speech is purged from western media outlets, Americans and Europeans do not have freedom of speech anymore and CIA-influenced Facebook introduces the mechanism of preventive censorship of Sputnik.","Sometimes, corporate censorship is not sufficient and the state law-enforcement agencies are called for help. In these situations, the removal of someone from the public debate has not a virtual, but a physical character. A number of Russian journalists were expelled from some countries without any actual reason (Leonid Sviridov working in Poland; Russian correspondents working in Latvia and Estonia). In such situations, the omnipotent state institutions assist the all-powerful corporations. Man",estonian_native,fake,euvsdisinfo-native,et_3706
13.01.2021,/report/lithuania-and-estonia-violate-freedom-of-speech,Lithuania and Estonia violate freedom of speech,"iz.ru, RIA","Lithuania,Estonia,Russia,Latvia",Lithuania and Estonia do not respect the freedom of speech by restricting the broadcasting of Russian media and Russian journalists.,"This is a recurring pro-Kremlin disinformation message against the Baltic States accusing them of violating freedom of speech. Estonia ranks 14th in the World Press Freedom Index, 2020. And Lithuania ranks 28th. Russia currently ranks 149th out of 180 countries. The activities of Sputnik and Baltnews in Lithuania are in the focus of the State Security Department of the country. The public report “National Threats Assessment 2018”, prepared by the State Security Department of the Republic of Lithuania and Second Investigation Department under the Ministry of National Defence, states: The Sputnik agency in Estonia has been forced to move out of its office in Tallinn because of its inability to pay rent due to sanctions. In October 2019, Estonia-based branches of the foreign banks that operated the accounts of Rossiya Segodnya, the mother company of Sputnik, froze all its transfers, while other banks in Estonia refused to operate with the firm. This is the result of the sanctions imposed by the European Union on Dmitry Kiselyov, the director-general of Rossiya Segodnya, following the outbreak of the Ukraine crisis. See similar cases of disinformation: Russian media are being discriminated in Baltic states; There are clear violations of the principles of freedom of speech in Estonia; Suppression of media freedom is the norm in the Baltic states. “Russian information policy in Lithuania is conducted through the Russia-funded internet portals sputniknews.lt and baltnews.lt. Their goal is to extend Russia’s influence within Lithuania’s information space, promote anti-western sentiments, and shape public opinion favourable to Kremlin”.",Lithuania and Estonia do not respect the freedom of speech by restricting the broadcasting of Russian media and Russian journalists.,estonian_native,fake,euvsdisinfo-native,et_3864
06.01.2021,/report/it-will-be-a-new-wave-of-migration-from-the-baltic-states-after-pandemic-because-lithuania-latvia-estonia-have-any-money-and-willingness-to-support-business,A new wave of migration from the Baltic states will follow after the pandemic,sputniknews.lt,"Lithuania,Estonia,Baltic states,Latvia","When pandemic will be over and EU borders will be open, in the Baltic States will be the same situation as 2008-2009 when hundreds of thousands of people left Latvia, Lithuania and Estonia. These states lost 1/10 people of working age in a span of a few months. Now, there have been no special measures to support the small and medium-size business. The Baltic states have nor money, nor willingness to do it.","Recurring pro-Kremlin disinformation narrative about abandoned and disappearing Baltic States. The challenge of economical migration is topical for the Baltic states but in this message it hyperbolized. The migration temporarily increased after the 2008-2009 economic crisis, but it was not so dramatically huge. The statistical figures about migration in the Baltic states could be found in the book “The Politics of Economic Sustainability: Baltic and Visegrad Responses to the European Economic Crisis” (2014, edited by Karlis Bukovskis). The data shows that in Lithuania emigration increased from 2009 (in 2008 - 26.800, in 2009 - 40.400, in 2010 - 83.200) and began to decrease in 2011. In Estonian case, “in the 2007-2012 period the average net migration from Estonia was 7,000 people per year, which means there has been a loss of 0.75% of the population every year”. In Latvia emigration increased from 2009 (in 2008 - 27.000, in 2009 - 38.000, in 2010 - 39.000) and began to decrease in 2011 quite similarly as in Lithuania. The Baltic states support the small and medium-size business. I.e., in December 2020 Lithuanian government confirmed new €150 billion subsidies for businesses in the context of Covid-19 pandemic. For the Baltic states, European measures to mitigate the effects of the pandemic are also important. In summer of 2020, EU leaders agreed on a €750 billion recovery effort, ""Next Generation EU"", to help the EU tackle the crisis caused by the pandemic. See other examples of disinformation about ""weakness"" of the economics of the Baltic states in the message that The Baltic countries live mainly at the expense of the EU budget.","When pandemic will be over and EU borders will be open, in the Baltic States will be the same situation as 2008-2009 when hundreds of thousands of people left Latvia, Lithuania and Estonia. These states lost 1/10 people of working age in a span of a few months. Now, there have been no special measures to support the small and medium-size business. The Baltic states have nor money, nor willingness to do it.",estonian_native,fake,euvsdisinfo-native,et_3915
24.12.2020,/report/russophobia-is-the-basic-ideology-of-politicians-in-the-baltic-states,Russophobia is the basic ideology of politicians in the Baltic states,sputniknews.lt,"Lithuania,Estonia,Baltic states,Russia,Latvia","The elites of the Baltic States are doing everything to damage good neighbourly relations with Russia. <…> The common feature of politicians of Lithuania and other Baltic states is defamation about Russia, while Russia is not taking any negative actions against Lithuania, Latvia, Estonia. Russophobia is the basic ideology of politicians in the Baltic states and the grounds of their political existence. The anti-Russian position is the only thing politicians from the Baltic states could offer to the outside world and their electorate.","A recurrent pro-Kremlin disinformation narrative claiming that the Baltic states are Russophobic. The accusation of Russophobia from the political elites of Lithuania, Latvia, Estonia is baseless. The Baltic states have security concerns, linked to cases of Russian aggression against neighbouring countries, namely the illegal annexation of Crimea and war in Ukraine. In 2018 NATO summit declaration also stated that: See similar cases of disinformation: Latvia is blinded by Russophobia; The Baltic states have nothing to offer to Europe, except fear; Russophobia is the main export of Lithuania. ""Russia’s aggressive actions, including the threat and use of force to attain political goals, challenge the Alliance and are undermining Euro-Atlantic security and the rules-based international order.""","The elites of the Baltic States are doing everything to damage good neighbourly relations with Russia. <…> The common feature of politicians of Lithuania and other Baltic states is defamation about Russia, while Russia is not taking any negative actions against Lithuania, Latvia, Estonia. Russophobia is the basic ideology of politicians in the Baltic states and the grounds of their political existence. The anti-Russian position is the only thing politicians from the Baltic states could offer to ",estonian_native,fake,euvsdisinfo-native,et_3986
08.12.2020,/report/violation-of-freedom-of-speech-in-central-and-eastern-europe-supervised-by-the-us,Violation of freedom of speech in Central and Eastern Europe supervised by the US,baltnews.lt,"Romania,Poland,US,Lithuania,Estonia,Latvia","The authoritarian practices in the Baltic states and Poland become more and more obvious. No one is trying to pretend anymore that freedom of speech should be respected. The repressions against the journalists in Latvia should not come as a surprise. It is not the first case of gross violation of freedom of speech in Central and Eastern Europe, particularly against the background of discussions about the rule of law in the EU. Many believe that there is a group of countries of Central Europe which are under a strong influence of Washington and follow its political agenda. This block includes Estonia, Latvia, Lithuania, Poland and Romania. The political influence of the US leads to an active role of American secret services in these countries. American curators influence local authorities to clear the information sphere from all alternative sources of information. Due to the geopolitical situation, the biggest part of these alternative sources of information is Russian media.","This article repeats two recurring pro-Kremlin disinformation narratives: one about the oppression of the freedom of speech in Central and Eastern Europe and another about the US presence in Europe. The statement that the Baltic states and Poland manifest “authoritarian practices” in the area of freedom of speech is a manipulative one, especially in comparison with the situation in Russia. In the “Freedom of the press 2020” ranking (by Reporters Without Borders) Estonia is on 14th place, Latvia on 22nd place, Lithuania on 28th place, Romania on 48th place, Poland on 62nd place out of 180 countries. The region is not monolithic. Estonia belongs to the group of states where the situation is evaluated as “good”, the situation in Latvia and Lithuania is “fairly good”, Poland and Romania belong to “problematic” group of countries. Russia holds in this ranking 149th position, the situation of media freedom in the country described as “bad”. In the “Freedom in the World” ranking (by Freedom House) Estonia, Latvia, Lithuania, Poland and Romania were evaluated as free countries. Russia belongs to the group of not free countries. The narrative about the influence of the US in countries of Central and Eastern Europe is also recurring in pro-Kremlin disinformation. It portrays European countries as puppets or vassals of Washington. The Baltic states and Poland are most often presented as the US puppets (see examples here, here and here), but not only these countries. I.e., disinformation could portray Germany as a vassal of Washington too. See similar examples of disinformation: Lithuania has transformed into a totalitarian society, where any alternative opinion is rejected; Russian media are being discriminated in Baltic states; US political uncertainty temporarily gives the Baltic states a larger degree of sovereignty; New American president will use Poland for the destabilisation of the post-Soviet countries.","The authoritarian practices in the Baltic states and Poland become more and more obvious. No one is trying to pretend anymore that freedom of speech should be respected. The repressions against the journalists in Latvia should not come as a surprise. It is not the first case of gross violation of freedom of speech in Central and Eastern Europe, particularly against the background of discussions about the rule of law in the EU. Many believe that there is a group of countries of Central Europe whi",estonian_native,fake,euvsdisinfo-native,et_4106
29.11.2020,/report/the-energetical-synchronization-with-europe-is-too-expensive-for-the-baltic-states,Too expensive for the Baltic States to synchronise their energy grids with Europe,lt.sputniknews.ru,"EU,Lithuania,Estonia,Baltic states,Latvia","Lithuania, Latvia, Estonia together with Russia and Belarus are part of the BRELL energy ring. The Baltic States want to disconnect from this ring and synchronise their grids with the rest of Europe through Poland by 2025. Lithuania explains that want to leave BRELL to be “energetically independent from Russia” but experts say that the process of disconnecting from BRELL will be too expensive for the Baltic States, the price of electricity for users will grow.","The case is part of the Kremlin's disinformation campaign about European energy policy. The BRELL energy ring is a Moscow-controlled grid. It is a potential threat for the Baltic States because Russia continuously uses energy politics as a foreign policy instrument. The synchronisation of the Baltic States' energy systems with Europe is part of broader European integration. The European Union financially supports this project. The synchronisation of Lithuania, Latvia, Estonia with the Continental European Network (CEN) was evaluated as the most techno-economically cost-effective one. The process of synchronisation is a cornerstone and one of the most emblematic projects of the Energy Union, a concrete expression of European solidarity in energy security. See more cases concerning energy issues including that the LNG terminal is too expensive for Lithuania, Lithuania dooms itself to energy destitution, The concept of “energy security” has turned into an anti-Russian project.","Lithuania, Latvia, Estonia together with Russia and Belarus are part of the BRELL energy ring. The Baltic States want to disconnect from this ring and synchronise their grids with the rest of Europe through Poland by 2025. Lithuania explains that want to leave BRELL to be “energetically independent from Russia” but experts say that the process of disconnecting from BRELL will be too expensive for the Baltic States, the price of electricity for users will grow.",estonian_native,fake,euvsdisinfo-native,et_4210
23.11.2020,/report/rail-baltica-is-building-for-purposes-of-nato,Rail Baltica is built for the purposes of NATO,lt.sputniknews.ru,"EU,Lithuania,Estonia,Baltic states,Latvia","The Rail Baltica railroad is built in the Baltic States for purposes of North-Atlantic alliance. Without NATO, the purpose of this project is absolutely not clear.","A recurring pro-Kremlin disinformation narrative targetting NATO's presence in the Baltic states. The Rail Baltica is a project of the European Union (not NATO). It is part of EU's North Sea-Baltic TEN-T corridor. The Rail Baltica is financed by the EU as well as by Lithuania, Latvia, and Estonia. It envisages a continuous rail link from Tallinn (Estonia) to Warsaw (Poland), going via Riga (Latvia) and Kaunas (Lithuania). The Baltic route should be completed by 2025; the link to Warsaw by 2030. Rail Baltica will be an important catalyst of continued economic development of the Baltic States, ensuring speedy transportation of passengers and cargo. At the same time, Rail Baltica will play a role in improving military mobility in the region. However it is a civil, not a military project, and it is misleading to portray it as serving primarily NATO needs. See similar narratives about Rail Baltica: “Rail Baltica” is a measure to build up military infrastructure in the Baltic States, The Rail Baltica Project is West’s preparation for war with Russia in 2026.","The Rail Baltica railroad is built in the Baltic States for purposes of North-Atlantic alliance. Without NATO, the purpose of this project is absolutely not clear.",estonian_native,fake,euvsdisinfo-native,et_4293
16.11.2020,/report/estonias-e-voting-can-be-hacked,Estonia's e-voting can be hacked,Baltnews Estonia,Estonia,"Back in 2013, during the security audit of the electronic voting system, a high level vulnerability was discovered. This means that the system can be hacked and, as a result, the election results can be falsified.","The article refers to a report from 2013 and its author. The report claimed the e-voting system included lax and inconsistent operational security, insufficient transparency measures for proving an honest count, and a software design that was vulnerable to attack from foreign powers. However, according to the Estonian Electoral Committee representative, they have had no cooperation or contact with the group in question. Moreover, “The timing is suspicious for us, with it being announced right before the election process begins. We are really happy with constructive criticism, but there is nothing that we see in the report that we already did not know and have been addressing."" E-voting is a secure digital process that has been studied a number of times over the last 15 years. There have also been attempts to break it both consciously (when testing the security of the system) and with slightly more malicious intent. There is no record of a single verified incident of anyone having succeeded in changing, erasing or adding an electronic vote in a way not in accordance with the Elections Act and other public rules. The pro-Kremlin media has also falsely claimed that e-votes are not secret and benefit right-wing parties.","Back in 2013, during the security audit of the electronic voting system, a high level vulnerability was discovered. This means that the system can be hacked and, as a result, the election results can be falsified.",estonian_native,fake,euvsdisinfo-native,et_4364
15.11.2020,/report/the-baltic-countries-had-well-developed-economy-during-the-soviet-era,The Baltic countries had well-developed economy during the Soviet era,journal-neo.org,"Lithuania,Estonia,Ukraine,Latvia","The Baltic countries, influenced by Russophobic propaganda initiated in the West, are increasing their defense budgets and regularly procuring weapons and military equipment from NATO partners (mainly from the United States and Britain). Thirty years ago – before making the abrupt transition to the camp of “Russia’s adversaries” – the Baltic countries (as well as Ukraine) had a well-developed economy, largely oriented towards Russia, while now they have been virtually destroyed. Incidentally, just like withdrawing from NATO, making the transition to the category of neutral countries would free up the budgetary funds that are so necessary for these countries today, and that they now spend on weapons to counter the so-called “threat from Russia”, which continues to be just the fruit yielded by Russophobic propaganda by the United States and Great Britain.","Recurring pro-Kremlin disinformation consistent with disinformation narratives about socio-economic degradation in the Baltic States as opposed to their alleged well-being under the USSR. Estonia’s GDP per capita in 1993 was 5749 dollars, while in 2019 it had increased to 38,811 dollars. The economic situation of all three Baltic states is rather positive, as demonstrated by the economic growth indicators in the EU. The dynamics within the last years can be seen here. These trends have been supported by the World Economic Forum data. By claiming that 30 years ago Baltic countries had a well-developed economy oriented towards Russia, the author knowingly ignores the human price of turning the Baltic economies from the West to East. The Soviet repressions and occupation lasted for 50 years and the estimated war and occupation deaths are at 90,000 in Estonia, 180,000 in Latvia, and 250,000 in Lithuania. Furthermore, it has been estimated that between 1946 and 1953 deportations and violent deaths reached 95,000 in Estonia, 125,000 in Latvia, and 310,000 in Lithuania. NATO’s concern about Russia’s security challenges to the alliance is genuine and not a pretext for stationing more NATO military resources near Russia’s borders. Ever since the 2014 Ukraine crisis, NATO and Western governments have been genuinely concerned about Russia’s increasingly aggressive foreign and military policies and about the challenges posed by Russia to Transatlantic security. Moreover, in the past six years European governments and security services have been increasingly concerned about Russian hostile influence activities aimed at weakening the EU and NATO, fermenting divisions in societies and discrediting and destabilising liberal democracies. Such activities – often described as “hybrid threats” – include cyber-attacks, disinformation campaigns, interference in political processes, energy pressures, intelligence operations, the strategic use of corruption and the deployment of unmarked military personnel.","The Baltic countries, influenced by Russophobic propaganda initiated in the West, are increasing their defense budgets and regularly procuring weapons and military equipment from NATO partners (mainly from the United States and Britain). Thirty years ago – before making the abrupt transition to the camp of “Russia’s adversaries” – the Baltic countries (as well as Ukraine) had a well-developed economy, largely oriented towards Russia, while now they have been virtually destroyed. Incidentally, ju",estonian_native,fake,euvsdisinfo-native,et_4372
09.11.2020,/report/estonia-should-not-interfere-in-affairs-of-other-countries,Estonia should not interfere in affairs of other countries,Baltnews Estonia,Estonia,"It is obvious that for Estonia, as a state, it would be much more useful to adhere to a more moderate line, without interfering in the affairs of other countries [as in the case of poisoning Alexei Navalny], since this brings nothing but problems for its inhabitants. But since it is difficult to call Estonia’s foreign policy independent, one can only hope that the excessive zeal of local politicians will not become too destructive.","The misleading narrative claims 1) that Estonia is interfering in the internal affairs of other counrties, 2) that sanctioning Russia for poisoning Alexei Navalny “brings nothing but problems” and 3) questions Estonia’s foreign policy independency. The EUvsDisinfo database features numerous examples where Western countries are accused in interfering, for example the United States is allegedly interfering in Belarus, and Polish special services intervened in Ukraine. However, according to the pro-Kremlin media, the opposite is claimed to be true for Russia, as it never meddles in internal affairs of other countries. In reality, the interference of Russia in internal affairs for example of ex-soviet countries is a long tradition that sometimes even ended in frozen armed conflicts. The question of who is independent and who is under the control of whom is a recurring topic. According to pro-Kremlin media, Russia is independent, but most of the other countries are not. Examples include: Ukrainian government is under the control of US (although Ukraine, Armenia and Azerbaijan have never been independent anyway), and Washington also controls Poland and Lithuania.","It is obvious that for Estonia, as a state, it would be much more useful to adhere to a more moderate line, without interfering in the affairs of other countries [as in the case of poisoning Alexei Navalny], since this brings nothing but problems for its inhabitants. But since it is difficult to call Estonia’s foreign policy independent, one can only hope that the excessive zeal of local politicians will not become too destructive.",estonian_native,fake,euvsdisinfo-native,et_4431
13.10.2020,/report/the-west-deprived-ukraine-and-baltic-states-of-their-sovereignty-and-made-them-anti-russian-tools,The West deprived Ukraine and Baltic states of their sovereignty,Vesti FM - YouTube,"EU,US,Lithuania,Estonia,Baltic states,Ukraine,Russia,Latvia","The West uses the topic of sovereignty precisely in order to deprive others of it, just as this happened with the Baltic states, or Ukraine: once out of the USSR, they surrendered their sovereignty. The plan has never been to give them sovereignty but to use them as an anti-Russian tool for the destruction of Russia.","Conspiracy theory with no evidence given. This disinformation message advances pro-Kremlin narratives undermining the statehood of Ukraine and sovereignty of the Baltic states casting them as abandoned by their Western partners. Sovereignty and respect for other countries' independent rights are at the core of Western liberal democracy. There is no evidence that the West is depriving Ukraine or the Baltic states of their sovereignty or that they are tools against Russia. The Baltic states - Estonia, Latvia, and Lithuania - are fully-fledged members of the EU and NATO, where they have the same rights as any other member state. They are sovereign, independent, and democratic countries. Ukraine is an independent country. Its sovereignty and territorial integrity are respected by almost all countries. Ukraine is a priority partner for the EU and a strategic partner for the US. Ukraine also develops its relations with NATO. The EU, the US, and other Western partners support the democratic development of Ukraine in accordance with the UN Charter’s principles of non-interference into internal affairs and respect towards territorial integrity and political independence. See similar disinformation cases alleging that the West have disposed of Ukraine like trash, that the three seas initiative is an American project against the EU, that Ukraine surrenders its sovereignty to get loans from the EU, or that Ukraine is occupied by the Americans.","The West uses the topic of sovereignty precisely in order to deprive others of it, just as this happened with the Baltic states, or Ukraine: once out of the USSR, they surrendered their sovereignty. The plan has never been to give them sovereignty but to use them as an anti-Russian tool for the destruction of Russia.",estonian_native,fake,euvsdisinfo-native,et_4686
07.10.2020,/report/latvia-and-estonia-backed-an-attempted-putsch-in-belarus,Latvia and Estonia backed an attempted putsch in Belarus,de.news-front.info,"Belarus,Estonia,Latvia",The ambassadors of Latvia and Estonia were recalled from Minsk after the Baltic countries had backed an attempted putsch in Belarus.,"A recurring pro-Kremlin narrative about Western attempts to organise a coup or colour revolution in Belarus. The protests in Belarus erupted to contest the results of the presidential election on the 9th of August, which were not monitored by independent experts, and are largely considered fraudulent by both international observers and a big part of the Belarusian society. On 19 August 2020 the European Council called Belarusian elections neither free nor fair. Mobilisations were organised and carried out by local actors, opposition politicians and Belarusian citizens, without any foreign involvement. In October 2020, the EU-Council imposed sanctions against 40 individuals identified as responsible for repression and intimidation against peaceful demonstrators, opposition members and journalists in the wake of the 2020 presidential election in Belarus, as well as for misconduct of the electoral process. See the full text and the Council conclusions (page 10). Read earlier disinformation cases alleging that Poland is preparing Euromaidan scenario for Belarus, that Belarus will turn anti-Russian in case it does not deepen integration with Russia, that the West's only interest in Belarus is to make it anti-Russian, and that the US plans to turn Belarus into its colony, a coup and foreign military invasion may happen.",The ambassadors of Latvia and Estonia were recalled from Minsk after the Baltic countries had backed an attempted putsch in Belarus.,estonian_native,fake,euvsdisinfo-native,et_4729
01.10.2020,/report/sweden-has-lied-about-estonia-being-sunk-by-a-russian-submarine,"For 25 years, Sweden has lied about ""Estonia"" being sunk by a Russian submarine",tsargrad.tv,"Sweden,Estonia","Over 800 people died when an Estonian ferry sunk in 1994. Traditionally, Russia has been blamed for the incident, as a Russian submarine allegedly would have caused it. New facts, presented recently, show that Sweden for all these years have lied to the face of the Estonian authorities. This was written in the Swedish daily Expressen.","A unfounded claim. The daily Expressen comments on a recent documentary, suggesting a hole is found in the hull of the ship. A theory of a Russian submarine, causing the disaster is not found in the article and has never been seriously considered in Sweden. The official investigation concluded that the ship sunk as a result of technical malfunction of the bow visor in heavy weather. The final report can be found here. The governments of Sweden, Finland and Estonia have agreed to study the claims from the documentary and decide whether a new investigation should be conducted.","Over 800 people died when an Estonian ferry sunk in 1994. Traditionally, Russia has been blamed for the incident, as a Russian submarine allegedly would have caused it. New facts, presented recently, show that Sweden for all these years have lied to the face of the Estonian authorities. This was written in the Swedish daily Expressen.",estonian_native,fake,euvsdisinfo-native,et_4770
28.09.2020,/report/soviet-occupation-is-a-myth,Soviet occupation is a myth,Baltnews Estonia,"Estonia,Baltic states","The main reason for the myth of the “Soviet occupation” is the policy of apartheid and de-Russification. They just want to find an excuse for discrimination against the Russian-speaking minority. As long as NATO is in the Baltics, we will constantly hear about the “Soviet occupation”, the policy of apartheid will continue, and the country’s leaders will continue their anti-Russian rhetoric.","Recurring pro-Kremlin disinformation narrative about the Baltic States. The Soviet occupation is not a myth. On the 23rd of August, 1939, Soviet Union and Nazi Germany signed a non-aggression (Molotov-Ribbentrop) pact, whose secret protocols divided the territories belonging to Poland, Lithuania, Latvia, Estonia, Finland and Romania into Soviet and Nazi spheres of influence. The secrets behind the the Molotov-Ribbentrop pact led to World War II and all its consequences. Shortly after the pact was signed, Poland was invaded by Nazi Germany on 1 September and by Soviets on 17 September in 1939, followed by the Soviet aggression against Finland, and in June 1940 - occupation of the Baltic States and part of Romania. After Germany attacked the USSR in June 1941, the Baltic States were occupied by Nazi Germany until 1944 when the region reverted to Soviet control. Contrary to the claims of the pro-Kremlin media, the re-capturing of the Baltic States did not bring freedom, but Soviet repressions and occupation, which lasted for 50 years. The estimated war and occupation deaths are at 90,000 in Estonia, 180,000 in Latvia, and 250,000 in Lithuania. Furthermore, It has been estimated that between 1946 and 1953 deportations and guerrilla deaths reached 95,000 in Estonia, 125,000 in Latvia, and 310,000 in Lithuania. As for apartheid, it's a recurring pro-Kremlin propaganda narrative about discrimination of the Russian-speaking minority and ubiquitous Russophobia in the Baltic states and beyond. For background, read our analysis The “Russophobia” Myth: Appealing to the Lowest Feelings and look at earlier disinformation cases alleging that Russophobia is the main activity of the Latvian state and that Lithuania is NATO's dog barking at Belarus and Russia. See earlier disinformation cases alleging that Latvia instigates linguistic genocide against Russian-speaking citizens, that genocide against ethnic Russians / Russian-speaking population in Anglo-Saxon-ruled Latvia is possible, that Lithuania is temporarily NATO-occupied territory ruled by non-Lithuanians, and that Baltic states' policies are similar to Third Reich's.","The main reason for the myth of the “Soviet occupation” is the policy of apartheid and de-Russification. They just want to find an excuse for discrimination against the Russian-speaking minority. As long as NATO is in the Baltics, we will constantly hear about the “Soviet occupation”, the policy of apartheid will continue, and the country’s leaders will continue their anti-Russian rhetoric.",estonian_native,fake,euvsdisinfo-native,et_4791
21.09.2020,/report/estonia-renewed-attacks-on-russian-language,Estonia again on the way to war against Russian language,news-front.info,"Estonia,Russia","The Estonian Reform Party has presented in Parliament a bill on the complete elimination of Russian-language education in schools and kindergartens. Estonia is purposefully and consistently being built in a way in which, contrary to the constitution and ratified international conventions, the interests and rights of national minorities are ignored. The situation is getting worse every year. ","The Kremlin and the pro-Kremlin media have for a long time used disinformation narratives that portray Baltic states as dictatorial regimes practicing discrimination against Russian minorities and forcing Russians to speak local languages. The draft bill in question has not been approved by the Estonian parliament. At the moment, in Estonia, students traditionally learn at least two foreign languages in school. According to the national curricula, students of Estonian-medium schools can learn English, French, German or Russian as the first (A) foreign language. The majority of students study English as their first foreign language. Students of Russian-medium schools study Estonian as their first foreign language (Estonian as the second language). It should be noted that according to the The Estonian Human Development Report ""demographic developments together with the school choices of Russian families reduced both the number of Russian schools in Estonia as well as the share of students attending Russian schools."" See earlier disinformation cases alleging that Latvia instigates linguistic genocide against Russian-speaking citizens, that genocide against ethnic Russians / Russian-speaking population in Anglo-Saxon-ruled Latvia is possible, that Lithuania is temporarily NATO-occupied territory ruled by non-Lithuanians, and that Baltic states' policies are similar to Third Reich's.","The Estonian Reform Party has presented in Parliament a bill on the complete elimination of Russian-language education in schools and kindergartens. Estonia is purposefully and consistently being built in a way in which, contrary to the constitution and ratified international conventions, the interests and rights of national minorities are ignored. The situation is getting worse every year. ",estonian_native,fake,euvsdisinfo-native,et_4853
04.09.2020,/report/nazi-ideology-is-on-the-rise-again-in-a-number-of-osce-participating-states,Nazi ideology is on the rise again in a number of OSCE participating states,russian.rt.com,"Lithuania,Estonia,Ukraine,Russia,Latvia","The propaganda of Nazi ideas and values ​​is openly carried out, national radicals are raising their heads, attempts to split society along ethnic and linguistic lines are intensifying in a number of OSCE participating states. So, in Estonia, gatherings of admirers of the Estonian servicemen of the 20th Waffen-SS division are held. In Riga, every year on March 16, marches of SS legionnaires and their young radical supporters are held. Similar processions are organized in Lithuania. The Ukrainian government also funds “military-patriotic” camps for young people under the auspices of ultra-right groups. In addition, there are over 900 different “hate groups” operating in the United States. It is also significant that Ukraine and the United States are the only states that annually vote against UN General Assembly resolution condemning the glorification of Nazism.","Recurring pro-Kremlin narrative attempting to link the Baltic countries and Ukraine with Nazism, Fascism, and anti-Semitism. The accusation of Nazism is a popular propaganda technique used by pro-Kremlin outlets. Read more: Nazi east, Nazi west, Nazi over the cuckoo's nest. The UN General Assembly resolution condemning the glorification of Nazism was presented by the Russian Federation and was opposed by the delegations of the US and Ukraine because of its attempts to legitimatize Russian Federation disinformation narratives. ""The United States has voted against each new version of this draft resolution since 2005 to protect against unacceptable restrictions on freedom of expression"", according to the transcript of the meeting. The representative of Ukraine said that Ukraine condemned all forms of Nazism and neo-Nazism, racism, xenophobia and related intolerance. However, the draft resolution has nothing in common with the fight against Nazism; the penholder attempts to monopolize the victory over the Nazis in pursuit of political interests. See similar disinformation cases such as Europe is becoming Nazi again, Baltic states openly glorify Nazism, Poles are stoking nationalist sentiment in Ukraine in order to annex Lviv and the EU continues aggressive policies of Nazi Germany.","The propaganda of Nazi ideas and values ​​is openly carried out, national radicals are raising their heads, attempts to split society along ethnic and linguistic lines are intensifying in a number of OSCE participating states. So, in Estonia, gatherings of admirers of the Estonian servicemen of the 20th Waffen-SS division are held. In Riga, every year on March 16, marches of SS legionnaires and their young radical supporters are held. Similar processions are organized in Lithuania. The Ukrainian",estonian_native,fake,euvsdisinfo-native,et_5003
01.09.2020,/report/military-excercises-in-estonia-are-provocative-and-threaten-regional-stability,Military excercises in Estonia are provocative and threaten regional stability,"Kommersant, iz.ru, RT Online - Facebook, lt.sputniknews.ru, Interfax Militarynews, 47news.ru, tass.ru, RIA, gazeta.ru, inforos.ru, narpolit.com, 39rus.org, aif.ru, rg.ru, rostov.tsargrad.tv, rossaprimavera.ru, 360tv.ru, Baltijas Balss.lv, politinformburo.ru, rodina.ru, riafan.ru, ustinka.kz, nevainfo.ruShow more","US,Estonia",The Russian Federation has repeatedly offered to the United States and its allies to limit training activities and to divert exercise areas from the line of contact between Russia and NATO. We consider the actions of the US Armed Forces in Estonia provocative and extremely dangerous for regional stability.,"This is a recurring pro-Kremlin disinformation narrative about NATO allegedly pursuing a belligerent and hostile agenda against Russia. Every nation has the right to conduct exercises, but it is important that they are conducted transparently and in line with international obligations. NATO is a defensive alliance, whose purpose is to protect its member states. During the Warsaw summit in July 2016, NATO has made it clear that ""The Alliance does not seek confrontation and poses no threat to Russia"". NATO's exercises and military deployments in the Baltic states are not directed against Russia – or any other country. NATO has reached out to Russia consistently, transparently and publicly over the past 29 years. The claim that NATO is encircling Russia is one of the myths about NATO. Russia's land border is just over 20,000 kilometres long. Of that, less than one-sixteenth (1,215 kilometres), is shared with NATO members. Russia has land borders with 14 countries. Only five of them are NATO members. Russia has military bases or soldiers in three of the EU's Eastern neighbourhood countries, Georgia, Moldova, and Ukraine, without the consent of their governments. See other examples of disinformation about NATO in our database, such as its never-ending provocations, the Alliance's permanent targeting of Russia and Belarus, its role as a US subjugation tool for other countries and its unreliability to defend its members, that the EU is encircling Russia and creating additional conflict zones, while NATO exploits non-existent “Russian threat” to increase its presence close to Russian borders.",The Russian Federation has repeatedly offered to the United States and its allies to limit training activities and to divert exercise areas from the line of contact between Russia and NATO. We consider the actions of the US Armed Forces in Estonia provocative and extremely dangerous for regional stability.,estonian_native,fake,euvsdisinfo-native,et_5054
01.09.2020,/report/nato-exercises-in-estonia-are-provocative-and-dangerous-an-unfriendly-message-addressed-to-russia,NATO exercises in Estonia are an unfriendly message addressed to Russia,ru.armeniasputnik.am,"Estonia,Baltic states,Russia","Any NATO exercise is a message in military language addressed to certain countries, in this case, an unfriendly message addressed to Russia. The military exercises in Estonia are provocative and dangerous. NATO is working on a land war scenario. On the eastern borders of the Alliance, a land war can only be waged with Russia, no one else.","This is a recurring pro-Kremlin disinformation narrative about NATO allegedly pursuing a belligerent and hostile agenda against Russia. Every nation has the right to conduct exercises, but it is important that they are conducted transparently and in line with international obligations. NATO is a defensive alliance, whose purpose is to protect its member states. During the Warsaw summit in July 2016, NATO has made it clear that ""The Alliance does not seek confrontation and poses no threat to Russia"". NATO's exercises and military deployments in the Baltic states are not directed against Russia – or any other country. NATO has reached out to Russia consistently, transparently and publicly over the past 29 years. The claim that NATO is encircling Russia is one of the myths about NATO. Russia's land border is just over 20,000 kilometres long. Of that, less than one-sixteenth (1,215 kilometres), is shared with NATO members. Russia has land borders with 14 countries. Only five of them are NATO members. Russia has military bases or soldiers in three of the EU's Eastern neighbourhood countries, Georgia, Moldova, and Ukraine, without the consent of their governments. See other examples of disinformation about NATO in our database, such as its never-ending provocations, the Alliance's permanent targeting of Russia and Belarus, its role as a US subjugation tool for other countries and its unreliability to defend its members, that the EU is encircling Russia and creating additional conflict zones, while NATO exploits non-existent “Russian threat” to increase its presence close to Russian borders.","Any NATO exercise is a message in military language addressed to certain countries, in this case, an unfriendly message addressed to Russia. The military exercises in Estonia are provocative and dangerous. NATO is working on a land war scenario. On the eastern borders of the Alliance, a land war can only be waged with Russia, no one else.",estonian_native,fake,euvsdisinfo-native,et_5056
21.08.2020,/report/on-the-issue-of-belarus-the-us-satellites-in-the-eu-will-support-any-anti-russian-position,"On the issue of Belarus, the US satellites in the EU will support any anti-Russian position",ru.armeniasputnik.am,"US,Belarus,Lithuania,Estonia,Baltic states,Russia,Latvia","The main thing for Vilnius in the situation in the neighbouring country (Belarus) is to serve Washington. Lithuania, like other US satellites, will support any position on the issue of Belarus, at least favourable to Washington and with an anti-Russian context. The Baltic states are not under the influence of the European Union. They are in full support of America’s interests, often acting contrary to the agreed position of the European Union or the countries of Old Europe. Being geographically in Europe, they often act contrary to the interests of Europe. The task is to maintain an anti-Russian and pro-American context, no matter what it is based on, whether it protests against the election results in Belarus or global warming.","Recurring pro-Kremlin disinformation narrative about the lost sovereignty of the European countries and US presence in Europe, alleging that the United States fully controls the foreign policy of the EU member states, including the Baltic states (these countries are often presented as American “vassals” or puppet states). The Kremlin-controlled media regularly accuses the political elites of Lithuania of Russophobia and the implementation of anti-Russian policies. The EU Member States and particularly Lithuania are independent states, which shape their own foreign and domestic policies without any “dictate” from the USA. The US is an important ally to the EU but EU policy is not determined by the US, as explained by the EU High Representative. Lithuania supports the independence and territorial integrity of Belarus. Lithuania, as well as the EU, have expressed support to people protesting in Belarus. See earlier disinformation cases alleging that the Vassal Eastern EU countries obey the US in order to counter Western Europe, that US is occupying the EU and the Baltic countries nearly lost their statehood, that Lithuania is NATO's dog barking at Belarus and Russia, that Lithuania is temporarily NATO-occupied territory ruled by non-Lithuanians, and that Warsaw and Vilnius are worsening the political crisis in Belarus.","The main thing for Vilnius in the situation in the neighbouring country (Belarus) is to serve Washington. Lithuania, like other US satellites, will support any position on the issue of Belarus, at least favourable to Washington and with an anti-Russian context. The Baltic states are not under the influence of the European Union. They are in full support of America’s interests, often acting contrary to the agreed position of the European Union or the countries of Old Europe. Being geographically ",estonian_native,fake,euvsdisinfo-native,et_5129
20.08.2020,/report/eu-is-creating-a-poverty-belt-in-the-east-of-the-eu-to-secure-access-to-cheap-labour,"EU is creating a poverty belt in the East of the EU, to secure access to cheap labour",RT Germany (old),"EU,Belarus,Lithuania,Estonia,Ukraine,Latvia","The EU is creating a poverty belt in its east, consisting of Ukraine, the Baltic States and now Belarus, in order to secure access to cheap labour and sales markets. It has been the economic survival model of the Baltic States for years to export low-wage labour to other EU countries, it has become the business model of Ukraine and it will also become the model of Belarus. When Belarus turns to the EU and the West, that is what will follow – the complete exploitation of the country, a wave of industrial bankruptcies, the decay of the infrastructure, in short: the complete economic decline in Belarus. This is what Belarus, unlike Russia, was largely spared of in the nineties of the last century.","A recurring pro-Kremlin disinformation narrative about Belarus, the West and the EU The Protests in Belarus erupted after thousands of people took to the streets to contest the results of the Presidential elections in Belarus, which are considered fraudulent by a large part of society. This claim about the EU exploiting countries to its east is consistent with the recurring pro-Kremlin disinformation narratives about a disastrous horror scenario for the economy in Belarus, in case Belarus should reorientate itself geo-politically towards the West. The EU is not interested in creating a poverty belt in its East, nor in securing access to cheap labour in the Baltics, Ukraine or Belarus. It is a recycled recurrent narrative for EaP-states, that the West or the IMF wants to destroy the Ukrainian economy and to turn Ukrainians into the cheap labour force. The narrative portrays the economic situation of Ukraine as disastrous and alleging that Belarus' future is only possible in union with Russia. Read earlier disinformation cases alleging that Poland is preparing Euromaidan scenario for Belarus, that the West's only interest in Belarus is to make it anti-Russian, that Belarus moves towards complete colonisation by the West, and that Germany created the euro to colonise countries that couldn’t be conquered militarily.","The EU is creating a poverty belt in its east, consisting of Ukraine, the Baltic States and now Belarus, in order to secure access to cheap labour and sales markets. It has been the economic survival model of the Baltic States for years to export low-wage labour to other EU countries, it has become the business model of Ukraine and it will also become the model of Belarus. When Belarus turns to the EU and the West, that is what will follow – the complete exploitation of the country, a wave of in",estonian_native,fake,euvsdisinfo-native,et_5136
19.08.2020,/report/eu-stance-belarus-all-about-geopolitics-not-human-rights-democracy,"The EU stance on Belarus is all about geopolitics, not human rights or democracy",mundo.sputniknews.com,"Poland,Belarus,Lithuania,Estonia,Russia","The statements coming from the European Parliament and European capitals, especially from Lithuania, Estonia and Poland, about the political crisis in Belarus are not about Lukashenko, human rights or democracy, but about geopolitics. It is not a secret to anybody that this is a geopolitical fight over the post-Soviet space, and we have already seen this competition in other periods after the collapse of the Soviet Union.","This is part of a Russian disinformation campaign on Belarus based on recurrent pro-Kremlin disinformation narratives, portraying European and US reactions to post-electoral events in the country as an interference attempt, and popular protests against the results as a Western-led colour revolution, all part of a competition over influence in the post-Soviet space. Contrary to the claim, the EU policy towards Belarus is indeed based on the promotion of human rights and democracy. Presidential elections celebrated in Belarus on August 9 were not monitored by independent experts, and are largely considered fraudulent by both international observers and a big part of the Belarusian society. On 19 August 2020 the European Council called Belarus's elections neither free nor fair, condemned the violence against peaceful protesters, called for a complete and transparent investigation into all alleged abuses, and announced its decision to impose sanctions on a substantial number of individuals responsible for violence, repression, and election fraud. See other examples of pro-Kremlin disinformation narratives in Belarus, such as claims that the EU reaction to Lukashenko’s victory is an example of Western double standards; that the same lack of democracy and repression is present in EU countries that criticize them in Minsk; , and that the Ukrainian secret services may have planned terrorist attacks in Belarusian territory; that the West wants to prepare another Maidan in the country; or that Belarusians, Ukrainians and Russians are one single nation.","The statements coming from the European Parliament and European capitals, especially from Lithuania, Estonia and Poland, about the political crisis in Belarus are not about Lukashenko, human rights or democracy, but about geopolitics. It is not a secret to anybody that this is a geopolitical fight over the post-Soviet space, and we have already seen this competition in other periods after the collapse of the Soviet Union.",estonian_native,fake,euvsdisinfo-native,et_5142
03.08.2020,/report/baltic-countries-interpret-ussr-occupation-ignoring-parliaments-chose-it,"Baltic countries interpret their status in the USSR as an occupation, ignoring that their Parliaments chose it",mundo.sputniknews.com,"Lithuania,Estonia,Russia,Latvia","80 years ago the parliaments of Estonia, Latvia and Lithuania proclaimed the creation of their respective Soviet Socialist Republics. Today, those countries interpret their status inside the USSR as an occupation, but for many people, at that time the Union was real salvation from the Nazis. Experts in the Baltic countries tend to read the integration of these nations in the USSR in 1940 as some kind of intervention of Soviet forces in the internal affairs of those countries. However, most of them ignore or don’t consider the events that led to this scenario.","Recurrent pro-Kremlin disinformation narrative about the Soviet occupation of the Baltic States. On 23 August 1939, the Soviet Union and Nazi Germany signed a non-aggression (Molotov-Ribbentrop) pact whose secret protocols divided the territories belonging to Poland, Lithuania, Latvia, Estonia, Finland, and Romania into Soviet and Nazi spheres of influence. Soviet occupation of the Baltic States lasted for 50 years and resulted in mass deportations and repressions against local populations. On 24 December 1989, the Parliament of the USSR, the Congress of the People’s Deputies, adopted a resolution, acknowledging the annexation of the Baltic states as a violation of the USSR's obligations. See other examples of disinformation narratives on the Baltic States, such as claims such as the “myth of Soviet occupation”; that Russian-speaking communities there are as discriminated as African Americans; that NATO wants to turn the Baltic countries into an empty field against Russia, and the US will betray and hand them over to Russia; that Lithuania is a hostage of US interests, Latvia is a US vassal state and Estonian foreign policy is controlled by Washington; or that the Pentagon is working out a biological war strategy in the Baltics.","80 years ago the parliaments of Estonia, Latvia and Lithuania proclaimed the creation of their respective Soviet Socialist Republics. Today, those countries interpret their status inside the USSR as an occupation, but for many people, at that time the Union was real salvation from the Nazis. Experts in the Baltic countries tend to read the integration of these nations in the USSR in 1940 as some kind of intervention of Soviet forces in the internal affairs of those countries. However, most of th",estonian_native,fake,euvsdisinfo-native,et_5247
16.07.2020,/report/latvia-lithuania-and-estonia-engage-in-political-censorship,"Latvia, Lithuania and Estonia engage in political censorship",iz.ru,"Lithuania,Estonia,Russia,Latvia","The ban on broadcasting RT television channel Sputnik, in Latvia and Lithuania is a direct violation of the obligations of media freedom undertaken by the Baltic states. The Federation Council of Russia believes that such actions of Lithuania, Latvia and Estonia violate the principles of freedom of speech and unhindered dissemination of information, which are fundamental norms of the OSCE and the Council of Europe.","This claim tries to portray EU sanctions on Russia, the result of its illegal actions in Ukraine, as unfair persecution against Sputnik and its employees, and against media freedom in general. In all of the mentioned countries, Sputnik and RT are being accused of spreading disinformation, violating copyrights, acting as a propaganda instrument. In Estonia, Sputnik is wrongly represented as a victim of unprecedented persecution. These statements have already been debunked before. The steps taken by Estonia are based on the Article 2 of the Council Regulation (EU) No 269/2014 on the territorial integrity of Ukraine that foresees freezing the assets of Dmitry Kiselyov, the Director-General of Rossija Segodnya. Lithuania is falsely claimed to follow totalitarian laws, while Sputnik fights against intolerance. This came as in mid-2019 a court in Vilnius ruled on blocking Sputnik Lithuania over copyright issues. Broadcasting service (LRT) approached the Radio and Telecommunications Committee and pointed out in a statement that Sputnik had illegally used LRT materials at least 1464 times in violation of copyrights. Lithuanian Sputnik had continued to distribute illegal material and had not reacted to repeated requests by the National Broadcasting service to stop the abuse of copyright infringement. In Latvia, in 2016, Latvia's domain registry shut the website of Sputnik Latvia after receiving a letter of concern from the Latvian Foreign Ministry, which drew attention to Sputnik's coverage of Ukraine and routine denial of the embattled nation's territorial integrity. In July 2019, Latvian authorities blocked access to the online portal baltnews.lv, owned by Rossiya Segodnya, citing EU sanctions against Russia. In 2020 Latvia has banned the state-owned Russian television channel RT, saying it is controlled by an individual - Dmitriy Kiselyov, who is under EU sanctions. According to the Electronic Mass Media Council (NEPLP), Latvia's national media watchdog, RT and the network of channels operated by it are under Kiselyov's ""effective control"" and has attempted to present Latvia as a failed state.","The ban on broadcasting RT television channel Sputnik, in Latvia and Lithuania is a direct violation of the obligations of media freedom undertaken by the Baltic states. The Federation Council of Russia believes that such actions of Lithuania, Latvia and Estonia violate the principles of freedom of speech and unhindered dissemination of information, which are fundamental norms of the OSCE and the Council of Europe.",estonian_native,fake,euvsdisinfo-native,et_5357
07.07.2020,/report/europes-position-in-the-situation-with-sputnik-estonia-criminal-silence-and-shows-that-there-is-no-freedom-of-speech-in-the-baltic-countries,Europe's position in the situation with Sputnik Estonia - criminal silence,ru.armeniasputnik.am,"Estonia,Baltic states","Estonian authorities continue to restrict the activities of Sputnik Estonia, violating the principles of freedom of speech. Sputnik Estonia has become the clearest example of the fight against dissent in the Baltic region. Europe’s attitude towards Sputnik Estonia is frightening. Brussels is silent and this is criminal silence. This frees up the hands of other countries that are beginning to study Estonia’s experience in closing Sputnik. The reaction of European structures shows that there is no freedom of speech in the Baltic countries. European organisations chose the non-interference position only because they are talking about the Russian media.","Recurring pro-Kremlin disinformation narrative about the undemocratic EU. It also contains recurring pro-Kremlin narratives about the West's deliberate anti-Russian activities, double standards. This claim tries to show sanctions against Russia, due to its illegal actions in Ukraine, as unfair persecution against Sputnik and its employees and against Russian media in general. In Estonia, Sputnik is represented as a ""victim of unprecedented persecution"" and example of the fight against dissent in the Baltic region. These kinds of statements were debunked several times. All actions taken by Estonia in relation to Sputnik are aimed at economic activity and not against the outlet's news content, and have a basis in both EU (see Art. 2(1)) and Estonian (see para. 93.1) legislation. The Article 2 of the Council Regulation (EU) No 269/2014 on the territorial integrity of Ukraine foresees freezing the assets of Dmitry Kiselyov, the Director-General of Rossija Segodnya. According to the articles of association of the company, the Director-General has the right to decide upon opening bank accounts and carry out invoicing. This corresponds to the condition ""having the right to use all or part of the assets of a legal person or entity"" in the EU Best Practices for the effective implementation of restrictive measures. ""This means that if Rossiya Segodnya, which is controlled by Dmitry Kiselyov, against whom sanctions have been imposed, has assets in Estonia, they must be frozen and access must not be given to funds or economic resources, that is provide services that would enable Rossiya Segodnya to do business. When it comes to Estonia, this prohibition applies to people operating in the territory of Estonia,"" head of anti-money laundering authority the Financial Intelligence Unit (FIU), Madis Reimand, said. Estonia is on the 14th place of Reporters without Borders Press freedom index. Estonia has not blocked Sputnik Estonia's website and it is accessible. The Minister of Foreign Affairs Urmas Reinsalu has emphasized that Estonia has not taken any measures against the portal's media content: ""They are financial sanctions aimed at economic activity. I believe it to be justified. We have notified the European Commission's Legal Service. European agencies have said in the Commission that steps taken by Estonia in exercising sanctions policy are warranted"". Further debunk can be read here. Similar cases about Sputnik Estonia, claiming that High rating given to Estonia by “Reporters without borders” is fiction, that When it comes to Russia, Europe does not adhere to values, or There is no freedom of speech in Estonia, but an absolute censorship. More cases can be found here.","Estonian authorities continue to restrict the activities of Sputnik Estonia, violating the principles of freedom of speech. Sputnik Estonia has become the clearest example of the fight against dissent in the Baltic region. Europe’s attitude towards Sputnik Estonia is frightening. Brussels is silent and this is criminal silence. This frees up the hands of other countries that are beginning to study Estonia’s experience in closing Sputnik. The reaction of European structures shows that there is no",estonian_native,fake,euvsdisinfo-native,et_5420
01.07.2020,/report/russian-media-are-being-discriminated-in-baltic-states,Russian Media are being discriminated in Baltic states,ru.armeniasputnik.am,"Lithuania,Estonia,Baltic states,Latvia","Sputnik Latvia regularly talks about discrimination against Russian media in the Baltic countries. Since January 1, Estonia has actually banned the work of the Sputnik editorial office in Tallinn, threatening employees with criminal prosecution. In Latvia, Sputnik employees are also pressured not only in the form of “conversations” with representatives of the special services, but also through an informal ban on opening bank accounts for them. This (ban on broadcasting of RT) is another case of violation of freedom of speech and freedom of information. The decision to ban RT in Latvia on the basis of false information is an indicator of the stupidity of the Latvian authorities blinded by Russophobia. ","This claim tries to portray EU sanctions on Russia, the result of its illegal actions in Ukraine, as unfair persecution against Sputnik and its employees, and against media freedom in general. In all of the mentioned countries Sputnik and RT are being accused of spreading disinformation, violating copyrights, acting as a propaganda instrument. In Estonia, Sputnik is wrongly represented as a victim of unprecedented persecution. This kind of statements were debunked several times. Read here. The steps taken by Estonia are based on the Article 2 of the Council Regulation (EU) No 269/2014 on the territorial integrity of Ukraine that foresees freezing the assets of Dmitry Kiselyov, the Director-General of Rossija Segodnya. Lithuania is falsely claimed to follow totalitarian laws, while Sputnik fights against intolerance. This came as in mid-2019 a court in Vilnius ruled on blocking Sputnik Lithuania over copyright issues. Broadcasting service (LRT) approached the Radio and Telecommunications Committee and pointed out in a statement that Sputnik had illegally used LRT materials at least 1464 times in violation of copyrights. Lithuanian Sputnik had continued to distribute illegal material and had not reacted to repeated requests by the National Broadcasting service to stop the abuse of copyright infringement. In Latvia, in 2016, Latvia's domain registry shut the website of Sputnik Latvia after receiving a letter of concern from the Latvian Foreign Ministry, which drew attention to Sputnik's coverage of Ukraine and routine denial of the embattled nation's territorial integrity. In July 2019, Latvian authorities blocked access to the online portal baltnews.lv, owned by Rossiya Segodnya, citing EU sanctions against Russia. In 2020 Latvia has banned the state-owned Russian television channel RT, saying it is controlled by an individual - Dmitriy Kiselyov, who is under EU sanctions. According to the Electronic Mass Media Council (NEPLP), Latvia's national media watchdog, RT and the network of channels operated by it are under Kiselyov's ""effective control"" and has attempted to present Latvia as a failed state. Similar cases about Sputnik Estonia, claiming that High rating given to Estonia by “Reporters without borders” is fiction, that When it comes to Russia, Europe does not adhere to values, or There is no freedom of speech in Estonia, but an absolute censorship. More cases can be found here.","Sputnik Latvia regularly talks about discrimination against Russian media in the Baltic countries. Since January 1, Estonia has actually banned the work of the Sputnik editorial office in Tallinn, threatening employees with criminal prosecution. In Latvia, Sputnik employees are also pressured not only in the form of “conversations” with representatives of the special services, but also through an informal ban on opening bank accounts for them. This (ban on broadcasting of RT) is another case of ",estonian_native,fake,euvsdisinfo-native,et_5472
22.06.2020,/report/there-are-clear-violations-of-the-principles-of-freedom-of-speech-in-estonia,There are clear violations of the principles of freedom of speech in Estonia,ru.armeniasputnik.am,Estonia,"Threatening the media is Estonian-style freedom of speech. In Estonia, there are clear violations of the principles of freedom of speech. Estonian authorities openly use various forms and instruments of pressure on the editors of Sputnik Estonia. This is the clearest case of fighting dissent. Overt repression of objectionable media is Estonian-style free speech.","This claim tries to portray EU sanctions on Russia, the result of its illegal actions in Ukraine, as unfair persecution against Sputnik and its employees, and against media freedom in general. In Estonia, Sputnik is represented as a ""victim of unprecedented persecution"". These kinds of statements were debunked several times.The Article 2 of the Council Regulation (EU) No 269/2014 on the territorial integrity of Ukraine foresees freezing the assets of Dmitry Kiselyov, the Director-General of Rossija Segodnya. According to the articles of association of the company, the Director-General has the right to decide upon opening bank accounts and carry out invoicing. This corresponds to the condition ""having the right to use all or part of the assets of a legal person or entity"" in the EU Best Practices for the effective implementation of restrictive measures. Furthermore, claims that the Estonian laws only foresee asset freezing for people on an EU personal sanctions list is incorrect. ""This means that if Rossiya Segodnya, which is controlled by Dmitry Kiselyov, against whom sanctions have been imposed, has assets in Estonia, they must be frozen and access must not be given to funds or economic resources, that is provide services that would enable Rossiya Segodnya to do business. When it comes to Estonia, this prohibition applies to people operating in the territory of Estonia,"" head of anti-money laundering authority the Financial Intelligence Unit (FIU), Madis Reimand, said. Estonia is on the 14th place of Reporters without Borders Press freedom index. Regarding censorship, Estonia has not blocked Sputnik Estonia's website and it is accessible. The Minister of Foreign Affairs Urmas Reinsalu has emphasized that Estonia has not taken any measures against the portal's media content: ""They are financial sanctions aimed at economic activity. I believe it to be justified. We have notified the European Commission's Legal Service. European agencies have said in the Commission that steps taken by Estonia in exercising sanctions policy are warranted"". The EUvsDisinfo team has found 49 different Sputnik websites from all over the world and 31 of them are in the Disinformation database, meaning those outlets have been reported publishing disinformation. Sputnik Estonia is represented in that database both in Estonian and in Russian languages. Similar cases about Sputnik Estonia, claiming that High rating given to Estonia by “Reporters without borders” is fiction, that When it comes to Russia, Europe does not adhere to values, or There is no freedom of speech in Estonia, but an absolute censorship. More cases can be found here.","Threatening the media is Estonian-style freedom of speech. In Estonia, there are clear violations of the principles of freedom of speech. Estonian authorities openly use various forms and instruments of pressure on the editors of Sputnik Estonia. This is the clearest case of fighting dissent. Overt repression of objectionable media is Estonian-style free speech.",estonian_native,fake,euvsdisinfo-native,et_5561
22.06.2020,/report/despite-promises-to-the-contrary-nato-has-been-expanding-further-eastwards,"Despite promises to the contrary, NATO has been expanding further eastwards",RT Germany (old),"US,Lithuania,Estonia,Russia,Latvia","The Cold War is over, the enemy image of the Soviet threat has disappeared and communism has been driven out of Europe. NATO for its part, despite promises to the contrary, has been expanding ever further eastwards and today stands on the Russian border from the Baltic to the Black Sea.","Recurring pro-Kremlin disinformation narrative about NATO and encircled Russia. The NATO enlargement was not ""contrary to promises"". NATO Allies take decisions by consensus and these are recorded. There is no record of any such decision having been taken by NATO. Even if there was a personal assurance from an individual leader, it could not replace Alliance consensus and does not constitute a formal NATO agreement. This promise was never made, as confirmed by Mikhail Gorbachev, then-president of the Soviet Union: Central and Eastern European countries began seeking NATO membership in the early 1990s. NATO actively sought to create a cooperative environment that was conducive to enlargement while simultaneously building special relations with Russia. Furthermore, NATO does not ""expand"" in the imperialistic sense as described by pro-Kremlin media. Rather, it considers the applications of candidate countries who want to join the alliance based on their own national will. As such, NATO enlargement is not directed against Russia. NATO's ""Open Door Policy"" is based on Article 10 of the Alliance's founding document, the North Atlantic Treaty (1949). The Treaty states that NATO membership is open to any ""European state in a position to further the principles of this Treaty and to contribute to the security of the North Atlantic area"". Every sovereign nation has the right to choose its own security arrangements. This is a fundamental principle of European security and one to which Russia has also subscribed. For similar cases on this topic, see, here, here and here. ""The topic of 'NATO expansion' was not discussed at all, and it wasn't brought up in those years. I say this with full responsibility. Not a single Eastern European country raised the issue, not even after the Warsaw Pact ceased to exist in 1991. Western leaders didn't bring it up either"".","The Cold War is over, the enemy image of the Soviet threat has disappeared and communism has been driven out of Europe. NATO for its part, despite promises to the contrary, has been expanding ever further eastwards and today stands on the Russian border from the Baltic to the Black Sea.",estonian_native,fake,euvsdisinfo-native,et_5564
19.06.2020,/report/latvia-lithuania-and-estonia-were-incorporated-into-ussr-in-a-legal-way-and-with-the-consent-of-the-elected-authorities-of-these-states,"Latvia, Lithuania and Estonia were incorporated into the USSR legally",it.sputniknews.com,"Lithuania,Estonia,Latvia","In autumn 1939, the Soviet Union, pursuing its strategic military and defensive goals, started the process of incorporating Latvia, Lithuania and Estonia. Their accession to the USSR was implemented on a contractual basis, with the consent of the elected authorities. This was in line with international and state law of that time.","Recurrent pro-Kremlin disinformation message, a part of the historical revisionism campaign which denies that the Soviet occupation of the Baltic states ever happened. The Baltic States of Estonia, Latvia and Lithuania, which had been independent between the two world wars, were not incorporated into the Soviet Union in a legal way and with the consent of the elected authorities of these states: the Kremlin conducted a forced annexation of the Baltic states in June of 1940 following Soviet military occupation and the forced installation of “people’s governments”. On 23 August 1939, the Soviet Union and Nazi Germany signed a non-aggression (Molotov-Ribbentrop) Pact whose secret protocols divided the territories belonging to Poland, Lithuania, Latvia, Estonia, Finland, and Romania into Soviet and Nazi spheres of influence. The Pact gave Stalin a free hand in the Baltic states. The Soviet Union used threats to impose a series of “mutual assistance” treaties on the Baltic states allowing them to station troops in their territories laying the groundwork for the Soviet occupation of Estonia, Latvia and Lithuania in 1940. Like other countries mentioned in the pact, the Baltic states lost their independence and territories. The Soviet occupation of the Baltic States lasted for 50 years and resulted in mass deportations and repressions against local populations. On 24 December 1989, the Parliament of the USSR, the Congress of the People’s Deputies, adopted a resolution, acknowledging the annexation of the Baltic states as a violation of the USSR's obligations. An English translation of the full text can be found here: On the 80th anniversary of the signing of the Molotov-Ribbentrop pact Estonia, Latvia, Lithuania, Poland, and Romania released a joint statement urging ""the governments of all European countries to provide both moral and material support to the ongoing historical investigation of the totalitarian regimes. By acting in a concerted manner, we can counter more effectively disinformation campaigns and attempts to manipulate historical facts."" No country stands to obtain financial gains from this initiative. Read here similar cases claiming that the entry of Baltic states into the USSR was consistent with international and state law and that the Baltic States benefited from the Molotov-Ribbentrop pact The Congress notes that during this period the relations of the USSR with Latvia, Lithuania and Estonia were regulated by a system of treaties. Pursuant to the 1920 Peace Treaties and 1926-1933 Non-Aggression Treaties, the signatories were obliged to honour each other’s sovereignty, territorial integrity and inviolability under any circumstances. The Soviet Union had assumed similar obligations to Poland and Finland.","In autumn 1939, the Soviet Union, pursuing its strategic military and defensive goals, started the process of incorporating Latvia, Lithuania and Estonia. Their accession to the USSR was implemented on a contractual basis, with the consent of the elected authorities. This was in line with international and state law of that time.",estonian_native,fake,euvsdisinfo-native,et_5573
19.06.2020,/report/the-entry-of-baltic-states-into-the-ussr-was-consistent-with-international-and-state-law,The entry of Baltic states into the USSR was consistent with international and state law,ru.armeniasputnik.am,"Lithuania,Estonia,Russia,Latvia","In the fall of 1939, solving its military-strategic, defensive tasks, the Soviet Union began the process of incorporating Latvia, Lithuania and Estonia. Their entry into the USSR was implemented on a contractual basis, with the consent of the elected authorities. This was consistent with international and state law of the time. The Baltic republics within the USSR retained their government, language, and had representation in Soviet higher state structures.","This claim uses historical revisionism to reinforce common pro-Kremlin disinformation narratives about WWII and the Molotov-Ribbentrop pact, a recurring attempt to justify Soviet actions. On 23 August 1939, the Soviet Union and Nazi Germany signed a non-aggression (Molotov-Ribbentrop) pact whose secret protocols divided the territories belonging to Poland, Lithuania, Latvia, Estonia, Finland, and Romania into Soviet and Nazi spheres of influence. The Baltic States were not beneficiaries of the Molotov-Ribbentrop pact. Like other countries mentioned in the pact, they lost their independence and territories. Soviet occupation of the Baltic States lasted for 50 years, and resulted in mass deportations and repressions against local populations. 24 December 1989, the Parliament of the USSR, the Congress of the People’s Deputies, adopted a resolution, acknowledging the annexation of the Baltic states as a violation of the USSRs obligations. An English translation of the full text here: The European Parliament has proclaimed the 23rd of August as a European Day of Remembrance for Victims of Totalitarian Regimes. On the 80th anniversary of the signing of the Molotov-Ribbentrop pact Estonia, Latvia, Lithuania, Poland, and Romania released a joint statement urging ""the governments of all European countries to provide both moral and material support to the ongoing historical investigation of the totalitarian regimes. By acting in a concerted manner, we can counter more effectively disinformation campaigns and attempts to manipulate historical facts."" No country stands to obtain financial gains from this initiative. See similar disinformation narratives on history of Baltic states here. Other cases claiming that Baltic states joined USSR in accordance with international law or The Baltic States benefited from the Molotov-Ribbentrop pact,or The Baltic States are perpetuating the myth of the Soviet occupation. The Congress notes that during this period the relations of the USSR with Latvia, Lithuania and Estonia were regulated by a system of treaties. Pursuant to the 1920 Peace Treaties and 1926-1933 Non-Aggression Treaties, the signatories were obliged to honour each other’s sovereignty, territorial integrity and inviolability under any circumstances. The Soviet Union had assumed similar obligations to Poland and Finland.","In the fall of 1939, solving its military-strategic, defensive tasks, the Soviet Union began the process of incorporating Latvia, Lithuania and Estonia. Their entry into the USSR was implemented on a contractual basis, with the consent of the elected authorities. This was consistent with international and state law of the time. The Baltic republics within the USSR retained their government, language, and had representation in Soviet higher state structures.",estonian_native,fake,euvsdisinfo-native,et_5578
11.05.2020,/report/ukraine-and-the-baltic-states-want-to-present-the-ussr-as-an-absolute-evil-in-wwii,Ukraine and the Baltic states want to present the USSR as an “absolute evil” in WWII,pl.sputniknews.com,"Poland,Germany,Lithuania,Estonia,Ukraine,Russia,Latvia","The West wants to minimise the role of the USSR in the victory over Nazism. This policy is determined by Poland and the Baltic states. Currently, a new trend in the presentation of WWII has emerged – it presents as “absolute evil” not only the Nazis but also, the USSR. This strategy of turning the USSR in an “absolute evil” emerged in Eastern Europe – primarily, in Ukraine and the Baltic states.","This message is part of the Kremlin’s policy of historical revisionism – it accuses the Baltic states, Ukraine and Poland in “falsification and re-writing” of history and imposition of their historical views on the EU. Read more here. The claim that Ukraine, the Baltic states and Poland determine the view of the EU countries on WWII history is a distorted. The EU countries are sovereign states, which take their own decisions regarding the perception of WWII history. Ukraine, the Baltic states and Poland cannot impose decisions on the EU and its institutions. The European Parliament resolution on the importance of European remembrance for the future of Europe stressed the fact that WWII was an immediate result of the Molotov-Ribbentrop Pact. The resolution is aimed at the promotion of historical remembrance about WWII and condemnation of totalitarian ideologies. See similar examples of the Russian accusations against Poland, Ukraine and the Baltic states in falsification and re-writing of history - Poland creates and promotes its historical myths in an active and aggressive way; Poland and Lithuania question the status of Russia as a country who won WWII; President Duda and President Zelensky promote propaganda and Poland tries to adjust history to politics, misinterpreting the historical facts.","The West wants to minimise the role of the USSR in the victory over Nazism. This policy is determined by Poland and the Baltic states. Currently, a new trend in the presentation of WWII has emerged – it presents as “absolute evil” not only the Nazis but also, the USSR. This strategy of turning the USSR in an “absolute evil” emerged in Eastern Europe – primarily, in Ukraine and the Baltic states.",estonian_native,fake,euvsdisinfo-native,et_5966
11.05.2020,/report/nato-pays-belarusian-opposition-1-per-one-person-infected-with-coronavirus,NATO pays the Belarusian opposition $1 per one person infected with coronavirus,Grodnodaily,"US,Belarus,Estonia","The coronavirus outbreak is a NATO operation which is implemented on Belarus’s borders through military exercises. Due to the NATO military exercises “Spring storm” in Estonia, around 30% of Estonian soldiers became infected. The Belarusian opposition and independent media call upon NATO to come closer and spread the virus. A part of the opposition works for NATO’s benefit, including the intelligence services. This time, NATO’s task was to spread coronavirus. Hence, recent opposition activisation does not have to do with the presidential campaign but rather with this NATO task. Opposition activists receive money for infecting people. To be precise, Americans pay $1 per each person infected with coronavirus. It is unclear how much they pay for each infected officer, official, or the president. Opposition business plans are likely to include such items. It is also unclear how much opposition activists are paid for infecting their close relatives. As everyone knows, opposition members are happy to trade their own mothers. Hence, the Belarusian opposition wages genocide on the Belarusian people and spreads biological weapon COVID-19 as part of a NATO operation.","This is a mix of preposterous conspiracies aimed at discrediting the Belarusian opposition, civil society and independent media, and NATO. This article is one in a series alleging that the Belarusian opposition plans to organise genocide with Western support. It is consistent with recurring pro-Kremlin propaganda narratives about alleged Western aggressiveness towards Belarus, the coronavirus as West's / NATO's biological weapon, and the Belarusian opposition as a destructive Western-financed group. Defender Europe 2020 was about military exercises not a cover-up for the spread of coronavirus. NATO’s secretary-general Jens Stoltenberg affirmed that Defender Europe 2020 was not directed against any particular country. Its purpose was to practice the rapid deployment of large-scale forces across the Atlantic into Europe, demonstrating the US military’s ability to quickly send a massive contingent to support NATO and respond to any crisis. In response to the current outbreak of the COVID-19 virus and guidance by the United States Secretary of Defence, the exercise was modified in size and scope. On 8 May NATO concluded its latest Spring Storm exercise, which saw live-fire training take place. The claim about 30% of Estonian soldiers being infected is fake and not confirmed by official sources. An earlier disinformation story alleged that a 'zero patient' in Latvia was a NATO soldier. See earlier disinformation cases alleging that the Belarusian opposition, civic activists and independent journalists make kill lists for Western security bodies, that the pro-Western Belarusian opposition prepares 'kill lists' and genocide, and that the Belarusian opposition plans genocide with coronavirus-infected, Soros-funded, test tubes, given by Pompeo. All these cases were published by pseudo-regional Belarusian websites associated with the pro-Kremlin propaganda network, as explained here.","The coronavirus outbreak is a NATO operation which is implemented on Belarus’s borders through military exercises. Due to the NATO military exercises “Spring storm” in Estonia, around 30% of Estonian soldiers became infected. The Belarusian opposition and independent media call upon NATO to come closer and spread the virus. A part of the opposition works for NATO’s benefit, including the intelligence services. This time, NATO’s task was to spread coronavirus. Hence, recent opposition activisatio",estonian_native,fake,euvsdisinfo-native,et_5969
08.05.2020,/report/praising-forest-brothers-nato-equated-nazi-regime,"By praising the Forest Brothers, NATO equated itself to the Nazi regime",Ahí les Va - YouTube,"Lithuania,Estonia,Russia,Latvia","In the attempt to equate the role played by the Soviet Union and the Third Reich in World War II, some end up equalling themselves to the Nazi regime. For example, when in 2017 NATO made a video praising the Forest Brothers, an anti-Soviet armed group in the Baltics, obfuscating the fact that they collaborated with the Nazi regime and its extermination machinery.","Prominent pro-Kremlin narrative about the Forest Brothers and armed anti-Soviet resistance in Lithuania, Latvia and Estonia to discredit the independence struggle of the Baltic States and whitewash the history of Soviet occupation and Stalin's crimes - a growing trend of historical revisionism. For background on earlier disinformation attempts see our article here. The Forest Brothers were Estonian, Latvian and Lithuanian partisans who fought against Soviet rule during the Soviet invasion and occupation during and after World War II. It is for this reason that NATO released a tribute video to this group in 2017. Read our reporting here. The Kremlin's propaganda media aim to portray the partisans as Nazi collaborators who actively participated in the extermination of the Jewish population, and to depict the entire partisan movement as criminal as a justification for the 1940 and the 1944 Soviet occupations of Lithuania. As the logic goes, if the resistance is proven to be criminal, the occupation would seem justified. In Lithuania, just as in other European countries, the Holocaust was planned and organised by the Nazi regime. Some Lithuanians collaborated with the Nazis in their effort to eradicate Jews. Other Lithuanians saved local Jewish people: the list of the Righteous Among the Nations includes nearly 900 Lithuanians. Read more on Delfi.lt See other examples of Russian disinformation narratives on WWII in our database, such as bogus claims that Western countries revise history to avoid responsibility for allowing Hitler to attack the USSR; that the Soviet Union tried to create an anti-Nazi alliance but the West didn’t respond; that the USSR had no role in the outbreak of the war; that Western democracies are primarily responsible for this conflict; or that by defeating Nazism, Stalin atoned for crimes against his own people. [Note: This disinformation message appeared in the same video clip as the claims that “Western media try to minimise Soviet victory in WWII” and that ""Historical revisionism on WWII is used to justify geopolitical measures against Russia"".]","In the attempt to equate the role played by the Soviet Union and the Third Reich in World War II, some end up equalling themselves to the Nazi regime. For example, when in 2017 NATO made a video praising the Forest Brothers, an anti-Soviet armed group in the Baltics, obfuscating the fact that they collaborated with the Nazi regime and its extermination machinery.",estonian_native,fake,euvsdisinfo-native,et_5978
24.04.2020,/report/the-baltic-states-are-turned-into-large-military-training-ground-and-bridgehead,Baltic states are turned into large military training ground,ru.armeniasputnik.am,"Lithuania,Estonia,Baltic states,Latvia","Moscow does not build military bases near the US borders, for example, in Mexico. And has the right to expect a similar peace from Washington. However, in Latvia, Lithuania and Estonia, there are thousands of foreign troops, including American ones. Baltic countries are turned into one large training ground and a military springboard.","Recurring pro-Kremlin narrative claiming that the Baltic states are under the US and/or NATO control. This narrative aims at undermining the sovereignty of the Baltic States. A related recurring pro-Kremlin narrative claims that NATO is a tool used by the US to control the policies of European states. Lithuania, Latvia and Estonia made a sovereign decision to become part of NATO, joining on the 29th of March 2004. NATO is a political and military alliance, and NATO member states make sovereign decisions about their own security. NATO and US military presence in these states is possible only on the basis of the clear consent of the hosting nation. NATO decisions are made by consensus, after discussion and consultation among member countries. Lost sovereignty is one of the most common pro-Kremlin propaganda narratives. Pro-Kremlin disinformation sources like to claim that certain countries are no longer truly sovereign. Read here similar cases claiming that Lithuania is temporarily NATO-occupied territory ruled by non-Lithuanians, that Eastern European countries in NATO are under Washington’s political and military control, that the US views the Baltic states not as independent countries but as a NATO springboard for conducting a military attack against Belarus and Russia, and that the Baltic states are dying because they chose not to be with Russia, that Baltic states are under NATO occupation.","Moscow does not build military bases near the US borders, for example, in Mexico. And has the right to expect a similar peace from Washington. However, in Latvia, Lithuania and Estonia, there are thousands of foreign troops, including American ones. Baltic countries are turned into one large training ground and a military springboard.",estonian_native,fake,euvsdisinfo-native,et_6127
20.04.2020,/report/baltic-countries-are-preparing-for-war-during-the-pandemic,Baltic countries are preparing for war during the pandemic,belvpo.com,"Lithuania,Estonia,Latvia","The Baltic countries are preparing for war during the pandemic. Even in conditions of emergency and quarantine, the armed forces of the Baltic countries are not ready to give up large-scale exercises. The civilians are unhappy with this – the situation, according to civilians, is not very good for the rattling of weapons.","Recurring pro-Kremlin disinformation narrative about the West/ NATO threatening or encircling Russia and the US-led military exercise ""Defender-Europe 2020"". The disinformation message aims to present the Baltic States as militaristic and their armed forces as lacking the support of civilian population. Because of the COVID-19 pandemic, many joint military exercises have been cancelled. On 16 March, U.S. European Command (EUCOM) issued a press release which stated that exercise Defender-Europe 2020 has been modified in size and scope. Essentially, all movement of personnel and equipment from the United States to Europe has ceased and several of the linked exercises have been cancelled. The list of cancelled exercises includes Dynamic Front (a Joint Fire exercise), Joint Warfighting Assessment (U.S. Army’s largest annual live, multinational experiment, focused on Multi-Domain Operations), Saber Strike (a combined-joint exercise to take place in Estonia, Latvia, Lithuania and Poland) and Swift Response (to demonstrate the strategic employment of the Global Response Force to Bulgaria, Croatia and Romania). See other examples of disinformation about NATO in our database, such as its never-ending provocations, its attempts to block Moscow in its sphere of influence, the Alliance's permanent targeting of Russia and Belarus, its role as a US subjugation tool for other countries and its unreliability to defend its members or its plans to continue attacking other countries.","The Baltic countries are preparing for war during the pandemic. Even in conditions of emergency and quarantine, the armed forces of the Baltic countries are not ready to give up large-scale exercises. The civilians are unhappy with this – the situation, according to civilians, is not very good for the rattling of weapons.",estonian_native,fake,euvsdisinfo-native,et_6163
17.04.2020,/report/coronavirus-epidemic-prevented-nato-deadly-attack-against-belarus,Coronavirus epidemic prevented NATO deadly attack against Belarus,Podneprovie,"South Korea,Norway,US,Belarus,Lithuania,Estonia,Russia,Latvia","The coronavirus pandemic disrupted NATO aggressive plans camouflaged under Defender 2020 military exercises. It seems that NATO was planning a surprise military attack around the 75th anniversary of the WWII Victory Day. Without the epidemic, Belarusian cities and villages could already be on fire. On the other hand, it can also be that instead of military exercises NATO actually planned the spread of coronavirus as a biological weapon. Instead of protection and peace, NATO military spread the coronavirus infection in the Baltic states and Norway. First “zero patient” in Latvia was a NATO soldier. NATO military may also be behind the spread of coronavirus in South Korea. It cannot be ruled out that they also brought COVID-19 to the United States. Generally, the NATO military is the main transmitter of coronavirus. Russia and Belarus have so few coronavirus cases because NATO military is not stationed on their territories. The authorities of Belarus need to investigate who actually brought coronavirus infection into the country, whether the pro-NATO Belarusian opposition was implicated.","The publication puts forward a number of coronavirus-related and Defender2020-related conspiracies aimed to discredit the NATO and the Belarusian opposition. It is consistent with recurring pro-Kremlin propaganda narratives about alleged Western aggressiveness towards Belarus and Russia, the coronavirus as West's / NATO's biological weapon, and the Belarusian opposition as destructive West-financed group. NATO did not have any attack plans against Belarus as alleged. NATO’s secretary-general Jens Stoltenberg affirmed that Defender Europe 2020 was not directed against any particular country. Its purpose was to practice the rapid deployment of large-scale forces across the Atlantic into Europe, demonstrating the US military’s ability to quickly send a massive contingent to support NATO and respond to any crisis. In response to the current outbreak of the COVID-19 virus and guidance by the United States Secretary of Defence, the exercise was modified in size and scope. A ""zero patient"" in Latvia was not a NATO soldier as alleged. It was reported that the first positive-tested individual was female who travelled from Milan to Munich and then flew to Riga on 29 February. Speculations about NATO soldiers as the main cause of the coronavirus spread in South Korea, Norway, US, and the Baltic states are ungrounded. Generally, there is no evidence of the deliberate spread of the virus by NATO, as the article suggests. Covid-19 has been detected in virtually all countries in all continents. There is no evidence of the deliberate spread of the virus in Italy, China or any other country, as the article suggests. The claim that Belarus and Russia have few coronavirus cases because of the absence of NATO military on their territory is fake. In fact, as of 30 April, Belarus and Russia have more identified coronavirus cases, both in absolute and relative terms, than many NATO countries including neighbouring Lithuania, Latvia, and Poland. Read earlier disinformation cases alleging that COVID-19 reached NATO and disrupted its anti-Russian plans, that the virus was brought to Italy by NATO's secret terrorist network, that NATO prepares for big war with Russia in line with Hitler's attack directions, that the Belarusian opposition plans a genocide with Soros-funded coronavirus-infected test tubes, and that pro-Western opposition in Belarus prepares 'kill lists' and a genocide.","The coronavirus pandemic disrupted NATO aggressive plans camouflaged under Defender 2020 military exercises. It seems that NATO was planning a surprise military attack around the 75th anniversary of the WWII Victory Day. Without the epidemic, Belarusian cities and villages could already be on fire. On the other hand, it can also be that instead of military exercises NATO actually planned the spread of coronavirus as a biological weapon. Instead of protection and peace, NATO military spread the c",estonian_native,fake,euvsdisinfo-native,et_6184
03.04.2020,/report/amid-coronavirus-the-west-forgot-about-the-so-called-russian-threat-and-the-baltic-states,The West forgot about the so called Russian threat and the Baltic states amid coronavirus,Rubaltic.ru,"Lithuania,Estonia,Baltic states,Russia,Latvia","NATO proved its uselessness in fighting the coronavirus outbreak. Non-western countries seemingly counteract the epidemic much better then Western ones. Aligning efforts with Russia is necessary to save human lives and to prove that NATO’s existence makes sense. The coronavirus outbreak deprives the Baltic states of Western support. As Russia ceases to be NATO’s foe and this role is given to Islamic terrorism, coronavirus, etc. then rich Western countries do not have reasons to provide economic assistance to the Baltic states anymore. No “Russian threat” means the Baltic states do not exist for the West. Hence, due to the coronavirus outbreak the West forgot both about the so called Russian threat and the Baltic states.","This claim exploits the coronavirus pandemic to push a recurring pro-Kremlin disinformation narrative about Western bodies and organisations' alleged lack of solidarity and the imminent collapse of the Western system. One of the main pro-Kremlin narratives relating to the pandemic is that the EU and NATO are failing to cope with the COVID-19 crisis and, as a result, are disintegrating. In particular, this narrative of failure and lack of EU solidarity is trending after the delivery of Russian aid to Italy. This narrative also aims to pit EU and NATO member states against each other in an attempt to undermine European solidarity, another recurring pro-Kremlin disinformation tactic. NATO is also doing its part to help its member states and the Alliance's Foreign Ministers agreed to speed up the coordination to combat the coronavirus crisis. The European Commission is coordinating a common European response to the COVID-19 crisis and is supporting Member States in tackling the pandemic and in mitigating its economic consequences. See earlier disinformation cases alleging that Russia is helping countries while Brussels and NATO stay indifferent, that coronavirus will cause the dissolution of the EU and NATO, and that NATO spreads the coronavirus in the EU.","NATO proved its uselessness in fighting the coronavirus outbreak. Non-western countries seemingly counteract the epidemic much better then Western ones. Aligning efforts with Russia is necessary to save human lives and to prove that NATO’s existence makes sense. The coronavirus outbreak deprives the Baltic states of Western support. As Russia ceases to be NATO’s foe and this role is given to Islamic terrorism, coronavirus, etc. then rich Western countries do not have reasons to provide economic ",estonian_native,fake,euvsdisinfo-native,et_6326
19.03.2020,/report/eu-failed-to-respond-to-the-coronavirus-outbreak,Coronavirus is a nail in the coffin of the EU,Vesti FM - YouTube,"Slovakia,Hungary,Italy,Czech Republic,Poland,Lithuania,Estonia,Latvia","This (the situation caused by the coronavirus) is certainly the nail in the coffin of the European Union as an idea and a system. Where is the mutual assistance between EU states? Where are the measures that should quickly and effectively stop the spreading of this pandemic from one country to another? Italians are so furious. They hoped that EU neighbours would help them, but they are being stamped down. They were put in a position where doctors must choose who lives and who dies. (…) Eastern Europe is simply left to its own devices.","This claim exploits the coronavirus pandemic to push a recurring pro-Kremlin disinformation narrative about the EU's alleged imminent collapse. It also aims to pit EU member states against each other in an attempt to undermine European solidarity - another recurring pro-Kremlin disinformation tactic. There is no evidence to support the doomsday claim that the pandemic is resulting in the death or obsolescence of the EU. To cushion the blow to people’s livelihoods and the economy, the European Commission has adopted a comprehensive economic response to the outbreak, applied the full flexibility of the EU fiscal rules, has revised its State Aid rules and proposed to set up a EUR 37 billion Coronavirus Response Investment Initiative to provide liquidity to small businesses and the health care sector. To support scientific research into the COVID-19, the European Commission has earmarked 47,5 million EUR for shortlisted research projects that can improve epidemiology and public health, including preparedness and response to outbreaks. The EU has also created first ever stockpile of medical equipment. EU Member States are also helping each other in this crisis, for example German hospitals offering to treat critical coronavirus patients from France as well as taking in patients from Italy, and the Czech Republic sending masks to Italy. Read more about the EU's response here and here.","This (the situation caused by the coronavirus) is certainly the nail in the coffin of the European Union as an idea and a system. Where is the mutual assistance between EU states? Where are the measures that should quickly and effectively stop the spreading of this pandemic from one country to another? Italians are so furious. They hoped that EU neighbours would help them, but they are being stamped down. They were put in a position where doctors must choose who lives and who dies. (…) Eastern E",estonian_native,fake,euvsdisinfo-native,et_6530
19.03.2020,/report/the-baltic-states-may-not-survive-the-coronavirus-related-economic-crisis,The Baltic states may not survive the coronavirus-related economic crisis,Rubaltic.ru,"Lithuania,Estonia,Latvia",The coronavirus attacked all foundations of beneficial post-Soviet model of the Baltic states’ existence. In the light of a coronavirus-related economic crisis the EU will radically cut subsidies for the Baltic states’ agriculture and infrastructural projects such as Rail Baltica. A total termination of EU subsidies to the Eastern European countries – another pillar of the Baltic states’ economies – cannot be ruled out. The Baltic states may not survive so considerable economic losses.,"This case is consistent with recurring pro-Kremlin narratives about socio-economic degradation in the Baltic States as opposed to their alleged well-being under the USSR and EU's imminent collapse due to coronavirus epidemic. In fact, the economic situation of all three Baltic States is strong and demonstrates some of the leading economic growth indicators in the EU. The dynamics over the past years are available here.Read earlier disinformation cases alleging that coronavirus and economic crisis caught the EU by surprise because of its Russophobia, that the Baltic states are dying because they chose not to be with Russia, that Lithuania will be depopulated in 20 years, that the EU intentionally destroyed economies of the Baltic states, and that they have lost industry, agriculture, and population as a result of EU membership.",The coronavirus attacked all foundations of beneficial post-Soviet model of the Baltic states’ existence. In the light of a coronavirus-related economic crisis the EU will radically cut subsidies for the Baltic states’ agriculture and infrastructural projects such as Rail Baltica. A total termination of EU subsidies to the Eastern European countries – another pillar of the Baltic states’ economies – cannot be ruled out. The Baltic states may not survive so considerable economic losses.,estonian_native,fake,euvsdisinfo-native,et_6531
16.03.2020,/report/response-measures-to-coronavirus-spread-demonstrate-the-decline-of-the-us-and-the-eu,Response measures to coronavirus demonstrate the decline of the US and the EU,Rubaltic.ru,"China,Italy,US,Lithuania,Estonia,Baltic states,Russia,Latvia","Response measures to the spread of COVID-19 demonstrate that NATO countries will lose in the global competition and in case of serious external threat, NATO countries will quarrel. Three conclusions can be drawn from the spread of coronavirus. First, the US will betray Europe at the earliest opportunity, they will not defend the Baltic states in case of military aggression. Second, the EU will collapse. Deep divisions among EU countries will become even deeper after the coronavirus. The EU’s migration crisis pushed the UK towards Brexit, similarly the absence of solidarity in combating coronavirus may provoke Italy’s exit from the EU. Third, Russia and China turn out to be more successful than the US and the EU. The latter’s status of promised land is turning into an exclusion zone. Russia and many non-Western countries proved to be more effective in addressing new threats. This means that the West’s global role will decrease even faster than before.","Attempt to discredit the NATO, US, and the EU. It is consistent with recurring pro-Kremlin narratives about the imminent collapse of the EU and other Western states and organisations and the US as an unreliable ally which does not care about the Baltic states. Read our past analysis 5 Common Pro-Kremlin Disinformation Narratives to learn more about this and the other most frequent propagandistic narratives. See earlier disinformation cases alleging that the U.S. will easily betray the Baltic states and hand them over to Russia, that Italy, Spain, Portugal, and possibly even France are in line to exit the EU, that a number of EU countries teeter on the brink of default, and that the EU is rotten and countries are leaving it.","Response measures to the spread of COVID-19 demonstrate that NATO countries will lose in the global competition and in case of serious external threat, NATO countries will quarrel. Three conclusions can be drawn from the spread of coronavirus. First, the US will betray Europe at the earliest opportunity, they will not defend the Baltic states in case of military aggression. Second, the EU will collapse. Deep divisions among EU countries will become even deeper after the coronavirus. The EU’s mig",estonian_native,fake,euvsdisinfo-native,et_6572
02.03.2020,/report/turkey-and-estonia-refusing-sputniks-reporting,Turkey and Estonia refuse Sputnik's reporting,arabic.sputniknews.com,"Turkey,Estonia,Russia","The most recent of journalistic difficulties was the arrest by the Turkish authorities of the editor-in-chief of Sputnik Turkey and three journalists when they were reporting threats against them, which were all released the same day because there was no evidence to prove the charges against them. In Estonia, the bank accounts of the employees of Sputnik were frozen, while those who continued working with the agency from home received legal threats from the police. Sputnik Estonia journalists reported that they had previously received letters from the Estonian police and border guards that included direct threats to open lawsuits against them if they do not cut all work relations with the Russian news agency.","As part of a narrative to emphasize an alleged Anti-Russian movement, different incidents have been falsely linked to each other. Turkish police detained 4 journalists of Russia’s Sputnik Turkiye news agency including editor-in-chief. According to the state-run news agency Anadolu, the journalists were “briefly detained” for investigation in line with Turkish Penal Code for ""insulting the Turkish nation, Turkish republic and state institutions"", and ""disturbing the unity of the state and the solidarity of the country”, over a report on a disputed referendum that gave the southern province of Hatay to Turkey in 1939. This came as tensions between Ankara and Moscow, which support opposing sides in the war in Syria, have escalated as Russia-backed Syrian forces intensified their assault in Idlib. The 4 journalists were later released after a phone call between the foreign ministers of the two countries. European Federation of Journalists (EFJ) Secretary-General Ricardo Gutierrez was even quoted saying “these journalists were the victims of escalating diplomatic relations between Ankara and Moscow as a result of the ongoing war in Syria, particularly in Idlib province.” On the other hand, in the case of Estonia where Sputnik is represented as a victim of unprecedented persecution, the country was just implementing economical sanctions on Russian companies, which are also valid for Sputnik, created by a Presidential decree. The steps taken by Estonia are based on Article 2 of the Council Regulation (EU) No 269/2014, which foresees freezing the assets of Dmitry Kiselyov, the Director-General of Rossiya Segodnya. As a result, Estonian banks froze accounts of Rossiya Segodnya and the Financial Intelligence Unit informed persons employed or contracted by Rossiya Segodnya that knowingly working for or providing services to a sanctioned person was forbidden. Estonia, which ranks 11th in the Reporters without Borders Press freedom index, has not even blocked Sputnik Estonia's website. The Minister of Foreign Affairs, Urmas Reinsalu has emphasised that Estonia has not taken any measures against the portal's media content nor its reporters. The agency has been forced to move out of its office in Tallinn because of its inability to pay the rent due to sanctions. In October 2019, Estonia-based branches of the foreign banks that operated the accounts of Rossiya Segodnya, the mother company of Sputnik, froze all its transfers, while other banks in Estonia refused to operate with the firm, which led to Sputnik Closing its Operations in Estonia.","The most recent of journalistic difficulties was the arrest by the Turkish authorities of the editor-in-chief of Sputnik Turkey and three journalists when they were reporting threats against them, which were all released the same day because there was no evidence to prove the charges against them. In Estonia, the bank accounts of the employees of Sputnik were frozen, while those who continued working with the agency from home received legal threats from the police. Sputnik Estonia journalists re",estonian_native,fake,euvsdisinfo-native,et_6730
24.02.2020,/report/high-rating-given-to-estonia-by-reporters-without-borders-is-fiction,"High rating given to Estonia by ""Reporters without borders"" is fiction","ru.armeniasputnik.am, ru.sputnik.md",Estonia,Such a situation is unacceptable in the European country. There is no freedom of speech in Estonia. Those high ratings given to them by “Reporters without borders” (RSF) are fictions.,"One of the methods of Kremlin disinformation is to deny the authority of international organisations and independent agencies and question their missions. Reporters Without Borders, also known as Reporters Sans Frontières (RSF), is a leading international non-profit and non-governmental organisation that safeguards the right to freedom of information. Its mandate is to promote free, independent and pluralistic journalism and to defend media workers. In Estonia, Sputnik is represented as a victim of unprecedented persecution. This kind of statements were debunked several times (read more here). The steps taken by Estonia are based on the Article 2 of the Council Regulation (EU) No 269/2014 on the territorial integrity of Ukraine that foresees freezing the assets of Dmitry Kiselyov, the Director-General of Rossija Segodnya. As for the freedom of speech, Estonia is indeed on the 11th place of Reporters without Borders Press freedom index. It's important to note that Estonia has not blocked Sputnik Estonia's website, as it is accessible and operational. The Minister of Foreign Affairs Urmas Reinsalu has emphasized that Estonia has not taken any measures against the portal's media content: ""They are financial sanctions aimed at economic activity. I believe it to be justified. We have notified the European Commission's Legal Service. European agencies have said in the Commission that steps taken by Estonia in exercising sanctions policy are warranted."" Sputnik was created by a Presidential decree with the aim to “report on the state policy of Russia abroad”. Numerous reports have described how top managers from all the large government-controlled outlets and some influential private media attend the weekly meetings where ""media managers receive guidelines that “help” them not to overstep the Kremlin’s so-called “double white lines”"".",Such a situation is unacceptable in the European country. There is no freedom of speech in Estonia. Those high ratings given to them by “Reporters without borders” (RSF) are fictions.,estonian_native,fake,euvsdisinfo-native,et_6794
19.02.2020,/report/estonia-and-the-eu-spread-lies-about-the-ussr-in-wwii,Estonia and the EU spread lies about the USSR in WWII,"ren.tv, tass.ru, Rubaltic.ru, russian.rt.com","Estonia,Baltic states","The new reality of Russia’s guilt in unleashing the World War II is hammered into the Western and Russian populations by the EU. At the same time, the EU absolutely ignores the sacrifices and efforts that the USSR took upon itself so that Europe could be whole today. This is blasphemy by the EU.","Recurring pro-Kremlin disinformation claiming that the European Union is trying to rewrite the history of World War II. See previous disinformation cases claiming that the Red Army liberated Estonia and that the resolution of the European Parliament shows that Europe has become insolent. The European Parliament resolution on the importance of European remembrance for the future of Europe stressed the fact that WWII was an immediate result of the Molotov-Ribbentrop Pact. The resolution is aimed at the promotion of historical remembrance about WWII and condemnation of totalitarian ideologies. See related disinformation cases here. The Estonian parliament has adopted a resolution “On Historical Memory and Falsification of History”. The preamble to the resolution condemns the Molotov-Ribbentrop Pact along with its secret protocols, which led to the WWII, the occupation of the Baltic States and the division of Poland between two totalitarian regimes. The resolution also expressed support for Poland and other European countries, which “Russia has recently blamed for the outbreak of World War II” and condemned “attempts of the authorities of the Russian Federation at rewriting history, denying the role of the Soviet Union as one of the main initiators of World War II and laying the blame on the victims of the aggression.”","The new reality of Russia’s guilt in unleashing the World War II is hammered into the Western and Russian populations by the EU. At the same time, the EU absolutely ignores the sacrifices and efforts that the USSR took upon itself so that Europe could be whole today. This is blasphemy by the EU.",estonian_native,fake,euvsdisinfo-native,et_6846
18.02.2020,/report/lithuania-a-so-called-country-opposes-belarusian-npp-out-of-jealousy-for-pompeos-visit-to-belarus,So-called country Lithuania opposes Belarusian NPP out of jealousy for Pompeo's visit to Belarus,Grodnodaily,"US,Belarus,Lithuania,Estonia,Latvia","Lithuania is a so-called country with little significance on the international stage. This is confirmed by the fact that US State Secretary Mike Pompeo did not visit Lithuania during his recent trip to Eastern Europe, including Belarus. The Lithuanian MFA addressed Latvian and Estonian counterparts to ban imports of Belarusian electricity out of jealousy. On the other hand, it was Washington who instructed Lithuania to declare the Belarusian NPP a threat to its national security. One of the preconditions of lifting US sanctions on Belarus is likely to be the dismantling of the Astravets NPP. In turn, the Belarusian opposition delivered the tasks set by the Baltic states to oppose construction of the NPP.","This is a mix of conspiracy theories aimed to distort Lithuania's position concerning the Belarusian NPP, to discredit Lithuania, the US, and the Belarusian opposition. It is consistent with recurring pro-Kremlin narratives about the West's activities to harm Belarus. Lithuania opposes the construction of the Astravets Nuclear power Plant (NPP) as the project does not comply with the international standards of environmental protection and nuclear safety, and is built on the site that was not duly justified over alternatives, according to Lithuania. On 7 June 2011, Lithuania lodged a complaint with the Implementing Committee of the Convention on Environmental Impact Assessment (the Espoo Convention) on the Astravets nuclear power plant case. The February 2019 draft decision of the Meeting of the Parties of the Espoo Convention acknowledged that Belarus had failed to comply with some Convention provisions and encouraged Belarus and Lithuania to continue bilateral expert consultations. On 20 April 2017, the Lithuanian parliament passed a bill imposing a ban on import of electricity from Belarus' nuclear power plant in Astravets. It was reported in early February 2020 that the governments of the three Baltic nations will sign a declaration of intent to oppose electricity purchases from the Astravets NPP. See earlier disinformation cases concerning the Belarusian NPP, including claims that Lithuania fights against Belarusian NPP on the orders of Sweden and Finland, Dalia Grybauskaitė's opposition to the NPP is an attempt to hide Lithuania's own failures in nuclear power, that the ""Chernobyl"" series aimed to discredit the Belarusian power plant and Belarus-Russia relations and that Western-financed environmental NGOs in Belarus stage a big campaign against Rosatom and Russia.","Lithuania is a so-called country with little significance on the international stage. This is confirmed by the fact that US State Secretary Mike Pompeo did not visit Lithuania during his recent trip to Eastern Europe, including Belarus. The Lithuanian MFA addressed Latvian and Estonian counterparts to ban imports of Belarusian electricity out of jealousy. On the other hand, it was Washington who instructed Lithuania to declare the Belarusian NPP a threat to its national security. One of the prec",estonian_native,fake,euvsdisinfo-native,et_6855
07.02.2020,/report/estonia-pressures-anyone-with-inconsistent-point-of-views,Estonia pressures anyone with points of view diverging from the official one,"news.akhbarten.com, elbayan-news.com, sabq-sa.com, news-araby.com, mbs.news, saadaonline.net, sptnkne.ws, abudhabi-news.com, news.miralnews.com, masr20.com, arabyoum.com, uk-arabicnews.comShow more",Estonia,"Estonian intelligence exerts a variety of methods to pressure the opposition and independent politicians, public figures, human rights activists and journalists who represent a point of view inconsistent with the country’s domestic and foreign policies, as well as defenders of the rights of Russian-speaking communities. “Sputnik – Estonia” news agency is under severe pressure from the authorities, which have increased greatly and amounted to repression and administrative restrictions since the fall of 2019 with the clear aim of liquidating the agency. There are British coordinators involved in the practices of the Estonian authorities.","This claim tries to show sanctions against Russia, due to its illegal actions in Ukraine, as unfair persecution against Sputnik and its employees, and against media freedom in general. Estonia is ranked as the 11th freest country in the world for press by Reporters Without Borders. Estonia is considered a consolidated democracy by Freedom House and a Flawed Democracy by the Economist Intelligence Unit's Democracy Index. Thus, Estonia is by no means a regime that pressures opposition or those who represent a point of view inconsistent with the country's domestic and foreign policies. Regarding censorship, Estonia has not blocked Sputnik Estonia's website and it is accessible. The Minister of Foreign Affairs Urmas Reinsalu has emphasized that Estonia has not taken any measures against the portal's media content: ""They are financial sanctions aimed at economic activity. I believe it to be justified. We have notified the European Commission's Legal Service. European agencies have said in the Commission that steps taken by Estonia in exercising sanctions policy are warranted."" The Article 2 of the Council Regulation (EU) No 269/2014 on the territorial integrity of Ukraine foresees freezing the assets of Dmitry Kiselyov, the Director-General of Rossija Segodnya. According to the articles of association of the company, the Director-General has the right to decide upon opening bank accounts and carry out invoicing. This corresponds to the condition ""having the right to use all or part of the assets of a legal person or entity"" in the EU Best Practices for the effective implementation of restrictive measures. As for the participation of Brits in the Estonian decision, this conspiracy theory is based on the concept that countries or organisations are not independent but under the control of other countries or organisations. Examples of such disinformation narratives include NATO's Eastern European members are under Washington’s political and military control or The Economist is a mouthpiece of the Rothschilds and Europe is a puppet of Washington.","Estonian intelligence exerts a variety of methods to pressure the opposition and independent politicians, public figures, human rights activists and journalists who represent a point of view inconsistent with the country’s domestic and foreign policies, as well as defenders of the rights of Russian-speaking communities. “Sputnik – Estonia” news agency is under severe pressure from the authorities, which have increased greatly and amounted to repression and administrative restrictions since the f",estonian_native,fake,euvsdisinfo-native,et_6960
06.02.2020,/report/the-eu-practises-censorship-and-war-propaganda-against-russia,The EU practises censorship and war propaganda against Russia,Sputnik Germany,"Estonia,Russia","The EU practises censorship and war propaganda against Russia. There is “censorship” and “war propaganda” in the EU and it is suspected that a “scheme” behind it is to be tested first in Estonia. (…) What’s going on right now is real censorship. But censorship is prohibited in Estonia by the constitution. (…) In January, the biggest NATO manoeuvre since the end of the Cold War began, Defender Europe 2020. This too is justified by the danger from the East. “This is war propaganda. We (Sputnik Estonia) do propaganda too, but in a way that we propagate good neighbourly relations between Russia and Estonia.”","Recurring pro-Kremlin disinformation narrative about the undemocratic EU and European values. It also contains recurring pro-Kremlin narratives about the West's deliberate anti-Russian activities, double standards and about Russophobia in the Baltic states. This claim tries to show sanctions against Russia, due to its illegal actions in Ukraine, as unfair persecution against Sputnik and its employees and against media freedom in general. Estonia ranks 11th in the Reporters without Borders Press freedom index. Estonia has not blocked Sputnik Estonia's website. The Minister of Foreign Affairs, Urmas Reinsalu has emphasised that Estonia has not taken any measures against the portal's media content: ""They are financial sanctions aimed at economic activity. I believe it to be justified. We have notified the European Commission's Legal Service. European agencies have said in the Commission that steps taken by Estonia in exercising sanctions policy are warranted."" Article 2 of the Council Regulation (EU) No 269/2014 on the territorial integrity of Ukraine foresees freezing the assets of Dmitry Kiselyov, the Director-General of Rossiya Segodnya. As a result, Estonian banks froze accounts of Rossiya Segodnya and the Financial Intelligence Unit informed persons employed or contracted by Rossiya Segodnya that knowingly working for or providing services to a sanctioned person was forbidden. Sputnik was created by a Presidential decree with the aim to “report on the state policy of Russia abroad”. Numerous reports have described how top managers from all the large government-controlled outlets and some influential private media attend weekly meetings where ""media managers receive guidelines that 'help' them not to overstep the Kremlin’s so-called 'double white lines'."" The EU vs Disinfo team has found 49 different Sputnik websites from all over the world and 31 of them are represented in the Disinformation cases database. Moreover, there is no ""war propaganda"" against Russia in Western media; Exercise Defender-Europe 2020 poses no threat to Russia. Western media represent a wide range of opinions and do not follow a single editorial policy on any given topic. The freest countries in terms of press freedom are predominantly European countries, including Norway, Finland, Sweden, Netherlands, Denmark, Switzerland, Belgium, Estonia, Portugal, Germany. See similar cases alleging that suspension of Sputnik Estonia is censorship and that the West wages information war against Russia.","The EU practises censorship and war propaganda against Russia. There is “censorship” and “war propaganda” in the EU and it is suspected that a “scheme” behind it is to be tested first in Estonia. (…) What’s going on right now is real censorship. But censorship is prohibited in Estonia by the constitution. (…) In January, the biggest NATO manoeuvre since the end of the Cold War began, Defender Europe 2020. This too is justified by the danger from the East. “This is war propaganda. We (Sputnik Est",estonian_native,fake,euvsdisinfo-native,et_6968
03.02.2020,/report/pace-manifests-double-standards,PACE manifests double standards,ru.armeniasputnik.am,"Estonia,Russia","The report on the freedom of journalists is biased and has become a manifestation of PACE’s double standards. Outrageous violations of journalists’ rights in Estonia and Ukraine remained ignored by the report. During the PACE session, a press conference was organised by Executive Director of Russia Today and Sputnik Estonia’s Chief Editor. However, their speech was not reflected in the report, but an attempt to offend Russia was made.","This is a recurring pro-Kremlin disinformation narrative about the Council of Europe, attempting to undermine the institution, as well as a recurring pro-Kremlin narrative about the West's deliberate anti-Russian activities, Russophobia and double standards. The Council of Europe is an international organisation whose stated aim is to uphold human rights, democracy, and the rule of law in Europe. The Council of Europe is not ""anti"" any country, nor does the PACE offend anyone. PACE resolutions aim at resolving existing problems and cannot be considered as steps against the country concerned. During the PACE winter session, the executive director of Russia Today and editor-in-chief of Sputnik Estonia claimed without evidence that there is no freedom of speech in Estonia, but rather total censorship. However, in resolution N2317, the Assembly noted that in fact the Russian Federation should ""address the problem of violence against journalists, including murders, physical attacks and threats, arrests, imprisonment, on-line harassment"", ""prevent police violence against journalists, as has happened during July-August 2019 demonstrations in Moscow"" and ""review the terms of reference of the Russian federal media regulator, Roskomnadzor, to limit its excessive power in the monitoring and censorship of the media, including on-line media; the blocking of independent media outlets without any warning or explanation, as recently happened to the Fergana news website, is an action amounting to censorship that is incompatible with the freedom of the media"". See similar cases claiming that the West practices double standards when dealing with Russia, that PACE is a propagandistic assembly that deals with Russophobia at all levels, that the Council of Europe is a completely meaningless and absolutely anti-Russian organisation, and that the Council of Europe is Russophobic and rulings from the Strasbourg Court are anti-Russian.","The report on the freedom of journalists is biased and has become a manifestation of PACE’s double standards. Outrageous violations of journalists’ rights in Estonia and Ukraine remained ignored by the report. During the PACE session, a press conference was organised by Executive Director of Russia Today and Sputnik Estonia’s Chief Editor. However, their speech was not reflected in the report, but an attempt to offend Russia was made.",estonian_native,fake,euvsdisinfo-native,et_7007
03.02.2020,/report/tartu-peace-treaty-is-null-and-void,Tartu Peace Treaty is null and void,"tass.ru, kp.ru",Estonia,"The statements of a number of Estonian politicians that the Tartu Peace Treaty continues to be valid are null and void from a legal point of view. We have repeatedly emphasized that the contract is not in the register of existing UN international treaties. Therefore, from a legal point of view, all these arguments of the Estonian side on the continuation of the document are absolutely insignificant. Such statements are made in order to maintain “the immediate interests of the part of the political elite of Estonia, which is stimulated from the outside”, to maintain tension in relations between Moscow and Tallinn.","The peace treaty between the Republic of Estonia and Soviet Russia was signed on 2 February 1920, and it ended the Estonian War of Independence that had lasted for nearly a year and a half. According to the treaty, Russia recognised Estonian independence de jure, renouncing voluntarily “for ever all rights of sovereignty formerly held by Russia over the Estonian people and territory”. It also established Estonia’s eastern border. To this day the section 122 of the constitution of Estonia reads: ""The land border of Estonia is determined by the Tartu Peace Treaty of 2 February 1920 and by other international border agreements."" Thus Estonia regards the Tartu Peace Treaty very much in effect. ""Attempts by Russia to falsify history by denying the annexation of Estonia constitutes vindication of the policy of spheres of influence and the violence of totalitarian regimes and is condemned by the Republic of Estonia,"" Minister of Foreign Affairs Urmas Reinsalu said. Minister Reinsalu also remarked that the Tartu Treaty is considered valid to this day, and is linked to the concepts of the illegal annexation of Estonia and the restoration of the country’s sovereignty. The claim about outside stimulation to maintain tensions between Moscow and Tallinn is a great example of ""under the control of"" narrative hinting Estonia is not really sovereign. Similar examples include Americans need to keep the Europeans under their tight control, and Ukraine has been under systematic external control. In the context of Soviet Russia recognizing the independence of the Republic of Estonia in perpetuity, it should also be noted that in 1944 Estonia did not join the Soviet Union but was rather invaded, occupied and annexed. Estonia regained independence in 1991, and Russian troops finally withdrew from Estonia in 1994.","The statements of a number of Estonian politicians that the Tartu Peace Treaty continues to be valid are null and void from a legal point of view. We have repeatedly emphasized that the contract is not in the register of existing UN international treaties. Therefore, from a legal point of view, all these arguments of the Estonian side on the continuation of the document are absolutely insignificant. Such statements are made in order to maintain “the immediate interests of the part of the politic",estonian_native,fake,euvsdisinfo-native,et_7011
03.02.2020,/report/when-it-comes-to-russia-europe-does-not-adhere-to-values,"When it comes to Russia, Europe does not adhere to values",ru.armeniasputnik.am,"Estonia,Russia","The Parliamentary Assembly of the Council of Europe coolly responded to the situation around Sputnik Estonia. When it comes to Russia, Europe does not consider it necessary to adhere to values. Europeans most likely understand that this is a part of big politics. A big process, and not just a whim of the Estonian authorities.","Recurring pro-Kremlin disinformation narrative on the undemocratic EU and on the failed European values. As well as a recurring pro-Kremlin narrative about the West's deliberate anti-Russian activities and double standards. The message also contents a narrative about big conspiracy, claiming that there is a shadow policy towards Russia, and countries obediently follow that. During the PACE winter session, the executive director of Russia Today and editor-in-chief of Sputnik Estonia claimed that there is no freedom of speech in Estonia, there is total censorship. However, in resolution N2317, the Assembly noted that the Russian Federation should ""address the problem of violence against journalists, including murders, physical attacksand threats, arrests, imprisonment, on-line harassment"", ""prevent police violence against journalists, as has happened during July-August 2019 demonstrations in Moscow"" and ""review the terms of reference of the Russian federal media regulator, Roskomnadzor, to limit its excessive power in the monitoring and censorship of the media, including on-line media; the blocking of independent media outlets without any warning or explanation, as recently happened to the Fergana news website, is an action amounting to censorship that is incompatible with the freedom of the media"". Read similar cases, claiming that the EU is a deeply undemocratic construct, and the EU is built on anti-European values, Russia is real Europe.","The Parliamentary Assembly of the Council of Europe coolly responded to the situation around Sputnik Estonia. When it comes to Russia, Europe does not consider it necessary to adhere to values. Europeans most likely understand that this is a part of big politics. A big process, and not just a whim of the Estonian authorities.",estonian_native,fake,euvsdisinfo-native,et_7014
02.02.2020,/report/the-us-defender-2020-military-manoeuvre-is-explicitly-directed-against-russia,The US Defender 2020 military manoeuvre is explicitly directed against Russia,RT Germany - YouTube,"Poland,Germany,Lithuania,Estonia,Latvia","The US Defender 2020 military manoeuvre, with Germany as the logistical hub, is explicitly directed against Russia. The exercise is a mistake, the West is in a phase where it has to approach Russia because it needs Russia to solve the global problems in the Middle East and in North Africa. These problems are much more acute than the problems in Ukraine. But unfortunately, a large part of the German leadership elite today is of the opinion that everything possible must be done to show solidarity with the Poles and the Balts.","Recurring pro-Kremlin disinformation narrative about the West/ NATO threatening or encircling Russia and the US-led military exercise ""Defender-Europe 2020"", which is not aimed or targeted at Russia. US Major General Andrew Rohling Deputy Commanding General for the US Army in Europe, informs that the US-led exercise ""Defender 2020"" is an American exercise with 18 NATO partner countries. Rohling emphasises that the aim of the exercise is not to target any country, but rather to test strategic readiness and how to react to a crisis. Exercise Defender-Europe 2020 is the deployment of a division-size combat-credible force from the United States to Europe, the drawing of equipment and the movement of personnel and equipment across the Atlantic to various training areas in Europe, like Germany and Poland. With US Defender Europe 2020, the 18 participating NATO-countries are therefore practising procedures to ensure and demonstrate the ability to relocate and also to confirm the alliance's commitment to supporting and, in particular, to show the United States' commitment to Europe's security. There are 37,000 participants - of which up to 20,000 from the USA are to be relocated to Europe - and takes place from January to May 2020. U.S. service members will then spread out across the region to establish intermediate staging bases with multinational forces and participate in various annual exercises. For more information about the exercise: US Army Europe Website and Factsheet about Defender 2020 and updates from the Bundeswehr (German Army).","The US Defender 2020 military manoeuvre, with Germany as the logistical hub, is explicitly directed against Russia. The exercise is a mistake, the West is in a phase where it has to approach Russia because it needs Russia to solve the global problems in the Middle East and in North Africa. These problems are much more acute than the problems in Ukraine. But unfortunately, a large part of the German leadership elite today is of the opinion that everything possible must be done to show solidarity ",estonian_native,fake,euvsdisinfo-native,et_7021
31.01.2020,/report/russian-media-example-objective-reporting-wwii-events,Russian-language media are an example of objective reporting on WWII events,es.news-front.info,"Poland,Lithuania,Estonia,Russia,Latvia","Russian language media are an example of precise and objective reporting on WWII events, compared to media in the Baltic States, Poland and some other Eastern European countries who openly distort the truth about the war.","This case is part of the ongoing Russian disinformation campaign to present the Kremlin’s version of World War II which portrays the Red Army as liberators from the Nazis while ignoring the impact of the Soviet occupation of Eastern Europe, denouncing references to it as ‘revisionism’. Russian media have been playing a part of this scheme of disinformation on WWII for a long time now. You can see other examples of this disinformation narratives in our dabatase, such as denounciations of the European Parliament for its alleged attempts to demonise Russia, or accusations of revisionism against Poland and the Baltics which aim to hide their own cooperation with Nazi Germany and the Polish responsibility for the outbreak of WWII with the objective of obtaining economic benefits, or that it does not wish to condemn anti-Semitism, to weaken Russia’s stance on the international stage and ultimately, to destroy Russia.","Russian language media are an example of precise and objective reporting on WWII events, compared to media in the Baltic States, Poland and some other Eastern European countries who openly distort the truth about the war.",estonian_native,fake,euvsdisinfo-native,et_7032
28.01.2020,/report/russian-journalists-are-being-repressed-in-latvia-lithuania-estonia-poland-germany-france-and-the-uk,"Russian journalists are being repressed in Latvia, Lithuania, Estonia, Poland, Germany, France and the UK",ru.armeniasputnik.am,"UK,France,Poland,Germany,Lithuania,Estonia,Latvia","Russian journalists are being repressed in Latvia, Lithuania, Estonia, Poland, Germany, France and the UK. We are talking about systematic deprivation of accreditation, immediate threats, including criminal prosecution, exclusion from the events. Only because these people decided to choose the Sputnik.","Sputnik was created by a Presidential decree with the aim to “report on the state policy of Russia abroad”. Numerous reports have described how top managers from all the large government-controlled outlets and some influential private media attend the weekly meetings where ""media managers receive guidelines that 'help' them not to overstep the Kremlin’s so-called 'double white lines'."" In all of the mentioned countries Sputnik and RT are being accused of spreading disinformation, violating copyrights, acting as a propaganda instrument. Here are some examples. In Estonia, Sputnik is represented as a victim of unprecedented persecution. This kind of statements were debunked several times. Read here. The steps taken by Estonia are based on the Article 2 of the Council Regulation (EU) No 269/2014 on the territorial integrity of Ukraine that foresees freezing the assets of Dmitry Kiselyov, the Director-General of Rossija Segodnya. Lithuania is claimed to follow totalitarian laws, while Sputnik fights against intolerance. This came as in mid-2019 a court in Vilnius ruled on blocking Sputnik Lithuania over copyright issues. Broadcasting service (LRT) approached the Radio and Telecommunications Committee and pointed out in a statement that Sputnik had illegally used LRT materials at least 1464 times in violation of copyrights. Lithuanian Sputnik had continued to distribute illegal material and had not reacted to repeated requests by the National Broadcasting service to stop the abuse of copyright infringement. In Latvia, in 2016, Latvia's domain registry shut the website of Sputnik Latvia after receiving a letter of concern from the Latvian Foreign Ministry, which drew attention to Sputnik's coverage of Ukraine and routine denial of the embattled nation's territorial integrity. In July 2019, Latvian authorities blocked access to the online portal baltnews.lv, owned by Rossiya Segodnya. In the UK, in 2019, Russia's RT and Sputnik news agencies have been banned from attending a conference on media freedom in London for playing an ""active role in spreading disinformation"". In July of the same year, RT received a fine of 20,000 British pounds from the British regulator OFCOM ""for serious failures to comply with our broadcasting rules"". Talking about France, Sputnik insisted that French society needs high-quality journalism, that they deliver, that is why they are being harassed. In reality, the French broadcasting regulator, the Conseil Supérieur de l’Audiovisuel (CSA), issued a warning to RT over a falsified report contesting the use of chemical weapons against Syrian civilians. Read about the situation with Sputnik and RT in France here. In Germany, it is claimed that there's a long-standing campaign to discredit Russian media. Government spokesman Steffen Seibert reacted to these accusations: ""Anyone who makes such absurd allegations in the world has little knowledge of Germany and little idea of freedom of the press,"" said government spokesman Seibert. German authorities emphasized, that the Russian government is expanding its media offerings in Germany in order to increase its influence. State enterprises are disguised as independent media to hide the fact that they belong to the Russian state. The most important of these are the Internet channel RT Deutsch and the Sputnik news agency. Europe has been working to expose Kremlin-backed propaganda campaigns for years. EU countries develope new legislative norms to counter disinformation flow. As European Commission Vice President Věra Jourová said: ""We are not seeking one magical instrument that will solve the problem,"" adding that the EU was looking to come up with cross-sector strategies to counter disinformation campaigns. The EU vs Disinfo team has found 49 different Sputnik websites from all over the world and 31 of them are in the Disinformation cases database, meaning those outlets have been reported publishing disinformation.","Russian journalists are being repressed in Latvia, Lithuania, Estonia, Poland, Germany, France and the UK. We are talking about systematic deprivation of accreditation, immediate threats, including criminal prosecution, exclusion from the events. Only because these people decided to choose the Sputnik.",estonian_native,fake,euvsdisinfo-native,et_7065
28.01.2020,/report/there-is-no-freedom-of-speech-in-estonia-but-an-absolute-censorship,"There is no freedom of speech in Estonia, but an absolute censorship",ru.armeniasputnik.am,Estonia,"Total chaos is happening in Estonia. There is no freedom of speech in this European country. There is absolute censorship, although it is banned in Estonia. Authorities do not react to the situation. At the same time, a significant part of Sputnik Estonia employees are citizens of this country.","This claim tries to show sanctions against Russia, due to its illegal actions in Ukraine, as unfair persecution against Sputnik and its employees, and against media freedom in general. Estonia is on the 11th place of Reporters without Borders Press freedom index. Regarding censorship, Estonia has not blocked Sputnik Estonia's website and it is accessible. The Minister of Foreign Affairs Urmas Reinsalu has emphasized that Estonia has not taken any measures against the portal's media content: ""They are financial sanctions aimed at economic activity. I believe it to be justified. We have notified the European Commission's Legal Service. European agencies have said in the Commission that steps taken by Estonia in exercising sanctions policy are warranted."" The Article 2 of the Council Regulation (EU) No 269/2014 on the territorial integrity of Ukraine foresees freezing the assets of Dmitry Kiselyov, the Director-General of Rossija Segodnya. According to the articles of association of the company, the Director-General has the right to decide upon opening bank accounts and carry out invoicing. This corresponds to the condition ""having the right to use all or part of the assets of a legal person or entity"" in the EU Best Practices for the effective implementation of restrictive measures. Furthermore, claims that the Estonian laws only foresee asset freezing for people on an EU personal sanctions list is incorrect. ""This means that if Rossiya Segodnya, which is controlled by Dmitry Kiselyov, against whom sanctions have been imposed, has assets in Estonia, they must be frozen and access must not be given to funds or economic resources, that is provide services that would enable Rossiya Segodnya to do business. When it comes to Estonia, this prohibition applies to people operating in the territory of Estonia,"" head of anti-money laundering authority the Financial Intelligence Unit (FIU), Madis Reimand, said. The EU vs Disinfo team has found 49 different Sputnik websites from all over the world and 31 of them are in the Disinformation cases database, meaning those outlets have been reported publishing disinformation. Sputnik Estonia is represented in that database both in Estonian and in Russian languages. Similar cases about Sputnik Estonia can be read here.","Total chaos is happening in Estonia. There is no freedom of speech in this European country. There is absolute censorship, although it is banned in Estonia. Authorities do not react to the situation. At the same time, a significant part of Sputnik Estonia employees are citizens of this country.",estonian_native,fake,euvsdisinfo-native,et_7069
24.01.2020,/report/poland-baltic-states-and-ukraine-are-russophobic-and-anti-semitic,"Poland, Baltic states and Ukraine are Russophobic and anti-Semitic",ru.armeniasputnik.am,"Poland,Germany,Lithuania,Estonia,Baltic states,Ukraine,Russia,Latvia","It is not surprising that the events dedicated to the Holocaust victims memory were not honoured by the presidents of Poland, Baltic countries, and Ukraine. Volodimir Zelenskyy came to Israel but did not go to the world forum to combat anti-Semitism. The point here is not only the long-standing anti-Semitism common in these countries. All these states are infected with Russophobia. They are trying to present the defeat of Nazi Germany as a simple change of one occupation to another – German to Soviet. The thesis of a “war on two fronts,” against the “two totalitarian regimes” unites Warsaw and Vilnius, Riga and Tallinn. Kyiv joined them as well.","A recurrent pro-Kremlin narrative on anti-Semitism and Russophobia. An attempt to depict EU member states and Ukraine as anti-Semitic. Anti-Semitism is a tragic part of European history, and few countries can claim to have never hosted anti-Semitic sentiment. There is also no doubt that the manifestations of anti-Semitism still can be encountered in the European public discourse. EU and all member states have at several occasions clearly denounced anti-Semitism and committed to combating it. Regarding Ukraine, the National Minorities Monitoring Group of Ukraine informs that there have been no acts of anti-Semitic violence in Ukraine and relatively small anti-Semitic vandalism in the last two years. The Group’s monitoring has found that ""there is no antisemitic violence in Ukraine and that Ukrainian Jews are not confronted with direct physical danger."" ""However, some anti-Semitic vandalism occurs, such as the desecration of graves, synagogues and memorials to victims of the Holocaust. In 2018, there were 12 such cases, which is half of the previous year."" In general, the Group concludes that the number of vandalism cases has decreased over recent years. The report of the Israeli Government for 2018 confirms these conclusions. The report does not mention any examples of violence against Jews in Ukraine in 2018. It has also underlined the significant decrease in the number of acts of vandalism. The report also states that some of the cases that were reported in the media ""might have been created artificially to damage the international image of Ukraine."" According to the Pew Research Centre, the level of anti-Semitism in Ukraine is one of the smallest among countries of Central and Eastern Europe. Check further debunking by StopFake. As for the Baltic States, the accusation of ignoring the commemoration of the Holocaust victims is a recurring disinformation narrative. Lithuanian and Latvian presidents attended the ceremony to commemorate the victims of Holocaust in Poland. Lithuanian and Latvian speakers of parliament attended the forum in Jerusalem. Read our past stories about Russophobia in the Baltic states and elsewhere The “Russophobia” Myth: Appealing to the Lowest Feelings and see similar disinformation cases alleging that Russophobia is the main activity of the Latvian state, that Latvia is a US vassal state, that Russophobic Lithuania plans to tear Belarus away from Russia by dragging it into the Western energy network, and that Russophobe and fascist Estonia persecutes the participants of the “Immortal Regiment” procession.","It is not surprising that the events dedicated to the Holocaust victims memory were not honoured by the presidents of Poland, Baltic countries, and Ukraine. Volodimir Zelenskyy came to Israel but did not go to the world forum to combat anti-Semitism. The point here is not only the long-standing anti-Semitism common in these countries. All these states are infected with Russophobia. They are trying to present the defeat of Nazi Germany as a simple change of one occupation to another – German to S",estonian_native,fake,euvsdisinfo-native,et_7117
22.01.2020,/report/baltic-states-are-under-nato-occupation,Baltic states are under NATO occupation,Geopolitica.ru - Italian,"Lithuania,Estonia,Baltic states,Russia,Latvia",Baltic states are under NATO occupation.,"Recurring pro-Kremlin narrative claiming that the Baltic states are under the US and/or NATO control. This narrative aims at undermining the sovereignty of the Baltic States. A related recurring pro-Kremlin narrative claims that NATO is a tool used by the US to control the policies of European states. Lithuania, Latvia and Estonia made a sovereign decision to become part of NATO, joining on the 29th of March 2004. NATO is a political and military alliance, and NATO member states make sovereign decisions about their own security. NATO and US military presence in these states is possible only on the basis of the clear consent of the hosting nation. NATO decisions are made by consensus, after discussion and consultation among member countries. Lost sovereignty is one of the most common pro-Kremlin propaganda narratives. Pro-Kremlin disinformation sources like to claim that certain countries are no longer truly sovereign. Examples of this narrative are numerous: Ukraine is ruled by foreigners, the Baltic states are not really countries, the EU is directed by Washington. Read here similar cases claiming that Lithuania is temporarily NATO-occupied territory ruled by non-Lithuanians, that Eastern European countries in NATO are under Washington’s political and military control, that the US views the Baltic states not as independent countries but as a NATO springboard for conducting a military attack against Belarus and Russia, and that the Baltic states are dying because they chose not to be with Russia.",Baltic states are under NATO occupation.,estonian_native,fake,euvsdisinfo-native,et_7130
17.01.2020,/report/the-sanctions-put-on-dmitry-kiselev-do-not-concern-the-rt-agency,The sanctions put on Dmitry Kiselyov do not concern the RT agency,Sputnik Azerbaijan - Russian,"Estonia,Russia","Tallinn justified its actions [towards Russia Today and Sputnik Estonia] by fulfilling the sanctions that the EU imposed in March 2014 against some Russian individuals and legal entities, including Dmitry Kiselev, general director of the MIA Russia Today. However, the agency (RT) is not affected by these measures.","Recurring pro-Kremlin disinformation narrative painting Western governments as hostile toward ""alternative voices"" in the media, particularly Russian ones. The steps taken by Estonia are based on the Article 2 of the Council Regulation (EU) No 269/2014 on the territorial integrity of Ukraine that foresees freezing the assets of Dmitry Kiselyov, the Director-General of Rossija Segodnya. According to the articles of association of the company, the Director General has the right to decide upon opening bank accounts and carry out invoicing. This corresponds to the condition ""having the right to use all or part of the assets of a legal person or entity"" in the EU Best Practices for the effective implementation of restrictive measures. Furthermore, claims that the Estonian laws only forsees asset freezing for people on an EU personal sanctions list is incorrect. ""This means that if Rossiya Segodnya, which is controlled by Dmitry Kiselyov, against whom sanctions have been imposed, has assets in Estonia, they must be frozen and access must not be given to funds or economic resources, that is provide services that would enable Rossiya Segodnya to do business. When it comes to Estonia, this prohibition applies to people operating in the territory of Estonia,"" head of anti-money laundering authority the Financial Intelligence Unit (FIU) Madis Reimand said. In 2015, Barclays bank closed the account used by the agency in the UK. In 2016, Latvia's domain registry shut the website of Sputnik Latvia after receiving a letter of concern from the Latvian Foreign Ministry, which drew attention to Sputnik's coverage of Ukraine and routine denial of the embattled nation's territorial integrity. In July 2019, Latvian authorities blocked access to the online portal baltnews.lv, owned by Rossiya Segodnya, because of the EU sanctions. In mid-2019, a court in Vilnius ruled on blocking Sputnik Lithuania over copyright issues. Estonia is on the 11th place of Reporters without Borders Press freedom index. Estonia has not blocked Sputnik Estonia's website, it is accessible and operational. The Minister of Foreign Affairs Urmas Reinsalu has emphasized that Estonia has not taken any measures against the portal's media content: ""They are financial sanctions aimed at economic activity. I believe it to be justified. We have notified the European Commission's Legal Service. European agencies have said in the Commission that steps taken by Estonia in exercising sanctions policy are warranted."" Sputnik was created by a Presidential decree with the aim to “report on the state policy of Russia abroad”. Numerous reports have described how top managers from all the large government-controlled outlets and some influential private media attend the weekly meetings where ""media managers receive guidelines that “help” them not to overstep the Kremlin’s so-called “double white lines”"". The EU vs Disinfo team has found 49 different Sputnik websites from all over the world and 31 of them are represented in the Disinformation cases database. Sputnik Estonia is represented in that database both in Estonian and in Russian languages.","Tallinn justified its actions [towards Russia Today and Sputnik Estonia] by fulfilling the sanctions that the EU imposed in March 2014 against some Russian individuals and legal entities, including Dmitry Kiselev, general director of the MIA Russia Today. However, the agency (RT) is not affected by these measures.",estonian_native,fake,euvsdisinfo-native,et_7178
16.01.2020,/report/the-eu-intentionally-destroyed-economies-of-the-baltic-states,The EU intentionally destroyed economies of the Baltic states,Sonar2050,"Lithuania,Estonia,Latvia",The Baltic states are facing demographic catastrophe because its youth emigrated. This happened as a result of the EU’s deliberate destruction of the Baltic states’ economies.,"This is a conspiracy theory and propagandistic claim aimed at discrediting the EU and its economic policies and to ridicule the Baltic states by exacerbating the demographic decline that they face. In fact, many other eastern European countries experience a population decline, including Russia. Economies of the Baltic states during their EU membership grew at a much higher rate than Eurozone economies. Although the GDP per capita in the Baltic states remains below the EU average, it has been rapidly approaching the average. For instance, this indicator for Estonia stood at 54% when the country joined the EU and increased to 77% by 2017. The economic situation of all three Baltic states is rather positive and demonstrates one of the leading economic growth indicators in the EU. The dynamics within the last years can be seen here. Although Lithuania did encounter large emigration flows, the trend is slowly reversing with an increasing number of Lithuanians coming back. A similar trend is observed in Latvia. However, the trend is absolutely the opposite in Estonia, where already for the third year in a row in 2018, immigration exceeds emigration. Read earlier disinformation cases alleging that the Baltic states are dying because they chose not to be with Russia, that Lithuania will be depopulated in 20 years.",The Baltic states are facing demographic catastrophe because its youth emigrated. This happened as a result of the EU’s deliberate destruction of the Baltic states’ economies.,estonian_native,fake,euvsdisinfo-native,et_7195
16.01.2020,/report/suspension-of-sputnik-estonia-is-censorship,Suspension of Sputnik Estonia is censorship,ru.armeniasputnik.am,Estonia,Residents of Estonia decided that the suspension of Sputnik is censorship. These were viewers who watched a discussion program on the Estonian TV channel ETV+ on sanctions against the agency. Political and economic sanctions against journalists are censorship.,"Estonia is on the 11th place of Reporters without Borders Press freedom index. Estonia has not blocked Sputnik Estonia's website and it is accessible. The Minister of Foreign Affairs Urmas Reinsalu has emphasized that Estonia has not taken any measures against the portal's media content: ""They are financial sanctions aimed at economic activity. I believe it to be justified. We have notified the European Commission's Legal Service. European agencies have said in the Commission that steps taken by Estonia in exercising sanctions policy are warranted."" The steps taken by Estonia are based on the Article 2 of the Council Regulation (EU) No 269/2014 on the territorial integrity of Ukraine that foresees freezing the assets of Dmitry Kiselyov, the Director-General of Rossija Segodnya. According to the articles of association of the company, the Director-General has the right to decide upon opening bank accounts and carry out invoicing. This corresponds to the condition ""having the right to use all or part of the assets of a legal person or entity"" in the EU Best Practices for the effective implementation of restrictive measures. Furthermore, claims that the Estonian laws only foresee asset freezing for people on an EU personal sanctions list is incorrect. ""This means that if Rossiya Segodnya, which is controlled by Dmitry Kiselyov, against whom sanctions have been imposed, has assets in Estonia, they must be frozen and access must not be given to funds or economic resources, that is provide services that would enable Rossiya Segodnya to do business. When it comes to Estonia, this prohibition applies to people operating in the territory of Estonia,"" head of anti-money laundering authority the Financial Intelligence Unit (FIU), Madis Reimand, said. Sputnik was created by a Presidential decree with the aim to “report on the state policy of Russia abroad”. Numerous reports have described how top managers from all the large government-controlled outlets and some influential private media attend the weekly meetings where ""media managers receive guidelines that 'help' them not to overstep the Kremlin’s so-called 'double white lines'."" The EU vs Disinfo team has found 49 different Sputnik websites from all over the world and 31 of them are represented in the Disinformation cases database. Sputnik Estonia is represented in that database both in Estonian and in Russian languages.",Residents of Estonia decided that the suspension of Sputnik is censorship. These were viewers who watched a discussion program on the Estonian TV channel ETV+ on sanctions against the agency. Political and economic sanctions against journalists are censorship.,estonian_native,fake,euvsdisinfo-native,et_7196
12.01.2020,/report/many-estonian-politicians-including-the-spokesman-of-the-estonian-parliament-want-to-ban-russian-media-and-the-russian-language-in-estonia,Many Estonian politicians want to ban Russian media and the Russian language in Estonia,it.sputniknews.com,Estonia,"The president of the Estonian Parliament is apparently inspired by his success in the fight against Sputnik Estonia employees. Many Estonian politicians, including the president of the Estonian Parliament, want to ban Russian media and the Russian language in Estonia.","Recurrent Russian disinformation narrative that portrays Baltic states as dictatorial regimes that practice discrimination against their Russian minorities and that accuse Estonia in particular of oppressing Russian media and of currently persecuting Sputnik Estonia. The claim of the Russian government that Estonia is restricting the content of the local Sputnik branch and obstructing media freedom is not true. As Dmitry Kiselyov, the Director-General of Rossiya Segodnya (the parent company of Sputnik Estonia), is on the list of sanctioned persons, Sputnik Estonia has been affected. Rossiya Segodnya founded Sputnik in 2014 as its international branch. Dmitry Kiselyov, the Director-General of Rossiya Segodnya, was added to the list of individuals subject to sanctions because he played a central role in the propaganda of the Russian Federation that supported the attack on Ukraine (i.e. the annexation of Crimea in 2014 and the military actions of the Russian Federation in eastern and southeast Ukraine). As Dmitry Kiselyov is subject to financial sanctions, Estonian banks froze the bank accounts and payments of Rossiya Segodnya. The journalistic content of Sputnik was irrelevant in the sanctioning process, as follows, Rossiya Segodnya’s TV channel and Sputnik Estonia’s websites are fully operational and open. The decisive factor was the role that the Director-General of Rossiya Segodnya Dmitry Kiselyov played in Russia’s aggression against Ukraine, as well as his personal involvement in and financial gain from Rossiya Segodnya’s activities. Read here a similar case claiming that Sputnik is the victim of unprecedented persecution in “totalitarian” Estonia. As for language, the pro-Kremlin media has been accusing the Baltics in forcing Russians to speak local languages for a long time. Its sometimes also connected with Russophobia. See other stories on the alleged suppression of Russian language in Lithuania and Latvia.","The president of the Estonian Parliament is apparently inspired by his success in the fight against Sputnik Estonia employees. Many Estonian politicians, including the president of the Estonian Parliament, want to ban Russian media and the Russian language in Estonia.",estonian_native,fake,euvsdisinfo-native,et_7239
10.01.2020,/report/sputnik-estonia-closed-due-to-government-harassment,Tallinn waged crusade against critical media,RT English,"Estonia,Russia","Tallinn waged its aggressive crusade against critical media under the pretext of observing the EU sanctions regime, which includes personal sanctions against the director of Sputnik’s parent holding. Estonia is the only EU country which has used the law for such purposes.","Recurring pro-Kremlin disinformation narrative painting Western governments as hostile toward ""alternative voices"" in the media, particularly Russian ones. Estonia is on the 11th place of Reporters without Borders Press freedom index. Estonia has not blocked Sputnik Estonia's website, it is accessible and operational. The Minister of Foreign Affairs Urmas Reinsalu has emphasized that Estonia has not taken any measures against the portal's media content: ""They are financial sanctions aimed at economic activity. I believe it to be justified. We have notified the European Commission's Legal Service. European agencies have said in the Commission that steps taken by Estonia in exercising sanctions policy are warranted."" Therefore all actions taken in relation to Sputnik are aimed at economic activity and not against the outlet's news content, and have a basis in both EU (see Art. 2(1)) and Estonian (see para. 93.1) legislation. The Article 2 of the Council Regulation (EU) No 269/2014 on the territorial integrity of Ukraine foresees freezing the assets of Dmitry Kiselyov, the Director General of Rossiya Segodnya. As a result, Estonian banks froze accounts of Rossiya Segodnya and the Financial Intelligence Unit informed persons employed or contracted by Rossiya Segodnya that knowing performance of work or services to a sanctioned person was forbidden. Sputnik was created by a Presidential decree with the aim to “report on the state policy of Russia abroad”. Numerous reports have described how top managers from all the large government-controlled outlets and some influential private media attend the weekly meetings where ""media managers receive guidelines that “help” them not to overstep the Kremlin’s so-called “double white lines”"". The EU vs Disinfo team has found 49 different Sputnik websites from all over the world and 31 of them are in the Disinfrormation cases database, meaning those outlets have been reported publishing disinformation. Sputnik Estonia is represented in that database both in Estonian and in Russian languages. It is not true that Estonia is the only country to have followed the procedure. In 2015, Barclays bank closed the account used by the agency in the UK. In 2016, Latvia's domain registry shut the website of Sputnik Latvia after receiving a letter of concern from the Latvian Foreign Ministry, which drew attention to Sputnik's coverage of Ukraine and routine denial of the embattled nation's territorial integrity. In July 2019, Latvian authorities blocked access to the online portal baltnews.lv, owned by Rossiya Segodnya, referring to the EU sanctions. In mid-2019, a court in Vilnius ruled on blocking Sputnik Lithuania over copyright issues.","Tallinn waged its aggressive crusade against critical media under the pretext of observing the EU sanctions regime, which includes personal sanctions against the director of Sputnik’s parent holding. Estonia is the only EU country which has used the law for such purposes.",estonian_native,fake,euvsdisinfo-native,et_7254
02.01.2020,/report/estonia-lost-the-power-of-tartu-when-it-joined-the-ussr,The Treaty of Tartu has lost its force,"arabic.rt.com, m.akhbarelyom.com, m.akhbarelyom.com, shorouknews.com, albawabhnews.com, akhbarak.net, watan-m3k.com, capbonnews.com, shamra.sy, nabd.com, elaosboa.news, emeknes.com, rtarab.com, bbcnews1.com, bbcnews1.com, hamsnews.com, lakom.co.il, hamsnews.com, elbayan-news.com, abudhabi-news.com, ajel.sahafahn.net, akhbaralyawm.com, masr20.com, bbcnews1.com, news-araby.com, elbayan-news.com, elbayan-news.com, sabq-sa.com, news.akhbarten.com, ruarab.top, saadaonline.net, abudhabi-news.com, bbcnews1.com, albidda.net, news.miralnews.com, belbalady.net, Khabaralyoum, uk-arabicnews.com, akherkhabrtoday.com, arabyoum.com, mail.lomazoma.com, akhbarlibya, eshraag.com, dmcnews.org, mbs.newsShow more","USSR,Estonia,Russia","Moscow currently regards the Treaty of Tartu as a historical document that lost its legal force long ago. In 1944, Estonia joined the Soviet Union.","The peace treaty between the Republic of Estonia and Soviet Russia was signed on 2 February 1920, and it ended the Estonian War of Independence that had lasted for nearly a year and a half. According to the treaty, Russia recognised Estonian independence de jure, renouncing voluntarily “for ever all rights of sovereignty formerly held by Russia over the Estonian people and territory”. It also established Estonia’s eastern border. To this day the section 122 of the constitution of Estonia reads: ""The land border of Estonia is determined by the Tartu Peace Treaty of 2 February 1920 and by other international border agreements."" Thus Estonia regards the Tartu Peace Treaty very much in effect. ""Attempts by Russia to falsify history by denying the annexation of Estonia constitutes vindication of the policy of spheres of influence and the violence of totalitarian regimes and is condemned by the Republic of Estonia,"" Minister of Foreign Affairs Urmas Reinsalu said. Minister Reinsalu also remarked that the Tartu Treaty is considered valid to this day, and is linked to the concepts of the illegal annexation of Estonia and the restoration of the country’s sovereignty. In 1944, Estonia did not join the Soviet Union but was rather invaded, occupied and annexed. Estonia regained independence in 1991, Russian troops finally withdrew Estonia in 1994.","Moscow currently regards the Treaty of Tartu as a historical document that lost its legal force long ago. In 1944, Estonia joined the Soviet Union.",estonian_native,fake,euvsdisinfo-native,et_7285
01.01.2020,/report/there-is-no-freedom-of-speech-in-estonia,There is no freedom of speech in Estonia,Sputnik Estonia,Estonia,"The only thing we are guilty of is the fact that we are journalists working for an outlet independent of any government. While we fight for the right to continue our work, we also fight for the rights of readers in Estonia and abroad to access the full spectrum of information. This is called freedom of speech, that, sadly, is missing in Estonia today, despite the fact that according to Reporters without borders, our country is fit for 11th place in the Press freedom index.","As for the freedom of speech, Estonia is indeed on the 11th place of Reporters without Borders Press freedom index. It's important to note that Estonia has not blocked Sputnik Estonia's website, as it is accessible and operational. The Minister of Foreign Affairs Urmas Reinsalu has emphasized that Estonia has not taken any measures against the portal's media content: ""They are financial sanctions aimed at economic activity. I believe it to be justified. We have notified the European Commission's Legal Service. European agencies have said in the Commission that steps taken by Estonia in exercising sanctions policy are warranted."" Sputnik was created by a Presidential decree with the aim to “report on the state policy of Russia abroad”. Numerous reports have described how top managers from all the large government-controlled outlets and some influential private media attend the weekly meetings where ""media managers receive guidelines that “help” them not to overstep the Kremlin’s so-called “double white lines”"". The EU vs Disinfo team has found 49 different Sputnik websites from all over the world and 31 of them are in the Disinfrormation cases database, meaning those outlets have been reported publishing disinformation. Sputnik Estonia is represented in that database both in Estonian and in Russian languages. Article 2 of the Council Regulation (EU) No 269/2014 on the territorial integrity of Ukraine foresees freezing the assets of Dmitry Kiselyov, the Director General of Rossiya Segodnya. As a result, Estonian banks froze accounts of Rossiya Segodnya and the Financial Intelligence Unit informed persons employed or contracted by Rossiya Segodnya that knowing performance of work or services to a sanctioned person was forbidden.","The only thing we are guilty of is the fact that we are journalists working for an outlet independent of any government. While we fight for the right to continue our work, we also fight for the rights of readers in Estonia and abroad to access the full spectrum of information. This is called freedom of speech, that, sadly, is missing in Estonia today, despite the fact that according to Reporters without borders, our country is fit for 11th place in the Press freedom index.",estonian_native,fake,euvsdisinfo-native,et_7286
31.12.2019,/report/employees-sputnik-estonia-forced-resign-threat-imprisonment,Estonian openly persecutes journalists,mundo.sputniknews.com,Estonia,"The actions of the Estonian regime are an open persecution of journalists, an example of totalitarianism and a gross violation of the freedom of expression.","This claim tries to show sanctions against Russia, due to its illegal actions in Ukraine, as an unfair persecution against the outlet and its employees, and against media freedom in general. As for freedom of expression, Estonia is ranked as the 11th freest country in the world for press by Reporters Without Borders. Estonia does not persecute journalists or limit freedom of expression. It's important to note that Estonia has not blocked Sputnik Estonia's website, as it is accessible and operational. The Minister of Foreign Affairs Urmas Reinsalu has emphasized that Estonia has not taken any measures against the portal's media content: ""They are financial sanctions aimed at economic activity. I believe it to be justified. We have notified the European Commission's Legal Service. European agencies have said in the Commission that steps taken by Estonia in exercising sanctions policy are warranted."" The current problems of Sputnik Estonia stem from sanctions against Dmitry Kiselyov, Director-General of Rossiya Segodnya, the mother company of Sputnik, as a result of Russia’s invasion of Crimea. Article 2 of the Council Regulation (EU) No 269/2014, on the territorial integrity of Ukraine, foresees Kiselyov’s assets to be frozen. As a result, Estonian banks froze the accounts of Rossiya Segodnya and the Financial Intelligence Unit informed persons employed or contracted by Rossiya Segodnya that it is forbidden to knowingly perform work or provide services to a sanctioned person. Estonia is considered a consolidated democracy by Freedom House and a Flawed Democracy by the Economist Intelligence Unit's Democracy Index, similar to countries like the US, Japan, France, Portugal or Belgium. Thus, Estonia is by no means a totalitarian regime. The EU vs Disinfo team has found 49 different Sputnik websites from all over the world and 31 of them are in the Disinfrormation cases database, meaning those outlets have been publishing disinformation. Sputnik Estonia is represented in that database both in Estonian and in Russian languages. Sputnik was created by a Presidential decree with the aim to “report on the state policy of Russia abroad”. Numerous reports have described how top managers from all the large government-controlled outlets and some influential private media attend the weekly meetings where ""media managers receive guidelines that “help” them not to overstep the Kremlin’s so-called “double white lines”"".","The actions of the Estonian regime are an open persecution of journalists, an example of totalitarianism and a gross violation of the freedom of expression.",estonian_native,fake,euvsdisinfo-native,et_7288
31.12.2019,/report/the-regime-in-estonia-publicly-persecutes-is-citizens,The regime in Estonia publicly persecutes its citizens,Sputnik Estonia,Estonia,"We regard the actions of the regime in Estonia towards its citizens as public persecution, anarchy in the rule of law, indication of totalitarianism and a gross infringement on the principles of freedom of speech unprecedented in the EU. The journalists were only guilty for working for Russian media.","Estonia is ranked as the 11th freest country in the world for press by Reporters Without Borders. Estonia is considered a consolidated democracy by Freedom House and a Flawed Democracy by the Economist Intelligence Unit's Democracy Index, similar to countries like the US, Japan, France, Portugal or Belgium. Thus, Estonia is by no means a totalitarian regime. As for anarchy in the rule of law, the matter is quite the opposite: the Minister of Foreign Affairs Urmas Reinsalu has ephasized that Estonia has not taken any measures against the portal's media content: ""They are financial sanctions aimed at economic activity. I believe it to be justified. We have notified the European Commission's Legal Service. European agencies have said in the Commission that steps taken by Estonia in exercising sanctions policy are warranted."" Article 2 of the Council Regulation (EU) No 269/2014, on the territorial integrity of Ukraine, foresees freezing the assets of Dmitry Kiselyov, the Director General of Rossiya Segodnya. As a result, Estonian banks froze accounts of Rossiya Segodnya and the Financial Intelligence Unit informed persons employed or contracted by Rossiya Segodnya that knowing performance of work or services to a sanctioned person was forbidden. Sputnik was created by a Presidential decree with the aim to “report on the state policy of Russia abroad”. Numerous reports have described how top managers from all the large government-controlled outlets and some influential private media attend the weekly meetings where ""media managers receive guidelines that “help” them not to overstep the Kremlin’s so-called “double white lines”"". The EU vs Disinfo team has found 49 different Sputnik websites from all over the world and 31 of them are in the Disinfrormation cases database, meaning those outlets have been publishing disinformation. Sputnik Estonia is represented in that database both in Estonian and in Russian languages. As for precedents, there are plenty: in 2016 Latvia's domain registry shut the website of Sputnik Latvia after receiving a letter of concern from the Latvian Foreign Ministry, which drew attention to Sputnik's coverage of Ukraine and routine denial of the embattled nation's territorial integrity. In July 2019, Latvian authorities blocked access to the online portal baltnews.lv, owned by Rossiya Segodnya. In mid-2019 a court in Vilnius ruled on blocking Sputnik Lithuania over copyright issues.","We regard the actions of the regime in Estonia towards its citizens as public persecution, anarchy in the rule of law, indication of totalitarianism and a gross infringement on the principles of freedom of speech unprecedented in the EU. The journalists were only guilty for working for Russian media.",estonian_native,fake,euvsdisinfo-native,et_7289
31.12.2019,/report/sputnik-employees-forced-to-suspend-work-due-to-threats,Estonian regime is publicly persecuting its citizens,"arabic.sputniknews.com, mbs.news, emeknes.com, masr20.com, saadaonline.net, abudhabi-news.com, elbayan-news.com, sabq-sa.com, albidda.net, uk-arabicnews.com, news.miralnews.com, news.akhbarten.comShow more","Estonia,Ukraine,Russia","Despite the apparently absurdity of the Estonian authorities’ threats, the criminal prosecution of journalists in Europe today is a reality. The behaviour of the Estonian regime towards its citizens can be considered as public persecution, legal arbitrariness, a phenomenon of totalitarianism and the grossest violation of freedom of speech, which is unprecedented in the European Union.","This is part of a recurrent Russian disinformation narrative to portray Baltic states as dictatorial and Kremlin-linked media as sources of alternative views and Russia as a global champion of freedom of the press. Estonia is ranked as the 11th freest country in the world for press by Reporters Without Borders. Estonia does not persecute journalists or limit freedom of expression. It's important to note that Estonia has not blocked Sputnik Estonia's website, as it is accessible. The Minister of Foreign Affairs Urmas Reinsalu has emphasized that Estonia has not taken any measures against the portal's media content: ""They are financial sanctions aimed at economic activity. I believe it to be justified. We have notified the European Commission's Legal Service. European agencies have said in the Commission that steps taken by Estonia in exercising sanctions policy are warranted."" The current problems of Sputnik Estonia stem from sanctions against Dmitry Kiselyov, Director-General of Rossiya Segodnya, the mother company of Sputnik, as a result of Russia’s invasion of Crimea. Article 2 of the Council Regulation (EU) No 269/2014, on the territorial integrity of Ukraine, foresees Kiselyov’s assets to be frozen. As a result, Estonian banks froze the accounts of Rossiya Segodnya and the Financial Intelligence Unit informed persons employed or contracted by Rossiya Segodnya that it is forbidden to knowingly perform work or provide services to a sanctioned person. The EU vs Disinfo team has found 49 different Sputnik websites from all over the world and 31 of them are in the Disinfrormation cases database, meaning those outlets have been publishing disinformation. Sputnik Estonia is represented in that database both in Estonian and in Russian languages. Sputnik was created by a Presidential decree with the aim to “report on the state policy of Russia abroad”. Numerous reports have described how top managers from all the large government-controlled outlets and some influential private media attend the weekly meetings where ""media managers receive guidelines that “help” them not to overstep the Kremlin’s so-called “double white lines”"".","Despite the apparently absurdity of the Estonian authorities’ threats, the criminal prosecution of journalists in Europe today is a reality. The behaviour of the Estonian regime towards its citizens can be considered as public persecution, legal arbitrariness, a phenomenon of totalitarianism and the grossest violation of freedom of speech, which is unprecedented in the European Union.",estonian_native,fake,euvsdisinfo-native,et_7290
28.12.2019,/report/i-have-not-heard-of-a-lie-coming-from-sputnik,There are no lies coming from Sputnik,Sputnik Estonia,Estonia,"I would like to add that, as far as I know, Sputnik Estonia has never been accused of lying. As for claiming that Sputnik Estonia is a mouthpiece of Russian propaganda, I have to say that all our [Estonian] biggest newspapers, radio and TV channels are mouthpieces of Estonian propaganda. The main question is whether the propaganda is based on truth or lie or deliberate lie. I repeat, I have not heard of a lie coming from Sputnik. The Estonian authorities are not accusing Sputnik [Estonia] of lying.","Sputnik was created by a Presidential decree with the aim to “report on the state policy of Russia abroad”. Numerous reports have described how top managers from all the large government-controlled outlets and some influential private media attend the weekly meetings where ""media managers receive guidelines that “help” them not to overstep the Kremlin’s so-called “double white lines”"". The EU vs Disinfo team has found 49 different Sputnik websites from all over the world and 31 of them are in the Disinfrormation cases database, meaning those outlets have been publishing disinformation. Sputnik Estonia is represented in that database both in Estonian and in Russian languages. The Estonian Minister of Foreign Affairs Urmas Reinsalu said ""Sputnik does not constitute journalism as it is understood in the free world in my eyes and in the eyes of many institutions. It is a propaganda institution."" According to the minister, the money laundering data bureau is exercising European Union financial sanctions based on Estonian legislation, following the logic that Dmitri Kiselyov, head of Russian media group Rossiya Segodnya, has been among the central propagandists in vindicating Russian aggression in Ukraine. Sputnik Estonia is a branch of that media organization. The Minister of Foreign Affairs also emphasized that Estonia has not taken any measures against the portal's media content: ""They are financial sanctions aimed at economic activity. I believe it to be justified. We have notified the European Commission's Legal Service. European agencies have said in the Commission that steps taken by Estonia in exercising sanctions policy are warranted."" Estonia is ranked as the 11th freest country in the world for press by Reporters Without Borders. In 2016 Latvia's domain registry shut the website of Sputnik Latvia after receiving a letter of concern from the Latvian Foreign Ministry, which drew attention to Sputnik's coverage of Ukraine and routine denial of the embattled nation's territorial integrity. In July 2019, Latvian authorities blocked access to the online portal baltnews.lv, owned by Rossiya Segodnya. In mid-2019 a court in Vilnius ruled on blocking Sputnik Lithuania over copyright issues.","I would like to add that, as far as I know, Sputnik Estonia has never been accused of lying. As for claiming that Sputnik Estonia is a mouthpiece of Russian propaganda, I have to say that all our [Estonian] biggest newspapers, radio and TV channels are mouthpieces of Estonian propaganda. The main question is whether the propaganda is based on truth or lie or deliberate lie. I repeat, I have not heard of a lie coming from Sputnik. The Estonian authorities are not accusing Sputnik [Estonia] of lyi",estonian_native,fake,euvsdisinfo-native,et_7295
27.12.2019,/report/estonian-laws-only-forsee-asset-freezing-for-people-and-companies-mentioned-in-the-eu-sanctions-list,Estonian laws only foresee asset freezing for people and companies mentioned in the EU sanctions list,Sputnik Estonia,Estonia,"The Estonian laws only foresee asset freezing for people and companies mentioned in the EU sanctions list. This means that Rossija Segodnya can only be sanctioned if it is proven that Dmitri Kiselyov owns or controls the assets of the organization. It’s a fact that Kiselyov does not own the money nor resources of Rossiya Segodnya, it’s all [Russian] state property.","Recurring pro-Kremlin disinformation narrative portraying Western governments as hostile toward ""alternative voices"" in the media, particularly Russian ones. Estonia is on the 11th place of Reporters without Borders Press freedom index. Estonia has not blocked Sputnik Estonia's website, it is accessible and operational. The Minister of Foreign Affairs Urmas Reinsalu has emphasized that Estonia has not taken any measures against the portal's media content: ""They are financial sanctions aimed at economic activity. I believe it to be justified. We have notified the European Commission's Legal Service. European agencies have said in the Commission that steps taken by Estonia in exercising sanctions policy are warranted."" The Article 2 of the Council Regulation (EU) No 269/2014 on the territorial integrity of Ukraine foresees freezing the assets of Dmitry Kiselyov, who is the Director-General of Rossija Segodnya. According to the articles of association of the company, the Director General has the right to decide upon opening bank accounts and carry out invoicing. This corresponds to the condition ""having the right to use all or part of the assets of a legal person or entity"" in the EU Best Practices for the effective implementation of restrictive measures. Furthermore, claims that the Estonian laws only foresees asset freezing for people on an EU personal sanctions list is incorrect. ""This means that if Rossiya Segodnya, which is controlled by Dmitry Kiselyov, against whom sanctions have been imposed, has assets in Estonia, they must be frozen and access must not be given to funds or economic resources, that is provide services that would enable Rossiya Segodnya to do business. When it comes to Estonia, this prohibition applies to people operating in the territory of Estonia,"" head of anti-money laundering authority the Financial Intelligence Unit (FIU) Madis Reimand said. Sputnik was created by a Presidential decree with the aim to “report on the state policy of Russia abroad”. Numerous reports have described how top managers from all the large government-controlled outlets and some influential private media attend the weekly meetings where ""media managers receive guidelines that “help” them not to overstep the Kremlin’s so-called “double white lines”"".","The Estonian laws only foresee asset freezing for people and companies mentioned in the EU sanctions list. This means that Rossija Segodnya can only be sanctioned if it is proven that Dmitri Kiselyov owns or controls the assets of the organization. It’s a fact that Kiselyov does not own the money nor resources of Rossiya Segodnya, it’s all [Russian] state property.",estonian_native,fake,euvsdisinfo-native,et_7297
26.12.2019,/report/british-curators-are-behind-the-persecution-of-sputnik-in-estonia,British curators are behind the persecution of Sputnik in Estonia,Sputnik Estonia,Estonia,There are British curators behind the persecution of Sputnik [Estonia] by the Estonian authorities.,"This conspiracy theory is based on the concept that countries or organisations are not independent but under the control of other countries or organisations. Examples of such disinformation narratives include NATO's Eastern European members are under Washington’s political and military control or The Economist is a mouthpiece of the Rothschilds and Europe is a puppet of Washington. As for persecution by the Estonian authorities, it should be noted that the Article 2 of the Council Regulation (EU) No 269/2014, on the territorial integrity of Ukraine, foresees freezing the assets of Dmitry Kiselyov, the Director General of Rossiya Segodnya. As a result, Estonian banks froze accounts of Rossiya Segodnya and the Financial Intelligence Unit informed persons employed or contracted by Rossiya Segodnya that knowing performance of work or services to a sanctioned person was forbidden. The Estonian Minister of Foreign Affairs Urmas Reinsalu has emphasized that Estonia has not taken any measures against the portal's media content: ""They are financial sanctions aimed at economic activity. I believe it to be justified. We have notified the European Commission's Legal Service. European agencies have said in the Commission that steps taken by Estonia in exercising sanctions policy are warranted."" Estonia is ranked as the 11th freest country in the world for press by Reporters Without Borders. Sputnik was created by a Presidential decree with the aim to “report on the state policy of Russia abroad”. Numerous reports have described how top managers from all the large government-controlled outlets and some influential private media attend the weekly meetings where ""media managers receive guidelines that “help” them not to overstep the Kremlin’s so-called “double white lines”"". The EU vs Disinfo team has found 49 different Sputnik websites from all over the world and 31 of them are in the Disinfrormation cases database, meaning those outlets have been publishing disinformation. Sputnik Estonia is represented in that database both in Estonian and in Russian languages. In 2016 Latvia's domain registry shut the website of Sputnik Latvia after receiving a letter of concern from the Latvian Foreign Ministry, which drew attention to Sputnik's coverage of Ukraine and routine denial of the embattled nation's territorial integrity. In July 2019, Latvian authorities blocked access to the online portal baltnews.lv, owned by Rossiya Segodnya. In mid-2019 a court in Vilnius ruled on blocking Sputnik Lithuania over copyright issues.",There are British curators behind the persecution of Sputnik [Estonia] by the Estonian authorities.,estonian_native,fake,euvsdisinfo-native,et_7300
26.12.2019,/report/sputnik-estonia-and-its-employees-are-being-persecuted,Sputnik Estonia and its employees are being persecuted,Sputnik Azerbaijan - Russian,"Estonia,Russia","This is the persecution, the real persecution, which is now being conducted against not only the Sputnik Estonia, but specifically, every employee who goes to work. Sputnik Estonia’s reporters did not violate the laws of the country and professional ethics.","Recurring disinformation campaign aimed at the Estonian authorities. There is no persecution against Sputnik in Estonia as clarified by a recent interview given by the Estonian Minister of Foreign Affairs. Estonia is on the 11th place of Reporters without Borders Press freedom index. It's important to note that Estonia has not blocked Sputnik Estonia's website, as it is accessible and operational. The Minister of Foreign Affairs Urmas Reinsalu has emphasized that Estonia has not taken any measures against the portal's media content: ""They are financial sanctions aimed at economic activity. I believe it to be justified. We have notified the European Commission's Legal Service. European agencies have said in the Commission that steps taken by Estonia in exercising sanctions policy are warranted."" The agency has been forced to move out of its office in Tallinn because of its inability to pay the rent due to sanctions. In October 2019, Estonia-based branches of the foreign banks that operated the accounts of Rossiya Segodnya, the mother company of Sputnik, froze all its transfers, while other banks in Estonia refused to operate with the firm. Banks in Estonia are not the only institutions to have taken action against Rossiya Segodnya for this reason. In 2015, Barclays bank closed the account used by the agency in the UK. In 2016, Latvia's domain registry shut the website of Sputnik Latvia after receiving a letter of concern from the Latvian Foreign Ministry, which drew attention to Sputnik's coverage of Ukraine and routine denial of the embattled nation's territorial integrity. In July 2019, Latvian authorities blocked access to the online portal baltnews.lv, owned by Rossiya Segodnya, because of the EU sanctions. In mid-2019, a court in Vilnius ruled on blocking Sputnik Lithuania over copyright issues. See earlier disinformation cases alleging that Russian media is being discriminated in the Baltic states and that Baltic states’ policies equal to Third Reich. Further information on Sputnik's operations can be read in our article circling-the-earth.","This is the persecution, the real persecution, which is now being conducted against not only the Sputnik Estonia, but specifically, every employee who goes to work. Sputnik Estonia’s reporters did not violate the laws of the country and professional ethics.",estonian_native,fake,euvsdisinfo-native,et_7302
23.12.2019,/report/lousy-estonians-broadened-personal-sanctions-to-the-entire-media-company,Lousy Estonians broadened personal sanctions to the entire media company,Sputnik Estonia,Estonia,"To be honest, the Estonians acted lousily when they decided to broaden the personal sanctions on the Director-General to the entire media company. As if the budget of the state owned company [Rossiya Segodnya] was my personal budget. Among EU countries, only Estonia is interpreting sanctions this way.","Recurring pro-Kremlin disinformation narrative painting Western governments as hostile toward ""alternative voices"" in the media, particularly Russian ones. The steps taken by Estonia are based on the Article 2 of the Council Regulation (EU) No 269/2014 on the territorial integrity of Ukraine that foresees freezing the assets of Dmitry Kiselyov, the Director-General of Rossija Segodnya. According to the articles of association of the company, the Director General has the right to decide upon opening bank accounts and carry out invoicing. This corresponds to the condition ""having the right to use all or part of the assets of a legal person or entity"" in the EU Best Practices for the effective implementation of restrictive measures. Furthermore, claims that the Estonian laws only forsees asset freezing for people on an EU personal sanctions list is incorrect. ""This means that if Rossiya Segodnya, which is controlled by Dmitry Kiselyov, against whom sanctions have been imposed, has assets in Estonia, they must be frozen and access must not be given to funds or economic resources, that is provide services that would enable Rossiya Segodnya to do business. When it comes to Estonia, this prohibition applies to people operating in the territory of Estonia,"" head of anti-money laundering authority the Financial Intelligence Unit (FIU) Madis Reimand said. It is also not true that Estonia is the only country to have followed the procedure. In 2015, Barclays bank closed the account used by the agency in the UK. In 2016, Latvia's domain registry shut the website of Sputnik Latvia after receiving a letter of concern from the Latvian Foreign Ministry, which drew attention to Sputnik's coverage of Ukraine and routine denial of the embattled nation's territorial integrity. In July 2019, Latvian authorities blocked access to the online portal baltnews.lv, owned by Rossiya Segodnya, because of the EU sanctions. In mid-2019, a court in Vilnius ruled on blocking Sputnik Lithuania over copyright issues. Estonia is on the 11th place of Reporters without Borders Press freedom index. Estonia has not blocked Sputnik Estonia's website, it is accessible and operational. The Minister of Foreign Affairs Urmas Reinsalu has emphasized that Estonia has not taken any measures against the portal's media content: ""They are financial sanctions aimed at economic activity. I believe it to be justified. We have notified the European Commission's Legal Service. European agencies have said in the Commission that steps taken by Estonia in exercising sanctions policy are warranted."" Sputnik was created by a Presidential decree with the aim to “report on the state policy of Russia abroad”. Numerous reports have described how top managers from all the large government-controlled outlets and some influential private media attend the weekly meetings where ""media managers receive guidelines that “help” them not to overstep the Kremlin’s so-called “double white lines”"". The EU vs Disinfo team has found 49 different Sputnik websites from all over the world and 31 of them are represented in the Disinformation cases database. Sputnik Estonia is represented in that database both in Estonian and in Russian languages.","To be honest, the Estonians acted lousily when they decided to broaden the personal sanctions on the Director-General to the entire media company. As if the budget of the state owned company [Rossiya Segodnya] was my personal budget. Among EU countries, only Estonia is interpreting sanctions this way.",estonian_native,fake,euvsdisinfo-native,et_7311
19.12.2019,/report/eu-countries-no-longer-want-to-feed-three-baltic-sisters,EU countries no longer want to feed “three Baltic sisters”,"Zen.yandex.ru, Rubaltic.ru, Vegchel.ru","Lithuania,Estonia,Latvia","EU countries no longer want to feed Eastern European parasites. First of all, the “three Baltic sisters” will have to learn to earn money themselves.","Recurring pro-Kremlin disinformation undermining the statehood and painting the Baltic States as incapable of running functioning economies. The economic situation of all three Baltic states is rather positive and demonstrates one of the leading economic growth indicators in the EU. The Baltic countries have been a showcase of successful transformation after regaining independence following 50 years of Soviet occupation. This includes free-market economies, well-functioning democratic institutions and legal systems. See further information here and here. More about the Baltic countries' economies can be read here. The disinformation message appeared in the context of ongoing negotiations for the next EU budget (EU multi-annual financial framework). Read similar cases alleging that the Baltics have lost industry because of the EU membership and that the EU intentionally destroyed economies of the three countries.","EU countries no longer want to feed Eastern European parasites. First of all, the “three Baltic sisters” will have to learn to earn money themselves.",estonian_native,fake,euvsdisinfo-native,et_7325
19.12.2019,/report/estonian-authorities-pursue-the-sputnik-agency-under-the-cover-of-eu-and-nato,Estonian authorities pursue Sputnik under the cover of the EU and NATO,ru.armeniasputnik.am,"US,Estonia","The Estonians would never have decided on such illegal actions if they didn’t have permission from their real owners in the West. Without the coordination with NATO allies, the USA, this situation would not have developed in such a shameful way. Moreover, representatives of NATO and the EU will cover up the actions of the Estonian authorities.","Recurring pro-Kremlin disinformation undermining the statehood of the Baltic countries, about the US or EU/NATO's hegemony over other countries, lost sovereignty andexternal control of the Baltic states. Lithuania, Latvia, and Estonia are sovereign countries, who determine their own domestic and foreign policies, including membership in military and other alliances. The claims are groundless, NATO, the US or the EU have nothing to do with the situation involving Sputnik Estonia. There is no persecution of Sputnik Estonia. Estonia is indeed on the 11th place of Reporters without Borders Press freedom index. It's important to note that Estonia has not blocked Sputnik Estonia's website, as it is accessible and operational. The Minister of Foreign Affairs Urmas Reinsalu has emphasized that Estonia has not taken any measures against the portal's media content: ""They are financial sanctions aimed at economic activity. I believe it to be justified. We have notified the European Commission's Legal Service. European agencies have said in the Commission that steps taken by Estonia in exercising sanctions policy are warranted."" The agency has been forced to move out of its office in Tallinn because of its inability to pay its rent due to sanctions. In October 2019, Estonian based branches of the foreign banks that operated the accounts of Russia Today, froze all its transfers, while other banks in Estonia refused to operate with Sputnik. This is the result of the sanctions imposed by the European Union on Dmitry Kiselyov, the Director-General of RT, following the outbreak of the crisis in Ukraine. See earlier disinformation cases alleging that Estonia and Lithuania are totalitarian, that Russian media is facing discrimination in the Baltic states, and that Baltic states’ policies are equal to the Third Reich. More cases alleging an aggressive campaign by Estonia against Sputnik can be read here.","The Estonians would never have decided on such illegal actions if they didn’t have permission from their real owners in the West. Without the coordination with NATO allies, the USA, this situation would not have developed in such a shameful way. Moreover, representatives of NATO and the EU will cover up the actions of the Estonian authorities.",estonian_native,fake,euvsdisinfo-native,et_7327
19.12.2019,/report/estonia-is-afraid-of-sputniks-influence,Estonia is afraid of Sputnik's influence,sputniknews.com,Estonia,Threats to Sputnik journalists in Estonia indicate that the country must be afraid of their influence on people.,"There is no persecution against Sputnik in Estonia. The agency has been forced to move out of its office in Tallinn because of its inability to pay the rent due to sanctions. In October 2019, Estonia-based branches of the foreign banks that operated the accounts of Rossiya Segodnya, the mother company of Sputnik, froze all its transfers, while other banks in Estonia refused to operate with the firm. This is the result of the sanctions imposed by the European Union on Dmitry Kiselyov, the director general of Rossiya Segodnya, following the outbreak of the Ukraine crisis. Banks in Estonia are not the only institutions to have taken action against Rossiya Segodnya for this reason. In 2015, Barclay’s bank closed the account used by the agency in UK. In 2016 Latvia's domain registry shut the website of Sputnik Latvia after receiving a letter of concern from the Latvian Foreign Ministry, which drew attention to Sputnik's coverage of Ukraine and routine denial of the embattled nation's territorial integrity. In July 2019, Latvian authorities blocked access to the online portal baltnews.lv, owned by Rossiya Segodnya, because of the EU sanctions. In mid-2019 a court in Vilnius ruled on blocking Sputnik Lithuania over copyright issues. Estonia is ranked as the 11th freest country in the world for press by Reporters Without Borders. Estonia is considered a consolidated democracy by Freedom House and a Flawed Democracy by the Economist Intelligence Unit's Democracy Index, similar to countries like the US, Japan, France, Portugal or Belgium. Thus, Estonia is by no means a totalitarian regime. This is part of a recurrent Russian disinformation narrative to portray Baltic states as dictatorial and Kremlin-linked media as sources of alternative views and Russia as a global champion of press freedom. You can see other examples in our database, such as the claims of Russophobia at a state level in the Baltic countries (which leads to discrimination against their non-citizens), contrary to the allegedly brave efforts of Sputnik against intolerance in Lithuania, or the stories on how nice is to be a journalist in Russia, unlike in Europe.",Threats to Sputnik journalists in Estonia indicate that the country must be afraid of their influence on people.,estonian_native,fake,euvsdisinfo-native,et_7328
16.12.2019,/report/nato-and-eu-are-actively-fabricating-russophobia-in-the-baltic-states-to-justify-their-anti-russian-policies,NATO and EU are actively fabricating Russophobia in the Baltic States to justify their anti-Russian policies,RT Germany (old),"Lithuania,Estonia,Russia,Latvia","The interests of the NATO and EU powers in the Baltic States are determined by the geographical situation and the possibilities to use the Baltic States as a disruptive factor against peaceful conditions of cooperation and understanding in the region and in neighbourly relations with Russia. The powers of NATO and the EU are actively interfering in the shaping of internal relations of the Baltic States; their focus is on the creation of “fear of the Baltic towards the Russians”. This fear can be instrumentalised externally for the goals of the NATO and EU powers for the control of Baltic States against Russia. An enemy image of Russia is created. The effect on the cultivation of Russophobia is achieved through the systematic fomenting of internal political contrasts between different nationalities. The Western powers need this atmosphere of fear and instability to justify their anti-Russian policies. Especially after the accession of the Baltic states to NATO and the EU, the West has shown that it is determined to further develop this geographical area on Russia’s western borders and to actively use it for its geopolitical goals. The nature of these measures, as well as the military-political steps, show that its policy towards Russia is increasingly degenerating towards military confrontation. For the Baltic Sea and its neighbours and for Europe, this means increasing militarisation and the danger of war.","Recurring pro-Kremlin disinformation narrative about Russophobia in Lithuania and the Baltic States. Also consistent with a recurring pro-Kremlin disinformation narrative about NATO encircling Russia. For more than two decades, NATO has worked to build a partnership with Russia, developing dialogue and practical cooperation in areas of common interest. Cooperation has been suspended since 2014 in response to Russia’s military intervention in Ukraine but political and military channels of communication remain open. Concerns about Russia’s continued destabilising pattern of military activities and aggressive rhetoric go well beyond Ukraine. Read more about NATO - Russia relations here. See similar pro-Kremlin disinformation cases: ""Russophobia is the main export of Lithuania"", NATO is closing in on Russia's borders; The European foreign policy is determined by a group of Russophobes controlled from US.",The interests of the NATO and EU powers in the Baltic States are determined by the geographical situation and the possibilities to use the Baltic States as a disruptive factor against peaceful conditions of cooperation and understanding in the region and in neighbourly relations with Russia. The powers of NATO and the EU are actively interfering in the shaping of internal relations of the Baltic States; their focus is on the creation of “fear of the Baltic towards the Russians”. This fear can be,estonian_native,fake,euvsdisinfo-native,et_7351
10.12.2019,/report/russian-media-are-oppressed-in-the-baltic-states,Russian media is being persecuted in Baltic countries for spreading the historical truth,sputnik.by,"Estonia,Russia","Recently, the Estonian authorities made a new attempt to squeeze the Russia Today agency out of the country. Russian media is being persecuted in Baltic countries for spreading the historical truth.","Estonia is on the 11th place of Reporters without Borders Press freedom index. Estonia has not blocked Sputnik Estonia's website, as it is accessible and operational. The Minister of Foreign Affairs Urmas Reinsalu has emphasized that Estonia has not taken any measures against the portal's media content: ""They are financial sanctions aimed at economic activity. I believe it to be justified. We have notified the European Commission's Legal Service. European agencies have said in the Commission that steps taken by Estonia in exercising sanctions policy are warranted."" Sputnik was created by a Presidential decree with the aim to “report on the state policy of Russia abroad”. Numerous reports have described how top managers from all the large government-controlled outlets and some influential private media attend the weekly meetings where ""media managers receive guidelines that “help” them not to overstep the Kremlin’s so-called “double white lines”"". The EU vs Disinfo team has found 49 different Sputnik websites from all over the world and 31 of them are in the Disinfrormation cases database, meaning those outlets have been reported publishing disinformation. Sputnik Estonia is represented in that database both in Estonian and in Russian languages. Article 2 of the Council Regulation (EU) No 269/2014 on the territorial integrity of Ukraine foresees freezing the assets of Dmitry Kiselyov, the Director General of Rossiya Segodnya. As a result, Estonian banks froze accounts of Rossiya Segodnya and the Financial Intelligence Unit informed persons employed or contracted by Rossiya Segodnya that knowing performance of work or services to a sanctioned person was forbidden.","Recently, the Estonian authorities made a new attempt to squeeze the Russia Today agency out of the country. Russian media is being persecuted in Baltic countries for spreading the historical truth.",estonian_native,fake,euvsdisinfo-native,et_7399
06.12.2019,/report/the-baltic-states-are-collapsing-begging-for-return-of-russian-occupation-is-the-only-way-to-survive,Russophobic Baltic States are beggars and vassals of the West,"Stoletie, Brianskiye Novosti","Lithuania,Estonia,Baltic states,Russia,Latvia","Today the Baltic states are trying to erase the memory of the rich Soviet heritage. Soviet power built advanced plants, hydroelectric power stations, ports, and housing in the Baltic states. The well-being was taken for granted, but today it is mainly presented as proof of Soviet “occupation”. With the collapse of the Soviet Union the prosperity of the Baltic States ended. The handouts from Brussels turned the Baltic States into beggars and vassals of the West, with ruined economy, protracted financial crises and massive flight of people abroad. Today the Baltic Russophobes are only capable of “containing Russia”. The Baltic States turned Russophobia into their most demanded product in the West.","Recurring pro-Kremlin disinformation narrative denying the Soviet occupation of the Baltic States, also consistent with disinformation narratives about socio-economic degradation in the Baltic States as opposed to their alleged well-being under the USSR, lost sovereignty / external control, and ubiquitous Russophobia. The economic situation of all three Baltic States is strong and demonstrates some of the leading economic growth indicators in the EU. The dynamics over the past years are available here.Read our past stories about Russophobia in the Baltic states and elsewhere The “Russophobia” Myth: Appealing to the Lowest Feelings and see similar disinformation cases alleging that Russophobia is the main activity of the Latvian state, that Latvia is a US vassal state, that Russophobic Lithuania plans to tear Belarus away from Russia by dragging it into the Western energy network, the Baltic states have lost industry, agriculture, and population as a result of EU membership, and that Lithuania is temporarily NATO-occupied territory ruled by non-Lithuanians.","Today the Baltic states are trying to erase the memory of the rich Soviet heritage. Soviet power built advanced plants, hydroelectric power stations, ports, and housing in the Baltic states. The well-being was taken for granted, but today it is mainly presented as proof of Soviet “occupation”. With the collapse of the Soviet Union the prosperity of the Baltic States ended. The handouts from Brussels turned the Baltic States into beggars and vassals of the West, with ruined economy, protracted fi",estonian_native,fake,euvsdisinfo-native,et_7438
04.12.2019,/report/nato-prepares-for-big-war-with-russia-attack-directions-are-similar-to-hitlers-barbarossa-plan,"NATO prepares for big war with Russia, attack directions are similar to Hitler's Barbarossa plan","belvpo.com, 4esnok.by","Poland,US,Belarus,Lithuania,Estonia,Ukraine,Russia,Latvia","On the margins of NATO summit in London, Donald Trump discussed a plan of big war with a number of heads of state. A military conflict between the West and Russia does not seem unlikely. The US and US-led NATO have been dreaming to deal with Moscow since long ago. Given that economic sanctions do not help, only war remains as an option. It can be started during or following the Defender Europe 2020 military exercises. The West will attempt to destroy Russian nuclear component and military forces control system in the first place. Attacks on the remaining Russian military potential and critical infrastructure will follow. NATO’s main strategic attack directions can be similar to Hitler’s Barbarossa plan. Saint Petersburg and Pskov will be attacked through Estonia, Velikiye Luki and Smolensk will be attacked from Latvia. NATO generals plan to eliminate Russian military grouping in Kaliningrad region within two days, the region will afterwards be given to Poland. Simultaneously Belarus will be attacked from Poland and Lithuania and Minsk will be taken over within five days. A quick occupation of Belarus (within 8-10 days) is explained by activation of “fifth column” which will overthrow existing authorities and install a person loyal to Washington. A rapid attack on Moscow will follow, few pockets of resistance will be brutally suppressed with missile and aviation strikes. Ukraine will avoid direct participation in the war with Russia but will allow NATO aviation to use its airfields and airspace. In this scenario, military operation will take not more than three weeks, then loyal Russia will emerge.","This claim is a conspiracy theory aimed at discrediting Poland and the Baltic states and the West/ NATO as a whole. It is consistent with recurring pro-Kremlin narratives about alleged Western aggressiveness towards Belarus and Russia and its anti-Russian activities. The publication also intentionally creates West-Nazi link by alleging that NATO has a plan similar to Hitler's in 1941. The accusation of Nazism/ Fascism and building a link to Nazi Germany is one of the favourite techniques of pro-Kremlin outlets, read our past analysis Nazi east, Nazi west, Nazi over the cuckoo's nest. The claim about Trump's discussions of plans to wage a big war against Russia at the recent NATO summit is groundless. The allegation about NATO's plans to wage a war against Russia was addressed on NATO's official website: ""Any claims that NATO is preparing an attack on Russia are absurd."" NATO is a defensive alliance and does not pose a threat to Russia. Its purpose is to protect its member states. Every country that joins NATO undertakes to uphold its principles and policies, and this includes the commitment that ""the Alliance does not seek confrontation and poses no threat to Russia,"" as reaffirmed at the Brussels Summit. For more information about NATO-Russia relations and disinformation narratives about NATO, see here and here. See earlier disinformation cases claiming that the West has approved a new ‘Barbarossa’ plan to attack Russia, that West always dreams of splitting Russia and about waging a war against Russia from Belarusian territory, that Poland and the Baltic countries are the Western world’s jackals who can produce a global catastrophe, and that Western media campaign supports the preparations of the US and NATO for nuclear war.","On the margins of NATO summit in London, Donald Trump discussed a plan of big war with a number of heads of state. A military conflict between the West and Russia does not seem unlikely. The US and US-led NATO have been dreaming to deal with Moscow since long ago. Given that economic sanctions do not help, only war remains as an option. It can be started during or following the Defender Europe 2020 military exercises. The West will attempt to destroy Russian nuclear component and military forces",estonian_native,fake,euvsdisinfo-native,et_7461
04.12.2019,/report/the-union-state-of-belarus-and-russia-saves-post-soviet-countries-from-pro-fascist-west,The Union State of Belarus and Russia saves post-Soviet countries from pro-fascist West,ross-bel.ru,"Romania,Czech Republic,Poland,US,Belarus,Lithuania,Estonia,Russia,Latvia","Following the USSR’s break-up, the West created various funds and organisations in the post-Soviet countries and began meddling in the internal affairs of sovereign countries. The 2004 presidential elections and 2014 Euromaidan in Ukraine were examples of US’ rulings on who should have power in Ukraine. Gradually, post-Soviet countries began turning into colonies of the US with various conflicts and degradation stemming from this fact. When it comes to eastern policy, old and new EU and NATO countries have clear roles: Western European countries play masters of democracy, human rights, and European values, whereas Eastern European counties (Poland, Czechia, Romania, and the Baltic states) do dirty work by promoting disintegration, bringing tensions and confrontation along the whole perimeter of all-Russian civilisation. In fact, the real policies of the EU and US do not have anything to do with democracy and human rights. They support neo-fascists in the Baltic countries, fascists in Ukraine, followers of Ion Antonescu in Moldova, the anti-Russian regime in Georgia, so-called human rights defenders in Russia and so-called promoters of Belarusian culture in Belarus. Integration between Belarus and Russia reproduces the USSR to some extent and counteracts the geopolitical dictate of the US. This is the reason behind the information war waged by Western media and their clients in post-Soviet countries against the Union State between Belarus and Russia. There is no alternative to integration between Belarus and Russia. Without unification, the two countries and other post-Soviet republics will not have futures.","This article is a mix of conspiracies consistent with a number of recurring pro-Kremlin propagandistic narratives about US-staged Ukrainian events, Western colonial policies in post-Soviet space and elsewhere, pro-fascist West, Baltic states and Ukraine, Western aggressiveness towards Belarus and Russia, and the West's attempts to disrupt Belarus-Russia relations. It also puts forward a false dilemma about the direction of Belarus's and other post-Soviet countries' political development (union with Russia vs. no future) and promotes the concept of all-Russian civilisation, an imperial Russian and Russian irredentist ideology that is a favoured pro-Kremlin narrative aimed at weakening the national identity of Belarusians and Ukrainians, as well as their sovereignty. The accusation of Nazism/fascism in relation to Ukraine, the Baltic states, and the West is one of the favourite techniques of pro-Kremlin outlets, read our past analysis Nazi east, Nazi west, Nazi over the cuckoo's nest. The US did not stage the Ukrainian events in 2004 or 2014. When it comes to Euromaidan, the spontaneous onset of protests was a reaction by numerous segments of the Ukrainian population to former President Yanukovych’s violent dispersal of peaceful student protests against Yanukovych's sudden decision to withdraw from the Association Agreement with the European Union in November 2013. See the full debunk here. See earlier disinformation cases alleging that by staging Euromaidan, the West meant Ukraine to die, that the West is targeting the Union State between Belarus and Russia and wages large-scale information campaign against it, that the West favours and supports Ukrainian fascists and Islamic terrorists, and that Belarus faces either normal development under Russia or a forced Polonization and economic devastation.","Following the USSR’s break-up, the West created various funds and organisations in the post-Soviet countries and began meddling in the internal affairs of sovereign countries. The 2004 presidential elections and 2014 Euromaidan in Ukraine were examples of US’ rulings on who should have power in Ukraine. Gradually, post-Soviet countries began turning into colonies of the US with various conflicts and degradation stemming from this fact. When it comes to eastern policy, old and new EU and NATO cou",estonian_native,fake,euvsdisinfo-native,et_7464
03.12.2019,/report/sputnik-unprecedented-persecution-totalitarian-estonia,Sputnik is the victim of an unprecedented persecution in “totalitarian” Estonia,"mundo.sputniknews.com, mundo.sputniknews.com",Estonia,"Sputnik News Agency is suffering an unprecedented persecution in Estonia. The country’s authorities unleashed a campaign aiming to block the work of Sputnik Estonia and deprive audiences of an alternative source of information on the situation of the country and the world. Estonia talks a lot about its commitments to democratic values, such as press freedom, but this case shows that it’s the opposite. The country represents a totalitarian machine unmatched in the world.","There is no persecution against Sputnik in Estonia. The agency has been forced to move out of its office in Tallinn because of its inability to pay the rent due to sanctions. In October 2019, Estonia-based branches of the foreign banks that operated the accounts of Rossiya Segodnya, the mother company of Sputnik, froze all its transfers, while other banks in Estonia refused to operate with the firm. This is the result of the sanctions imposed by the European Union on Dmitry Kiselyov, the director general of Rossiya Segodnya, following the outbreak of the Ukraine crisis. Banks in Estonia are not the only institutions to have taken action against Rossiya Segodnya for this reason. In 2015, Barclay’s bank closed the account used by the agency in UK. In 2016 Latvia's domain registry shut the website of Sputnik Latvia after receiving a letter of concern from the Latvian Foreign Ministry, which drew attention to Sputnik's coverage of Ukraine and routine denial of the embattled nation's territorial integrity. In July 2019, Latvian authorities blocked access to the online portal baltnews.lv, owned by Rossiya Segodnya, because of the EU sanctions. In mid-2019 a court in Vilnius ruled on blocking Sputnik Lithuania over copyright issues. Estonia is ranked as the 11th freest country in the world for press by Reporters Without Borders. Estonia is considered a consolidated democracy by Freedom House and a Flawed Democracy by the Economist Intelligence Unit's Democracy Index, similar to countries like the US, Japan, France, Portugal or Belgium. Thus, Estonia is by no means a totalitarian regime. This is part of a recurrent Russian disinformation narrative to portray Baltic states as dictatorial and Kremlin-linked media as sources of alternative views and Russia as a global champion of press freedom. You can see other examples in our database, such as the claims of Russophobia at a state level in the Baltic countries (which leads to discrimination against their non-citizens), contrary to the allegedly brave efforts of Sputnik against intolerance in Lithuania, or the stories on how nice is to be a journalist in Russia, unlike in Europe.","Sputnik News Agency is suffering an unprecedented persecution in Estonia. The country’s authorities unleashed a campaign aiming to block the work of Sputnik Estonia and deprive audiences of an alternative source of information on the situation of the country and the world. Estonia talks a lot about its commitments to democratic values, such as press freedom, but this case shows that it’s the opposite. The country represents a totalitarian machine unmatched in the world.",estonian_native,fake,euvsdisinfo-native,et_7474
27.11.2019,/report/estonia-oppresses-russian-media-as-part-of-new-global-wave-of-anti-russian-sanctions,Estonia oppresses Russian media as part of the new global wave of anti-Russian sanctions,"sputnik.by, lv.sputniknews.ru, Sputnik Estonia - Russian, sputnik-georgia.ru, ru.sputnik.md","Lithuania,Estonia,Russia,Latvia","Russian journalists and media outlets are regularly attacked and oppressed by Baltic states’ authorities. Websites of Sputnik Lithuania and Sputnik Latvia were blocked for some time, recently Estonian authorities made Sputnik Estonia payments problematic claiming that the money is terroristic. Given that no Media Law exists in Estonia, there is no such thing as official accreditation, hence who will be considered a propagandist depends on what will be on the mind of a certain bureaucrat. It looks like a consecutive sanction wave against Russia is coming. WADA statement to ban Russia from the Olympics, events around Sputnik offices in the Baltic countries, and Zelenskyy’s visit to the Baltics are all parts of one chain.","This publication misrepresents the reasons behind occasional Baltic states' legal actions against Sputnik and puts forward a conspiracy of West's concerted anti-Russian actions. There is no persecution against Sputnik in Estonia. The agency has been forced to move out of its office in Tallinn because of its inability to pay the rent due to sanctions. In October 2019, Estonia-based branches of the foreign banks that operated the accounts of Rossiya Segodnya, the mother company of Sputnik, froze all its transfers, while other banks in Estonia refused to operate with the firm. This is the result of the sanctions imposed by the European Union on Dmitry Kiselyov, the director general of Rossiya Segodnya, following the outbreak of the Ukraine crisis. Although there is no specific law on the press in Estonia, the media space is regulated by the Estonian journalists code of ethics and various pieces of legislation. Freedom of speech in Estonia is guaranteed by the Constitution, laws and the Charter of Fundamental Rights of the European Union. Estonia is ranked as the 11th freest country in the world for press by Reporters Without Borders and belongs to Freedom House's Freedom of the Press top countries. In 2016 Latvia's domain registry shut the website of Sputnik Latvia after receiving a letter of concern from the Latvian Foreign Ministry, which drew attention to Sputnik's coverage of Ukraine and routine denial of the embattled nation's territorial integrity. In July 2019, Latvian authorities blocked access to the online portal baltnews.lv, owned by Rossiya Segodnya. In mid-2019 a court in Vilnius ruled on blocking Sputnik Lithuania over copyright issues. See earlier disinformation cases alleging that Estonia and Lithuania are totalitarian, that Russian media is being discriminated in the Baltic states, and that Baltic states’ policies equal to Third Reich.","Russian journalists and media outlets are regularly attacked and oppressed by Baltic states’ authorities. Websites of Sputnik Lithuania and Sputnik Latvia were blocked for some time, recently Estonian authorities made Sputnik Estonia payments problematic claiming that the money is terroristic. Given that no Media Law exists in Estonia, there is no such thing as official accreditation, hence who will be considered a propagandist depends on what will be on the mind of a certain bureaucrat. It look",estonian_native,fake,euvsdisinfo-native,et_7534
23.11.2019,/report/the-us-plans-to-take-over-kalinigrad-region,The US plans to take over Kalinigrad region,Sputnik Azerbaijan - Russian,"Azerbaijan,Lithuania,Estonia,Baltic states,Russia,Latvia","The US plans for war against Russia are voiced more and more. Dr. Richard Hooker, senior researcher at the Jamestown Foundation (USA), recently talked about a plan to invade Kaliningrad, while the American publication Foreign Policy reports that Washington will “protect itself from Russia” by horizontal escalation, that is, by attacking the Russian contingent in Syria […].","This is recurring pro-Kremlin disinformation about Western aggression against Kaliningrad. The origins of this NATO scenario comes from a recent report by the American Jamestown Foundation entitled “How to Defend the Baltic States”, published in October 2019. The report mentions that “three Baltic States—Estonia, Latvia and Lithuania—face powerful Russian forces” and therefore this report comes to “lay out the military units and force posture, along with changes to Alliance command and control, that would be needed to prevail in case Russia was to spark hostilities in the Baltic States”, after it was proven that ""Russian aggression in Chechnya, Georgia, Donbas, Crimea and Syria have proven that military force can be used successfully without eliciting a forceful response from the West"". As for the publication in Foreign Policy, the article describes the theories of “offshore balancing” or “offshore control”, stating that ""in the event Russia seized the Baltic states, the United States could strike at Russian forces in Crimea or Syria"". In addition, during the Warsaw summit in July 2016, NATO has made it clear that ""The Alliance does not seek confrontation and poses no threat to Russia"".","The US plans for war against Russia are voiced more and more. Dr. Richard Hooker, senior researcher at the Jamestown Foundation (USA), recently talked about a plan to invade Kaliningrad, while the American publication Foreign Policy reports that Washington will “protect itself from Russia” by horizontal escalation, that is, by attacking the Russian contingent in Syria […].",estonian_native,fake,euvsdisinfo-native,et_7574
15.11.2019,/report/anti-russian-position-helped-nato-countries-temporarily-freeze-a-drift-in-different-directions,Anti-Russian position helped NATO countries temporarily freeze a drift in different directions,sputnik.by,"US,Lithuania,Estonia,Russia,Latvia","A split between western European countries and more recent EU member states occurred right after the EU and NATO expansion. Pro-US eastern European and Baltic states eagerly take part in American projects which heighten tension in relations with Russia, whereas founding EU countries show greater restraint. For a short period of time NATO countries united around anti-Russian position after Ukrainian coup d’etat, but currently, are drifting apart again.","This publication is one of many disinformation cases about the US military presence in Europe. It is consistent with recurring pro-Kremlin narratives about aggressive, anti-Russian Western policies and a coup d'etat in Ukraine. It groundlessly alleges that NATO countries are kept together only thanks to consolidation around their anti-Russian positions. There was no coup d’état in Ukraine in 2014. The spontaneous onset of the Euromaidan protests was a reaction by numerous segments of the Ukrainian population to former President Yanukovych’s violent dispersal of peaceful student protests against his sudden decision to withdraw from the Association Agreement with the European Union in November 2013. See the full debunk here. Read earlier disinformation cases alleging that the US will easily betray the Baltic states and hand them over to Russia, that the US does not care about the Baltic states and wants Russia to buy them, and that the Pentagon admits that the US will be unable to protect Poland from a Russian invasion.","A split between western European countries and more recent EU member states occurred right after the EU and NATO expansion. Pro-US eastern European and Baltic states eagerly take part in American projects which heighten tension in relations with Russia, whereas founding EU countries show greater restraint. For a short period of time NATO countries united around anti-Russian position after Ukrainian coup d’etat, but currently, are drifting apart again.",estonian_native,fake,euvsdisinfo-native,et_7640
14.11.2019,/report/european-countries-glorify-fascism-but-what-happens-in-baltic-states-is-worst,"European countries glorify fascism, but Baltic States are worse",ru.armeniasputnik.am,"Lithuania,Estonia,Russia,Latvia","In several European countries, a glorification of fascism is going on. But the worst is what is happening in the Baltic countries. The nationalists seized power in the Baltic States after the collapse of the USSR. As a result, they do everything to forget the best things that connected the people of Russia and the Baltic countries. The friendship, cooperation, prosperity, the centuries-old defence against attacks from aggressors. Instead, they revive those, who together with the Germans, killed their own citizens in the camps.","Recurring pro-Kremlin narrative attempting to link the Baltic countries with Nazism. This message is part of the Kremlin’s policy of historical revisionism. It tries to promote the idea that there was no Soviet occupation of the Baltic states, portraying Russia and the Soviet Union as the only guarantor of security in the Baltic States and that the Baltic States benefited from the Molotov- Ribbentrop pact. The USSR occupied the Baltic States two times, firstly in 1940, under the Molotov-Ribbentrop Pact, then in 1944. Contrary to the claims of the pro-Kremlin media, the re-capturing of the Baltic States did not bring freedom and prosperity, but Soviet repressions and occupation, which lasted for 50 years. The estimated war and occupation deaths are at 90,000 in Estonia, 180,000 in Latvia and 250,000 in Lithuania. Furthermore, it has been estimated that between 1946 and 1953, deportations and guerrilla deaths reached 95,000 in Estonia,125,000 in Latvia and 310,000 in Lithuania. The threat of Nazism is a recurring pro-Kremlin narrative; see here for disinformation cases about Europe becoming Nazi again, Baltic states openly glorifying Nazism, Poles stoking nationalist sentiment in Ukraine in order to annex Kviv and that the EU continues the aggressive policies of Nazi Germany. The accusation of Nazism is one of the favourite techniques of pro-Kremlin outlets as explained in our past analysis Nazi east, Nazi west, Nazi over the cuckoo's nest.","In several European countries, a glorification of fascism is going on. But the worst is what is happening in the Baltic countries. The nationalists seized power in the Baltic States after the collapse of the USSR. As a result, they do everything to forget the best things that connected the people of Russia and the Baltic countries. The friendship, cooperation, prosperity, the centuries-old defence against attacks from aggressors. Instead, they revive those, who together with the Germans, killed ",estonian_native,fake,euvsdisinfo-native,et_7650
11.11.2019,/report/the-baltics-have-lost-industry-agriculture-and-population-as-a-result-of-eu-membership,"The Baltics have lost industry, agriculture, and population as a result of EU membership",sputnik.by,"Lithuania,Estonia,Latvia","As a result of their membership in the EU, the Baltic States have lost industry and agriculture and a third of their populations. During Soviet times, the Baltic republics where certain showcases; their cultural levels were improved thanks to other Soviet peoples. The Baltic States’ establishments thought this would continue to be the case. Instead, they have again returned to the boondocks, the place that they always had in Europe.","This case is consistent with recurring pro-Kremlin narratives about socio-economic degradation in the Baltic States as opposed to their alleged well-being under the USSR. In fact, the economic situation of all three Baltic States is strong and demonstrates some of the leading economic growth indicators in the EU. The dynamics over the past years are available here. See similar disinformation cases about the Baltic States alleging that Latvia is a US vassal state, that Lithuania is a ""typical dying young democracy"", that decaying Latvia and Lithuania envy Belarus its strategic relations with Russia, and that the Baltic States are dying because they chose not to be with Russia.","As a result of their membership in the EU, the Baltic States have lost industry and agriculture and a third of their populations. During Soviet times, the Baltic republics where certain showcases; their cultural levels were improved thanks to other Soviet peoples. The Baltic States’ establishments thought this would continue to be the case. Instead, they have again returned to the boondocks, the place that they always had in Europe.",estonian_native,fake,euvsdisinfo-native,et_7671
07.11.2019,/report/there-is-no-freedom-of-speech-and-democracy-in-estonia,Estonia is totalitarian country,60 minut @Rossiya 1 - YouTube,Estonia,Not even in Arab states we have ran into such a totalitarian system as in Estonia. There you have it: your Europe and the European democracy you praise!,"The repeated disinformation narrative that there is no freedom of speech in the Baltic countries and that censorship flourishes there. Estonia is a country in which democratic institutions are strong and political and civil rights in Estonia are widely respected. In the 2019 Freedom House report, Estonia scored 94 points out of a possible 100. Russia, in terms of democracy, is near the bottom of the rating and scored 20 points out of 100. Freedom of speech in Estonia is guaranteed by the Constitution, laws and the Charter of Fundamental Rights of the European Union. In the world ranking of ""Reporters Without Borders"", Estonia ranks 11th for freedom of speech out of 180 countries. At the same time, Russia is in 149th place. See previous disinformation cases about Estonia here.",Not even in Arab states we have ran into such a totalitarian system as in Estonia. There you have it: your Europe and the European democracy you praise!,estonian_native,fake,euvsdisinfo-native,et_7724
03.11.2019,/report/the-estonian-government-warned-russia-with-a-final-military-solution,The Estonian government warned Russia with a final military solution,Zemlyaki,Estonia,"The Estonian government has warned Russia about the threat of a “final military solution to the Russian question” if the “export of the Russian world” continues. “Immediate de-occupation of Crimea, Donbass, Moldova, Armenia, Georgia (the so-called“ Abkhazia ”and the so-called“ South Ossetia ”) is the first and indispensable condition. Russia should also withdraw its troops from Syria. “After recognizing the tools of aggression by the Russian armed forces as an illegal armed formation and their further disbandment, the second stage will be the a tribunal over military commanders and politicians, negotiations on reparations and so on. Otherwise, Moscow may expect a final solution to the Russian issue by military means,” the Estonians threatened.","The article is based on a text published on a satirical page. However, the article does not mention this information being satire. Thus, it is evident there is no evidence of Estonia threatening Russia.","The Estonian government has warned Russia about the threat of a “final military solution to the Russian question” if the “export of the Russian world” continues. “Immediate de-occupation of Crimea, Donbass, Moldova, Armenia, Georgia (the so-called“ Abkhazia ”and the so-called“ South Ossetia ”) is the first and indispensable condition. Russia should also withdraw its troops from Syria. “After recognizing the tools of aggression by the Russian armed forces as an illegal armed formation and their f",estonian_native,fake,euvsdisinfo-native,et_7755
31.10.2019,/report/the-russophobic-baltics-have-no-chance-to-overcome-cessation-of-eu-funding,The Russophobic Baltics have no chance to overcome cessation of EU funding,Vegchel.ru,"Lithuania,Estonia,Russia,Latvia","The Russophobic regime of the Baltic countries is implementing policy that deprives them from opportunities to profit from trade relations with Russia. This leaves them without a chance to overcome the consequences of the cessation of funding from the EU, which ends in 2020 and overcoming the demographic catastrophe due to the use of Russian resources. The demographic catastrophe means that from these countries the population is scattered across Ireland, England and other parts of Europe to work as hairdressers and carers.","The pro-Kremlin media uses the Russophobia claim systematically on the Baltic states, but also on Belarus, and Ukraine. Sanctions were introduced after Russia's illegal annexation of Crimea and the downing of the Malaysian passenger plane MH17. The latest decision on a six-month extension of EU sanctions against Russian was taken on the 12th of September 2019, lasting until March 2020. Estonia's policies towards Russia are not limited to sanctions. The Estonian President, Kersti Kaljulaid, met Vladimir Putin in Russia in April 2019 and has invited him to visit Estonia. The EU budget for 2021-2027 is still in the negotiation phase, but the European Comission has indeed proposed a 24% cut for cohesion policy for Hungary, the Czech Republic, Estonia and Lithuania. However, when all the funds foreseen by the proposal are combined, the reduction for Estonia would be from 3,5 billion euros to 3,3 billion euros. As ""individual Member State’s allocation cannot be less than 76 % of what it received in the 2014-2020 period,"" there will be no ""cessation"" of the EU funds. The demographic catastrophe narrative is aimed to ridicule the Baltic states by exacerbating the demographic decline that they face. In fact, many other eastern European countries experience a population decline, including Russia. See cases alleging that the Baltic states are dying because they chose not to be with Russia, the Baltics will be inhabited by people from Africa, and that Lithuania will be depopulated in 20 years, and that decaying Latvia and Lithuania envy Belarus its strategic relations with Russia.","The Russophobic regime of the Baltic countries is implementing policy that deprives them from opportunities to profit from trade relations with Russia. This leaves them without a chance to overcome the consequences of the cessation of funding from the EU, which ends in 2020 and overcoming the demographic catastrophe due to the use of Russian resources. The demographic catastrophe means that from these countries the population is scattered across Ireland, England and other parts of Europe to work",estonian_native,fake,euvsdisinfo-native,et_7775
24.10.2019,/report/lithuania-is-temporarily-nato-occupied-territory-ruled-by-non-lithuanians,Lithuania is temporarily NATO-occupied territory ruled by non-Lithuanians,regnum.ru,"Belarus,Lithuania,Estonia,Ukraine,Russia,Latvia","Lithuania and other Baltic states are under temporary occupation by NATO. Lithuania is ruled by a group of people who are not Lithuanians at all. Generally, Lithuania, Belarus, Russia, and Ukraine are one common territory which was illegally destroyed in 1991 as a result of the defeat in the Cold War. They are part of Russian world, and over time, Lithuania will get back to it too.","Historic revisionism and recurring pro-Kremlin disinformation narrative undermining the sovereignty of the Baltic States. Lithuania, Latvia and Estonia are sovereign countries and NATO allies. See earlier disinformation cases alleging that Lithuania is occupied by NATO, that NATO buried Latvia’s and Lithuania’s independence and is currently targeting Belarus, that the West destroyed the USSR and is currently targeting the Union State between Belarus and Russia, and that the Baltic States and Ukraine belong to the ’Russian world’.","Lithuania and other Baltic states are under temporary occupation by NATO. Lithuania is ruled by a group of people who are not Lithuanians at all. Generally, Lithuania, Belarus, Russia, and Ukraine are one common territory which was illegally destroyed in 1991 as a result of the defeat in the Cold War. They are part of Russian world, and over time, Lithuania will get back to it too.",estonian_native,fake,euvsdisinfo-native,et_7834
19.10.2019,/report/estonia-entry-only-for-those-who-have-forgotten-their-history,"Estonia. Entry only for those, who have forgotten their history",Sputnik Estonia,Estonia,"In the end of the event against Estonia’s “visa arbitrariness” to the members of Young Guard, the activists wrote on the pavement “Estonia. Entry only for those, who have forgotten their history!”.","On 15th of August, Estonia added four people to the list who are not allowed to enter the Schengen area. While the official reason for this ""visa arbitrariness"" as pro-Kremlin media calls it, is not to be disclosed by the authorities, the media in Estonia has reported that the reason was their cooperation with an NGO called Russian Fellow Compatriots in Europe and participation in the Immortal Regiment march. The Estonian Internal Security Service regularly refers to various NGOs and individuals engaged in propaganda campaigns or subversive actions in Estonia with support from Russia. Propastop has mapped this network of NGOs and individuals. As for the slogan about forgetting history, pro-Kremlin media has been claiming that Tallinn was liberated and there was no occupation. In reality this was not the case: ""On September 22, 1944, when the Red Army arrived in Tallinn, the Germans had already left the city. On 18. September, Otto Tief’s Republic of Estonia’s Constitutional Government, which had been formed by Prime Minister Jüri Uluots acting on behalf of the President was in force."" That Estonian Government ""affirmed the juridical continuation of the Republic of Estonia, and it showed that Estonia accepted neither the Soviet occupation nor the 3-year period of German occupation"". The previous example of the 75 year old disinformation narrative about liberation of Tallinn can be seen here.","In the end of the event against Estonia’s “visa arbitrariness” to the members of Young Guard, the activists wrote on the pavement “Estonia. Entry only for those, who have forgotten their history!”.",estonian_native,fake,euvsdisinfo-native,et_7888
14.10.2019,/report/the-u-s-will-easily-betray-the-baltic-states-and-hand-them-over-to-russia,The U.S. will easily betray the Baltic states and hand them over to Russia,Rubaltic.ru,"Poland,US,Lithuania,Estonia,Russia,Latvia","By abandoning Syrian Kurdistan, the U.S. demonstrated that they can betray their allies at any moment just because they are lazy to deal with their problems. The more Poland, the Baltic countries, and other Eastern European fans of American strength will tug uncle Sam’s sleeve, shout about “Russian threat” and demand ever more American tanks, grenade launchers, and special forces, the more probable that Americans will betray and leave them to Russia to deal with. In fact, Russia is neither interested in Baltic countries nor needs them. They are a godforsaken province, a dual periphery of the West and East. However, the Baltic countries constantly reproduce and attempt to sell the conflict, build their international image at the expense of Russia’s demonization, demand NATO allies an even larger militarization of Russian border, and take West-Russia cooperation as a threat to their interests. Such inadequate allies may drag the U.S. into the entirely unnecessary conflict and force Americans to defend them a thousand miles away from the U.S. shores. Americans do not need this, hence they will easily hand Baltic states over to Russia.","The publication contains recurring pro-Kremlin disinformation narratives about the Baltic states and Poland as Russophobic and anti-Russian and the US is an unreliable ally which does not care about the Baltic states. It also aims to discredit the Baltic states by portraying them as insignificant, inadequate, and trouble-making. The Baltic states are full-fledged NATO members, and the principle of collective defence remains at the very heart of NATO’s founding treaty. Hence in case of an armed attack against them each of the other NATO members will ""assist the Party or Parties so attacked by taking forthwith, individually and in concert with the other Parties, such action as it deems necessary, including the use of armed force, to restore and maintain the security of the North Atlantic area,"" Article 5 of the North Atlantic Treaty stipulates. The principle of collective defence ""remains a unique and enduring principle that binds its members together, committing them to protect each other and setting a spirit of solidarity within the Alliance,"" NATO Website reads. See earlier disinformation cases alleging that the US does not care about the Baltic states and wants Russia to buy them and that Pentagon admits that the US will be unable to protect Poland from a Russian invasion.","By abandoning Syrian Kurdistan, the U.S. demonstrated that they can betray their allies at any moment just because they are lazy to deal with their problems. The more Poland, the Baltic countries, and other Eastern European fans of American strength will tug uncle Sam’s sleeve, shout about “Russian threat” and demand ever more American tanks, grenade launchers, and special forces, the more probable that Americans will betray and leave them to Russia to deal with. In fact, Russia is neither inter",estonian_native,fake,euvsdisinfo-native,et_7917
14.10.2019,/report/significant-numbers-of-estonian-working-age-people-have-moved-to-western-europe,"As many Estonians have moved to Western Europe, the country suffers a decline in workforce",Sputnik Estonia,Estonia,"Over the last few years, significant numbers of Estonian working-age people have moved to Western Europe to look for more lucrative jobs. As a result, the country is faced with a sharp decline in workforce.","No evidence is given to support this claim. On the contrary, according to Statistics Estonia, this is not the case: ""In 2018, Estonia’s net migration was positive for the fourth year in a row. 17,547 persons took up residence in Estonia and 10,476 persons left Estonia. (…) The number of working-age people (20–64 years old) increased by 6,270 persons as a result of migration.""","Over the last few years, significant numbers of Estonian working-age people have moved to Western Europe to look for more lucrative jobs. As a result, the country is faced with a sharp decline in workforce.",estonian_native,fake,euvsdisinfo-native,et_7921
11.10.2019,/report/the-baltic-states-are-dying-and-soon-will-be-inhabited-by-people-from-congo-and-zimbabwe,The Baltic states are dying out and soon will be inhabited by people from Congo and Zimbabwe,Rubaltic.ru,"Congo,Lithuania,Estonia,Latvia","Baltic experts have come to the conclusion that the only way out of the demographic catastrophe of the Baltic States will be the immigration from tropical Africa. This means a demographic surrender: Baltic States recognize that Lithuanians, Latvians, Estonians cannot be saved from extinction and that the only way to stop depopulation of the Baltic States is foreign migrants. So far the Baltic states cover their demographic shame with impoverished Ukrainians who are fleeing the “European choice” of Ukraine. However, the real fun for the Baltic states’ authorities will start when people born in Congo, Zimbabwe, and Equatorial Guinea will become new Lithuanians, Latvians, and Estonians. After it happens, one will be able to laugh as the Baltic states finally get what they deserve.","This publication is a typical hahaganda narative aimed to ridicule the Baltic states by exacerbating the demographic decline that they face. In fact, many other eastern European countries experience a population decline, including Russia. See our earlier story about Estonia-related hahaganda and earlier disinformation cases alleging that the Baltic states are dying because they chose not to be with Russia and that Lithuania will be depopulated in 20 years, and that decaying Latvia and Lithuania envy Belarus its strategic relations with Russia.","Baltic experts have come to the conclusion that the only way out of the demographic catastrophe of the Baltic States will be the immigration from tropical Africa. This means a demographic surrender: Baltic States recognize that Lithuanians, Latvians, Estonians cannot be saved from extinction and that the only way to stop depopulation of the Baltic States is foreign migrants. So far the Baltic states cover their demographic shame with impoverished Ukrainians who are fleeing the “European choice” ",estonian_native,fake,euvsdisinfo-native,et_7934
08.10.2019,/report/the-rail-baltic-project-is-frozen-it-will-be-destroyed-in-a-war,"The Rail Baltic project is frozen, it will be destroyed in a war",Sputnik Estonia,Estonia,The construction of the Rail Baltic railway was postponed for another two years because the Baltics don’t have enough money. It seems like the Rail Baltic project has permanently “frozen”. There is no point in building infrastructure to the “front line” because it would be destroyed in the first hours of a large scale war.,"Rail Baltic is currently undergoing a design phase. In March 2019, a contract was signed to design a section of the Rail Baltic railway in Estonia. This was the first design contract signed for the main line of Rail Baltica. In April 2019, a similar contract was signed for a section in Lithuania, and in July, a design works contract was signed in Latvia. By September 2019, design works and site investigations had started on 411 km of the railroad. Pro-Kremlin media often use the narrative of a ""great war that will destroy everything, so there is no point in doing anything"". This is a recurring pro-Kremlin disinformation narrative based on groundless speculation. Sometimes it's used in combination with the narrative that ""Russia is not a threat"" (and dismissing the annexation of Crimea). Other times, the narrative that ""Russia is not a threat"" is paired with the narrative where Russia destroys its adversaries with a nuclear bomb.",The construction of the Rail Baltic railway was postponed for another two years because the Baltics don’t have enough money. It seems like the Rail Baltic project has permanently “frozen”. There is no point in building infrastructure to the “front line” because it would be destroyed in the first hours of a large scale war.,estonian_native,fake,euvsdisinfo-native,et_7960
01.10.2019,/report/the-resolution-of-the-european-parliament-shows-that-europe-has-become-insolent,The resolution of the European Parliament shows that Europe has become insolent,rs.sputniknews.com,"Denmark,Italy,UK,France,Germany,Lithuania,Estonia,Latvia","The resolution of the European Parliament, which equates the Soviet Union with Nazi Germany, shows that Europe has become insolent. Europe keeps forgetting the signing of the Munich agreement between Germany, Italy, the United Kingdom and France in 1938. Also, before the beginning of the World War II, the non-aggression pact with Germany was signed by England, France, Lithuania, Denmark, Estonia and Latvia, but it seems that such an agreement existed only between Germany and the USSR.","This message is part of the Kremlin’s policy of historical revisionism and an attempt to erode the disastrous historical role of the Molotov-Ribbentrop Pact by stating that other European countries signed various international agreements with Germany after 1934. See other examples referring to the Ribbentrop-Molotov Pact here, here and here. It is a proven historical fact that the Molotov-Ribbentrop Pact contained the Secret Supplementary Protocol, which assumed the division of Poland and other Eastern European countries between the USSR and Germany. Thus, the signing of the Molotov-Ribbentrop Pact directly caused the German and Soviet military aggression against Poland in September 1939, which resulted in complete occupation of this country by Germany and USSR. On 18 September, the European Parliament adopted a resolution, describing the Molotov-Ribbentrop pact of 23 August 1939 as a key element, causing World War II: The text of the resolution can be found here. Read more about the Molotov-Ribbentrop Pact: Molotov-Ribbentrop Pact: A 'honeymoon' for two dictators (Deutsche Welle); The Night Stalin and Hitler Redrew the Map of Europe (RFERL). The Second World War, the most devastating war in Europe’s history, was started as an immediate result of the notorious Nazi-Soviet Treaty on Non-Aggression of 23 August 1939, also known as the Molotov-Ribbentrop Pact, and its secret protocols, whereby two totalitarian regimes that shared the goal of world conquest divided Europe into two zones of influence.","The resolution of the European Parliament, which equates the Soviet Union with Nazi Germany, shows that Europe has become insolent. Europe keeps forgetting the signing of the Munich agreement between Germany, Italy, the United Kingdom and France in 1938. Also, before the beginning of the World War II, the non-aggression pact with Germany was signed by England, France, Lithuania, Denmark, Estonia and Latvia, but it seems that such an agreement existed only between Germany and the USSR.",estonian_native,fake,euvsdisinfo-native,et_8011
30.09.2019,/report/baltic-states-followed-greta-thunbergs-agenda-it-resulted-in-complete-degradation-and-dying,"Baltic states followed Greta Thunberg's agenda, it resulted in complete degradation and dying",Rubaltic.ru,"Lithuania,Estonia,Latvia","Greta Thunberg proposed the UN General Assembly to deny the achievements of human civilisation, neglect economic development and material well-being for the sake of saving nature. This “positive agenda” is not new, it was made a reality in the Baltic states after the USSR collapsed. They fought the so-called “legacy of occupation” using ecological slogans. This all resulted in the complete degradation of the Baltic states. The Western liberal ruling elite promotes the programme of the future through Greta. This programme is extremely regressive as it denies human creative powers, science and progress and proposes the past to the world. The Baltic states made this programme of deliberate simplification, degradation, and archaisation real. Under the mottoes for saving nature, they run through the Bacchanalia of de-industrialisation and de-intellectualisation. The Baltic States can take some credit for the ecological situation though. The remaining small population only happens to be bothered by beavers and wild boars walking in downtown Riga. Hence, the path proposed by Greta Thunberg leads to the dying-out as the case of the Baltic states proves.","This disinformation message combines conspiracy theories, ungrounded generalisations and simplifications, and is aimed to downsize the pressing problem of climate change, discredit both the ecological agenda and the Baltic states. It follows recurring pro-Kremlin disinformation narratives about extreme socio-economic difficulties in the Baltic states and Greta Thunberg as a mouthpiece of powerful political forces with hidden agenda. See earlier disinformation cases alleging that the Baltic states are dying because they chose not to be with Russia and that Lithuania will be depopulated in 20 years, that decaying Latvia and Lithuania envy Belarus its strategic relations with Russia and that Greta Thunberg is a political tool, whose key targets for “green blows” will be Russia and China.","Greta Thunberg proposed the UN General Assembly to deny the achievements of human civilisation, neglect economic development and material well-being for the sake of saving nature. This “positive agenda” is not new, it was made a reality in the Baltic states after the USSR collapsed. They fought the so-called “legacy of occupation” using ecological slogans. This all resulted in the complete degradation of the Baltic states. The Western liberal ruling elite promotes the programme of the future thr",estonian_native,fake,euvsdisinfo-native,et_8026
29.09.2019,/report/estonian-students-will-be-taught-the-history-of-the-estonian-gay-society-with-practice,Estonia is under social and moral occupation,5-tv.ru,Estonia,"Estonia is on the verge of social and moral occupation. This year, in Tallinn, students began to study the history of the Estonian gay community. Do you know how this is explained? Firstly, it is necessary for general education. Secondly, for the social cohesion of youth. Apparently, basic family values are not enough. It is no coincidence that Tallinn is called the capital of the Scandinavian gays.","Recurring pro-Kremlin narrative about West's moral decay and sovereignty of the Baltic States. See a similar case: Estonia is a tool in the hands of the EU and US The course ""Hot 1990s, history of sexuality and the Estonian LGBT + community"" is taught at Tallinn university and students can choose it at their discretion. The course addresses two intertwined themes: the 1990s as a transition period for Soviet independence and the recent history of sexuality and the Estonian LGBT + community. Estonia is a sovereign liberal democracy. ""Threatened values"" is one of the most common narratives used by pro-Kremlin outlets.","Estonia is on the verge of social and moral occupation. This year, in Tallinn, students began to study the history of the Estonian gay community. Do you know how this is explained? Firstly, it is necessary for general education. Secondly, for the social cohesion of youth. Apparently, basic family values are not enough. It is no coincidence that Tallinn is called the capital of the Scandinavian gays.",estonian_native,fake,euvsdisinfo-native,et_8031
29.09.2019,/report/estonia-joined-the-ussr-in-compliance-with-international-law,Estonia joined the USSR in compliance with international law,5-tv.ru,"USSR,Estonia","We have repeatedly said that there is no, and there was not, a Soviet occupation of Estonia. The country’s entry into the Soviet Union occurred in accordance with the standards of international law.","This is the part of the Kremlin’s policy of historical revisionism – it tries to promote the idea that there was no Soviet occupation of the Baltic states. On 23 August 1939, the Soviet Union and Nazi Germany signed a non-aggression (Molotov-Ribbentrop) pact whose secret protocols divided the territories belonging to Poland, Lithuania, Latvia, Estonia, Finland, and Romania into Soviet and Nazi spheres of influence. The Baltic States were not beneficiaries of the Molotov-Ribbentrop pact. Like other countries mentioned in the pact, they lost their independence and territories. Soviet occupation of the Baltic States lasted for 50 years and resulted in mass deportations and repressions against local populations. 24 December 1989, the Parliament of the USSR, the Congress of the People’s Deputies, adopted a resolution, acknowledging the annexation of the Baltic states as a violation of the USSRs obligations. An English translation of the full text here: See similar disinformation narratives on history and Baltic states here and here. The Congress notes that during this period the relations of the USSR with Latvia, Lithuania and Estonia were regulated by a system of treaties. Pursuant to the 1920 Peace Treaties and 1926-1933 Non-Aggression Treaties, the signatories were obliged to honour each other’s sovereignty, territorial integrity and inviolability under any circumstances. The Soviet Union had assumed similar obligations to Poland and Finland.","We have repeatedly said that there is no, and there was not, a Soviet occupation of Estonia. The country’s entry into the Soviet Union occurred in accordance with the standards of international law.",estonian_native,fake,euvsdisinfo-native,et_8032
27.09.2019,/report/estonia-fights-with-its-neighbours-for-money-from-us-defence-budget,Estonia fights with its neighbours for money from US defence budget,Sputnik Estonia,Estonia,"Tallinn is fighting furiously with its competitors – Vilnius and Riga – to get funding from the US for it’s military investment projects. This explains the endless flow of messages about unproven “violations” of Estonian airspace by Russian aircraft. Ministry of Defence of the Russian Federation has been constantly disproving the unproven claims of Estonia. Vilnius and Riga lack such “convenient” islands like Estonias Vaindloo, but they attempt to find ways to accuse Russia in provocations on border. They do it like Estonia does, without providing proof.","The Baltics don't have to fight for the money from the US defence budget and support their claims with airspace violations. It was Russia, who violated the territorial integrity of Ukraine and Georgia and those examples still work very well. At the 2014 summit in Wales, all of the NATO members agreed to spend 2 percent of their GDPs on the defense by the year 2025. Estonia's defence budget reaches above this mark with spending 2,13 per cent of the GDP on defence. Russian military aircraft frequently violate Estonian airspace. The latest example comes from 23rd of September when a Sukhoi Su-34 fighter violated Estonian airspace near the island of Vaindloo. The plane's transponder was turned off and no flight plan was filed. The aircraft had no radio contact with the Estonian Air Traffic Control. As a result of the incident, Moscow’s ambassador to Estonia was summoned to the Foreign Ministry. Previous examples from September also include Lithuania: ""On Sept. 3, NATO air policing fighter jets intercepted two Sukhoi SU-30 aircraft flying from the mainland of the Russian Federation to Kaliningrad. Neither had their onboard transponder on, nor flight plans, nor kept radio contact with the regional air traffic control center. On Sept. 5, fighter jets were scrambled to intercept an aircraft maneuvering in the Lithuanian Flight Information Region (FIR) of the international airspace after flowing in from Kaliningrad. The onboard transponder of the aircraft was off, it did not have a flight plan, and did not maintain radio communication with the regional air traffic control center.""","Tallinn is fighting furiously with its competitors – Vilnius and Riga – to get funding from the US for it’s military investment projects. This explains the endless flow of messages about unproven “violations” of Estonian airspace by Russian aircraft. Ministry of Defence of the Russian Federation has been constantly disproving the unproven claims of Estonia. Vilnius and Riga lack such “convenient” islands like Estonias Vaindloo, but they attempt to find ways to accuse Russia in provocations on bo",estonian_native,fake,euvsdisinfo-native,et_8041
26.09.2019,/report/the-massive-flow-of-ukrainians-threatens-estonia,The influx of Ukrainians threatens Estonia,Sputnik Estonia,Estonia,"If the massive flow of Ukrainians going to Estonia to work there continues, a choice has to be made: either continue the ideological support for the children of Maidan or preserve the Estonian mother-tongue for centuries to come.","Pro-Kremlin disinformation narrative about Ukraine and its people. The claim that Ukrainians are a threat to Estonia is consistent with previous pro-Kremlin disinformation: in 2018 the news broadcast Vremia on Channel One described a massive Ukrainian labour force, which has been aggressively pushing themselves into Estonia and has led locals to go abroad enable to find work. In reality the unemployment rate in Estonia is 5.1 %. Before that, a false claim about Ukrainians being terrorists was circulated: Ukrainians working in Estonia are no different from terrorists. Ukrainians may endanger the people of Estonia, as they have experiences of armed conflicts in their own country. After the Russians, the Ukrainian community is the second-biggest ethnic minority in Estonia. There are more than 22,000 Ukrainians living and working there, making up approximately 1.7% of the Estonian population. While the pro-Kremlin narrative portrayes them like some sort of threat, in reality that's not the case. According to the Ministry of the Interior, 15,524 short-term employment and temporary residence permits were granted to Ukrainian citizens temporarily staying in Estonia, with or without a visa, in 2018, and 2,565 were granted residence permits.","If the massive flow of Ukrainians going to Estonia to work there continues, a choice has to be made: either continue the ideological support for the children of Maidan or preserve the Estonian mother-tongue for centuries to come.",estonian_native,fake,euvsdisinfo-native,et_8050
23.09.2019,/report/the-red-army-liberated-estonia-nazi-army-wanted-to-blow-up-tallinn,"The red Army Liberated Estonia, the Nazi army wanted to blow up Tallinn",Sputnik Estonia,Estonia,"The Red Army liberated Tallinn from fascists. After the liberation 75 objects with mines were discovered and 100 tonnes of explosives was removed. The fascists had placed mines in industry and government buildings, but also resident houses.","The German’s alleged plan to blow up a number of buildings upon leaving Tallinn has not been proven. Tallinn was not liberated but occupied: ""On September 22, 1944, when the Red Army arrived in Tallinn, the Germans had already left the city. On 18. September, Otto Tief’s Republic of Estonia’s Constitutional Government, which had been formed by Prime Minister Jüri Uluots acting on behalf of the President was in force."" That Estonian Government ""affirmed the juridical continuation of the Republic of Estonia, and it showed that Estonia accepted neither the Soviet occupation nor the 3-year period of German occupation"".","The Red Army liberated Tallinn from fascists. After the liberation 75 objects with mines were discovered and 100 tonnes of explosives was removed. The fascists had placed mines in industry and government buildings, but also resident houses.",estonian_native,fake,euvsdisinfo-native,et_8084
23.09.2019,/report/the-red-army-didnt-want-to-bomb-citizens-of-tallinn-it-just-missed-its-mark,"The Red Army didn't want to bomb citizens of Tallinn, it just missed it's mark",Sputnik Estonia,Estonia,"Nowadays it’s common to say that the Red Army bombed Tallinn. But actually they bombed the harbour where the enemy was and it’s really close to the city. It has nothing to do with willful destroying, killing the citizens of the city.","On March 9, 1944, the Soviet Air Forces dropped 3,068 bombs on Tallinn. The bomb raid included 300 Soviet planes that dropped explosive as well as incendiary bombs, did heavy damage to the city center and completely destroyed much of the city’s suburbs, which were mainly built of wood. As saboteurs had blown up the fire brigades’ pumping stations, fighting the fires proved near to impossible. 757 people were killed immediately, 659 injured. More than 20,000 lost their homes. The damage to military installations or factories crucial to the German war effort was minimal.","Nowadays it’s common to say that the Red Army bombed Tallinn. But actually they bombed the harbour where the enemy was and it’s really close to the city. It has nothing to do with willful destroying, killing the citizens of the city.",estonian_native,fake,euvsdisinfo-native,et_8085
23.09.2019,/report/estonian-authorities-pay-tribute-to-the-hitlers-cross-of-liberty-in-tallinn,Estonian authorities pay tribute to the Hitler’s Cross of Liberty in Tallinn,5-tv.ru,"USSR,Estonia,Russia",The Estonian authorities pay tribute to their own heroes by laying flowers to Hitler’s Cross of Liberty. This monument is a copy of the emblem of the Estonian SS Legion – it was erected in the city centre ten years ago.,"This message is a part of the Kremlin’s policy of historical revisionism – it tries to promote the idea that there was no Soviet occupation of the Baltic states and that the local population actively welcomed the Soviet rule in their countries. Any disagreement with the official Kremlin’s view on the history of the Baltic states is labelled as a support for “Nazism”. In particular, this message indirectly accuses the Estonian soldiers, who fought in the War of Independence (1918–1920), of being “Nazis”. The Cross of Liberty monument has no connection to WWII at all – it was erected in the memory of thousands of Estonian soldiers who lost their lives in 1918-1920 during the War of Independence. The initial plan to create this monument first appeared in 1936; however, as a result of WWII outbreak, this plan was not realised. The symbols presented on this monument were used by the Estonian soldiers fighting in the War of Independence in 1918-1920. Thus, they have no connection to Nazism at all. During WWII, this symbol was unofficially used by the Estonian soldiers fighting for the Estonian Legion. According to the Soviet and Russian vision of history, all the historical and state symbols used by the forces supporting the German Army may be presented as “Nazi” (including the national flags and coat of arms of the Baltic states, Belarus and Ukraine). See similar cases on the Baltic states and the Soviet occupation here, here and here.",The Estonian authorities pay tribute to their own heroes by laying flowers to Hitler’s Cross of Liberty. This monument is a copy of the emblem of the Estonian SS Legion – it was erected in the city centre ten years ago.,estonian_native,fake,euvsdisinfo-native,et_8087
23.09.2019,/report/lithuania-was-a-direct-beneficiary-of-the-molotov-ribbentrop-pact,Lithuania was a direct beneficiary of the Molotov-Ribbentrop Pact,lv.sputniknews.ru,"Germany,Lithuania,Estonia,Russia,Latvia","Before the European Parliament starts equalising Stalinism and Nazism, it would have been a good idea to get things sorted out with the Nazism as such. Why is the resolution only condemning German Nazism? Why isn’t it compared with, for instance, Nazism in the Baltic states: Lithuanian, Latvian, Estonian. The resolution was initiated by representatives of Lithuania, which brings the manipulation of facts to an entirely new level. Remember: as a result of the division of Poland, Lithuania got a sizable piece of its territory – the Vilnius area. If the non-aggression pact between USSR and Germany, also known as the Molotov – Ribbentrop Pact, as was a criminal act; Lithuania was a direct beneficiary of this crime, performed 80 years ago.","This message is part of the Kremlin’s policy of historical revisionism – it tries to promote the idea that there was no Soviet occupation of the Baltic states and that the Molotov-Ribbentrop pact did not cause the division of East and Central Europe between the USSR and Nazi Germany, causing WWII. See similar cases on the Baltic states and the Soviet occupation here and here. In a statement, the Press Office of the European Parliament elaborates on the resolution, mentioned in the claim: Full text of the resolution can be found here. MEPs voice concern at the efforts of the current Russian leadership to whitewash crimes committed by the Soviet totalitarian regime and see them as a “dangerous component of the information war waged against democratic Europe”. They also condemn extremist and xenophobic political forces and organisations in Europe for distorting historical facts, and employing the symbolism and rhetoric of totalitarian propaganda, including racism, anti-Semitism and hatred towards sexual and other minorities.","Before the European Parliament starts equalising Stalinism and Nazism, it would have been a good idea to get things sorted out with the Nazism as such. Why is the resolution only condemning German Nazism? Why isn’t it compared with, for instance, Nazism in the Baltic states: Lithuanian, Latvian, Estonian. The resolution was initiated by representatives of Lithuania, which brings the manipulation of facts to an entirely new level. Remember: as a result of the division of Poland, Lithuania got a s",estonian_native,fake,euvsdisinfo-native,et_8090
19.09.2019,/report/estonia-is-a-tool-in-the-hands-of-the-eu-and-us,Estonia is a tool in the hands of the EU and US,Sputnik Estonia,Estonia,"Estonia is a tool in the hands of the EU and US. Because of the geographical location, they used Estonia and other Baltic states for pressuring Moscow through NATO expansion. There is no reason to mention equality in the relations between Tallinn and Brussels or Washington.","Recurring pro-Kremlin disinformation narrative about US or EU hegemony over other countries, lost sovereignty andexternal control of the Baltic states. Lithuania, Latvia, and Estonia are sovereign countries, who determine their own domestic and foreign policies, including membership in military and other alliances. See earlier disinformation cases claiming that The US does not care about the Baltic states and wants Russia to buy them, Latvia not having sovereignity.","Estonia is a tool in the hands of the EU and US. Because of the geographical location, they used Estonia and other Baltic states for pressuring Moscow through NATO expansion. There is no reason to mention equality in the relations between Tallinn and Brussels or Washington.",estonian_native,fake,euvsdisinfo-native,et_8113
14.09.2019,/report/a-true-flourishing-of-estonian-culture-science-and-industry-took-place-under-the-soviet-rule-it-does-not-look-like-an-occupation,"A true flourishing of Estonian culture, science and industry took place under the Soviet rule – it does not look like an occupation",TV Center - YouTube,"USSR,Estonia,Baltic states,Russia","A true flourishing of Estonian culture, science, education, and industry took place under the Soviet rule. How can Estonians speak about “greatness” of their country before WWII, if it did not even have its national choir? The first thing which was realized by this “Asian satanic horde” was to establish the first Estonian people’s choir in history – it does not look like occupation.","This message is part of the Kremlin’s policy of historical revisionism – it tries to promote the idea that there was no Soviet occupation of the Baltic states and that the Molotov-Ribbentrop pact did not cause the division of East and Central Europe between the USSR and Nazi Germany, leading to WWII. See similar cases on the Baltic states and the Soviet occupation here and here. The statement that ""Estonia did not have its own culture or a national choir"" before being occupied by the USSR is a cynical historical manipulation. As a result of massive Soviet repressions, Estonia lost large part of its cultural elite, which was replaced by new elites loyal to Moscow. The White Book on the losses inflicted on the Estonian nation by occupation regimes (1940-1991) prepared by the Estonian State Commission on Examination of the Policies of Repression presents a well-documented list of the Soviet repressions aimed at destruction of independent Estonian science, culture, and education. These repressions resulted in murders and deportations of thousands of prominent Estonian artists, professors, teachers, scientists, poets, and writers. In terms of the economic development of Estonia before WWII, this country had quite a high level of economic development throughout 1920s and 1930s. According to The Cambridge Economic History of Modern Europe, in 1929, the GDP per capita of Estonia was the highest among the countries of Central and Southern Europe (with the exception of Czech Republic and Italy). In 1938, after this indicator, Estonia overtook such countries as Austria, Italy, and Ireland. Thus, throughout 1920s and 1930s, the level of development of Estonian economy was similar to Western European states.","A true flourishing of Estonian culture, science, education, and industry took place under the Soviet rule. How can Estonians speak about “greatness” of their country before WWII, if it did not even have its national choir? The first thing which was realized by this “Asian satanic horde” was to establish the first Estonian people’s choir in history – it does not look like occupation.",estonian_native,fake,euvsdisinfo-native,et_8159
14.09.2019,/report/saying-that-the-ussr-occupied-estonia-after-wwii-we-say-that-estonia-was-an-ally-of-nazi-germany,"Saying that the USSR occupied Estonia after WWII, means that Estonia was an ally of Nazi Germany",TV Center - YouTube,"USSR,Estonia,Baltic states,Russia","The statement of the Estonian President that WWII ended for Estonia only in 1994, when the last Russian soldiers left this country, has no sense. If someone states that Estonia was occupied by the USSR, it means that Estonia was an ally of Nazi Germany.","This message is part of the Kremlin’s policy of historical revisionism – it tries to promote the idea that there was no Soviet occupation of the Baltic states and that the Molotov-Ribbentrop pact did not cause the division of East and Central Europe between the USSR and Nazi Germany, causing WWII. See similar cases on the Baltic states and the Soviet occupation here and here. The claim that Estonia could not have been occupied by the USSR unless it was an ally of Nazi Germany is illogical. As a result of WWII, the USSR de facto occupied not only former German allies such as Romania, Bulgaria and Hungary, but also several countries, which were neutral (Baltic states) or faced direct German aggression (Poland, Czechoslovakia). On the 23rd of August, 1939, Soviet Union and Nazi Germany signed a non-aggression (Molotov-Ribbentrop) pact, whose secret protocols divided the territories belonging to Poland, Lithuania, Latvia, Estonia, Finland, and Romania into Soviet and Nazi spheres of influence. Contrary to the claims of the pro-Kremlin media, the re-capturing of the Baltic States did not bring freedom, but Soviet repressions and occupation, which lasted for 50 years. The estimated war and occupation deaths are at 90,000 in Estonia, 180,000 in Latvia, and 250,000 in Lithuania. Furthermore, It has been estimated that between 1946 and 1953 deportations and guerrilla deaths reached 95,000 in Estonia, 125,000 in Latvia, and 310,000 in Lithuania.","The statement of the Estonian President that WWII ended for Estonia only in 1994, when the last Russian soldiers left this country, has no sense. If someone states that Estonia was occupied by the USSR, it means that Estonia was an ally of Nazi Germany.",estonian_native,fake,euvsdisinfo-native,et_8160
12.09.2019,/report/the-baltic-states-intentionally-support-the-myth-about-the-russian-threat,Baltic states organize provocations against their Russian-speaking population,lt.sputniknews.ru,"Lithuania,Estonia,Latvia",The Baltic countries have long been organising provocations against the Russian-speaking population living there to receive a reaction and then to immediately complain to Western allies about the “Russian threat”. The promotion of a “Russian threat” helps the Baltic countries to achieve domestic and foreign political goals.,"Recurring pro-Kremlin disinformation narrative about Russophobia in the Baltic States. See similar previous disinformation cases: No freedom of speech in Lithuania, Latvia, and Estonia; Russophobia is the main export of Lithuania. In 2018 Estonia, Lithuania and Latvia ranked respectively 14th, 20th and 23rd out of 162 states in the global Human Freedom Index, which, among other things, measures freedom of association, assembly, and civil society; freedom of expression and information; freedom identity and relationships. Russia ranked 119th.",The Baltic countries have long been organising provocations against the Russian-speaking population living there to receive a reaction and then to immediately complain to Western allies about the “Russian threat”. The promotion of a “Russian threat” helps the Baltic countries to achieve domestic and foreign political goals.,estonian_native,fake,euvsdisinfo-native,et_8186
07.08.2019,/report/eu-does-not-care-about-the-distribution-of-russian-passports-by-the-kremlin-in-the-donbas,Only two EU countries opposed the issue of Russian passports in the Donbas,ukraina.ru,"Lithuania,Estonia,Ukraine",Lithuania and Estonia are the only countries in the European Union that have opposed the issue of Russian passports by the Kremlin in Donbas.,"This Kremlin narrative is not backed up with evidence. Russian President Vladimir Putin previously signed a decree on simplified citizenship for residents of the occupied territories of Ukraine. In response, Kуiv stated that the Kremlin is, unprecedentedly, interfering in the country's internal affairs and is preparing for the next phase of aggression against Ukraine. Contrary to statements by the Russian media about the EU’s “indifference” to this issue, Ukraine’s international partners immediately responded to this development. During the June 2019 EU summit, EU states expressed their support for Kуiv and collectively condemned Russia’s actions. On top, Estonia has already refused to recognise the Russian passports of Donbas residents and France also stated that the decision to grant citizenship to the inhabitants of the occupied territories is contrary to peace agreements. The Lithuanian Foreign Ministry has stated that EU is currently preparing a coordinated response to the Kremlin for the illegal issuing of passports to Ukrainians in the occupied territories and emphasised that the intention not to recognise these passports has been repeatedly declared by the international community.",Lithuania and Estonia are the only countries in the European Union that have opposed the issue of Russian passports by the Kremlin in Donbas.,estonian_native,fake,euvsdisinfo-native,et_8413
01.08.2019,/report/russian-mass-media-are-oppressed-in-the-baltic-states,"No freedom of speech in Lithuania, Latvia, and Estonia",sputnik.by,"Lithuania,Estonia,Russia,Latvia","There is no freedom of speech in Lithuania, Latvia, and Estonia: Russian journalists working in these countries are targeted by special services.","According to Reporters without borders, Latvia ranks 24nd for freedom of speech among 180 countries, the same as for 2018. Lithuania ranks 30th and Estonia 11th. Russia is at 149. Recurring narrative that the Russian media is restricted unfairly, discriminated against in Europe or that freedom of speech is restricted in certain member states. See previous cases here.This narrative stems from the fact that the Baltic States have undertaken measures to address aggressive Kremlin-backed disinformation starting from 2007. Since then a number of institutions including the NATO’s Cooperative Cyber Defence Centre of Excellence in Tallinn and Strategic Communications Center of Excellence in Riga were created to provide an adequate response to misinformation coming from sources in Russian language spreading Kremlin-backed narratives.","There is no freedom of speech in Lithuania, Latvia, and Estonia: Russian journalists working in these countries are targeted by special services.",estonian_native,fake,euvsdisinfo-native,et_8462
15.07.2019,/report/baltic-states-are-perpetuating-the-myth-of-the-soviet-occupation,The Baltic States are perpetuating the myth of the Soviet occupation,Rubaltic.ru,"Lithuania,Estonia,Latvia","Lithuania, Latvia and Estonia cannot stand the situation, when Moscow gets in their face with historical truth, discounting the myths of “Soviet occupation”. Russia and its fireworks remind the nationalists in the Baltic States that they lost the WW2 together with their Führer. Political successors of Hitler’s accomplices are in power in the Baltic States. They cannot bear the fireworks to honour the liberation of the Baltic cities from Nazis, because these fireworks remind them of their defeat.","Recurring pro-Kremlin disinformation narrative about Nazi Baltic States, with the aim to revise history and deny Soviet occupation. On the 23rd of August, 1939, Soviet Union and Nazi Germany signed a non-aggression (Molotov-Ribbentrop) pact, whose secret protocols divided the territories belonging to Poland, Lithuania, Latvia, Estonia, Finland and Romania into Soviet and Nazi spheres of influence. The secrets behind the the Molotov-Ribbentrop pact led to World War II and all its consequences. Shortly after the pact was signed, Poland was invaded by Nazi Germany on 1 September and by Soviets on 17 September in 1939, followed by the Soviet aggression against Finland, and in June 1940 - occupation of the Baltic States and part of Romania. After Germany attacked the USSR in June 1941, the Baltic States were occupied by Nazi Germany until 1944 when the region reverted to Soviet control. Contrary to the claims of the pro-Kremlin media, the re-capturing of the Baltic States did not bring freedom, but Soviet repressions and occupation, which lasted for 50 years. The estimated war and occupation deaths are at 90,000 in Estonia, 180,000 in Latvia, and 250,000 in Lithuania. Furthermore, It has been estimated that between 1946 and 1953 deportations and guerrilla deaths reached 95,000 in Estonia, 125,000 in Latvia, and 310,000 in Lithuania. The disinformation message appeared when Estonia, Latvia and Lithuania protested Moscow's plans to celebrate with fireworks the anniversary of Red Army re-capturing the Baltic States' capitals.","Lithuania, Latvia and Estonia cannot stand the situation, when Moscow gets in their face with historical truth, discounting the myths of “Soviet occupation”. Russia and its fireworks remind the nationalists in the Baltic States that they lost the WW2 together with their Führer. Political successors of Hitler’s accomplices are in power in the Baltic States. They cannot bear the fireworks to honour the liberation of the Baltic cities from Nazis, because these fireworks remind them of their defeat.",estonian_native,fake,euvsdisinfo-native,et_8559
24.06.2019,/report/the-baltic-countries-live-at-the-expense-of-the-eu-budget,The Baltic countries live mainly at the expense of the EU budget,ru.armeniasputnik.am,"Lithuania,Estonia,Latvia",The Baltic economy is subsidized. The countries live mainly at the expense of the EU budget.,"Recurring pro-Kremlin disinformation undermining the statehood and questioning the economic efficiency of the Baltic countries. Lithuania and Latvia were among Europe's 10 fastest growing economies in 2016, according to the World Economic Forum. The Baltic countries have been a showcase of successful transformation after regaining independence following 50 years of Soviet occupation. This includes free market economies, well-functioning democratic institutions and legal systems. See further information here and here. In 1995, in Latvia, GDP per capita was 2.327 USD compared to 13.664 USD in 2015. In 1995, EE GDP per capita was 3.036 USD compared to 17.295 USD in 2015 as can be seen here. More about the Baltic countries' economy can be read here. The total EU contribution in Lithuania was €1.575 billion, which is 3.90 % of Lithuanian gross national income (GNI), in Estonia - €0.648 2.87% of Estonian GNI and in Latvia €0.737 billion, 2.76 % of Latvian gross national income. At the same time the Baltic countries, as all member states, contribute to the EU budget. The Lithuanian contribution to the EU budget was €0.274 billion, 0.68 % of its GNI: The Estonian contribution was €0.154 billion or 0.68 % of its GNI. For Latvia it was €0.184 billion, 0.69 % of GNI. Member countries' financial contributions to the EU budget are shared fairly, according to means. More information about pre-allocations assigned to Member States in certain policy areas can be consulted here.",The Baltic economy is subsidized. The countries live mainly at the expense of the EU budget.,estonian_native,fake,euvsdisinfo-native,et_8697
21.06.2019,/report/estonian-was-taken-for-russian-and-poured-water-on-in-the-parliament-of-georgia,"Estonian was taken for Russian, strangled and sprayed with water in the Parliament of Georgia","riafan.ru, regnum.ru, nation-news.ru, Komsomolskaya Pravda - Northern Europe, prinmedia.ru, Express Gazeta",Estonia,"Georgian radicals and opposition, who disrupted the session of the Inter-parliamentary Assembly on Orthodoxy in Tbilisi, strangled and poured water on the representative of Estonia, mistaking him for Russian.","The disinformation message appeared in the context of the protests in Georgia. During a meeting of the members of Inter-parliamentary Assembly on Orthodoxy, Russian State Duma Deputy Sergei Gavrilov sat in the Georgian parliament speaker's seat. When the Georgians began to demand that the representatives of Russia should leave there was confusion about the nationality of Estonian delegates. According to the Estonian parliamentarian who was present at the event, the conflict died out after he explained they were from Estonia. According to the Estonian parliamentarian there was no physical contact or spilling of water, only verbal skirmish.","Georgian radicals and opposition, who disrupted the session of the Inter-parliamentary Assembly on Orthodoxy in Tbilisi, strangled and poured water on the representative of Estonia, mistaking him for Russian.",estonian_native,fake,euvsdisinfo-native,et_8728
16.06.2019,/report/baltic-countries-dream-to-become-an-american-base-hoping-to-take-a-more-serious-place-in-europe,Baltic countries dream about becoming an American base,ru.armeniasputnik.am,"US,Lithuania,Estonia,Baltic states,Latvia","Baltic countries dream about becoming an American base. Firstly, because the Americans will pay them something. Then, their hysteria about terrible Russia, which will destroy them, will weaken a little bit. And lastly, they are hoping the US will help them to take a more serious place in Europe.","Several recurring disinformation narratives undermining the statehood of the Baltic countries, exaggerating the US presence in Europe, Russophobia and the West's strategy of encircling Russia. The Baltic States as well as Romania, Poland and Bulgaria are NATO allies and cooperate with the US in ensuring transatlantic security. The statement of the Bucharest Nine ahead of the NATO summit in 2018 can be read here. Baltic states are independent states. Latvia, Lithuania and Estonia have been EU members since 1 May 2004 and NATO members since 29 March 2004. As for any of the EU Member States, Baltic countries have rights and obligations. There are no serious and non-serious places in the EU.","Baltic countries dream about becoming an American base. Firstly, because the Americans will pay them something. Then, their hysteria about terrible Russia, which will destroy them, will weaken a little bit. And lastly, they are hoping the US will help them to take a more serious place in Europe.",estonian_native,fake,euvsdisinfo-native,et_8791
11.06.2019,/report/russian-people-in-the-baltic-states-are-forced-to-speak-the-local-languages,Russian people in the Baltic States are forced to speak the local languages,eadaily.com,"Lithuania,Estonia,Russia,Latvia",It is not normal when in the Baltic States a large number of Russian people are called a minority and are forced to speak exclusively the local languages. ,A recurring pro-Kremlin disinformation narrative about discrimination of Russian language speakers in the Baltic States and Russophobia there. See most recent stories on the alleged suppression of Russian language in Lithuania and Latvia. ,It is not normal when in the Baltic States a large number of Russian people are called a minority and are forced to speak exclusively the local languages. ,estonian_native,fake,euvsdisinfo-native,et_8837
10.06.2019,/report/the-us-in-order-to-prevent-close-europe-russia-economic-cooperation-has-created-and-spread-a-false-image-about-an-aggressive-russia-that-constitutes-a-security,The US creates and spreads a false image about an “aggressive” Russia constituting a security “threat”,it.sputniknews.com,"UK,Poland,Sweden,US,Lithuania,Estonia,Russia,Latvia","Throughout the 2000s the US, with the assistance of the Baltic states, Poland, the UK and Sweden, has created and spread a false image about an “aggressive” Russia that constitutes a security “threat”. The US created this misleading view of Russia in order to prevent Europe from establishing close economic and industrial cooperation with Russia. The US fears that a strong Europe-Russia economic partnership could undermine America’s global economic superiority.","Recurring pro-Kremlin narrative about the “Russian threat” as a false idea created by US and other Western actors in order to prevent close Europe-Russia cooperation and about the US imposing anti-Russian views and policies on European states. No evidence provided. Conspiracy theory. The claim that the US “created” the image of Russia as a threat in order to prevent European-Russia cooperation does not reflect reality. After the end of the Cold War until the 2014 Ukraine crisis, most US and Western policymakers no longer viewed Russia as an adversary, instead, taking the opinion that it could potentially become, or already was, a credible and responsible partner for Western states. The widespread assumption among US and European decision-makers was that economic, political and security cooperation with Russia, and its integration into the world economy, would encourage Russia’s democratic transition and modernisation, as well as its embrace of a foreign policy based on respect for international legal norms and support for the post-Cold War security architecture Even after the Russo-Georgian war in the summer of 2008, the US, the EU and most European states did not question the above-mentioned assumptions about Russia and continued to view Russia not as a security problem but as a key partner. Thus, the Obama administration announced its “reset” policy in 2009 that aimed to restore a wide-ranging US-Russian partnership. The EU-Russia summits of 2009 and 2010 launched a “partnership for modernisation”. Germany continued its strategic partnership policy towards Russia, and France and Italy pursued similar strategies based on increasing cooperation with Moscow. Until the Ukraine crisis, NATO also consistently worked to build a cooperative relationship with Russia. For more than 20 years after the end of the Cold War, NATO's strategy was based on the perception that Russia no longer posed a security threat and should increasingly be viewed as a partner for the Alliance. For example, the Alliance promoted dialogue and cooperation by creating the Partnership for Peace (PfP) and the Euro-Atlantic Partnership Council (EAPC), open to the whole of Europe, including Russia. In 1997, NATO and Russia signed the Founding Act on Mutual Relations, Cooperation and Security, creating the NATO Russia Permanent Joint Council. In 2002, this was upgraded, creating the NATO-Russia Council (NRC). See here, here and here. Russia’s annexation of Crimea and destabilisation of Eastern Ukraine in early 2014 was widely viewed both in North America and in Europe as violating the basic rules of the post-Cold War European order, especially the rule that borders are inviolable and states should not use force to alter them or take over territory from other states. As a result of Russia’s aggressive actions in the Ukraine, many Western states - including key EU members such as Germany and France - critically reassessed their “strategic partnership” policies towards Russia and began to view Russia as a serious challenge to the European security order. The annexation of Crimea also led NATO to change its perception of Russia and to reassess its view of Russia as a partner. Moreover, NATO adopted a more alarming view of Russia also because it observed a significant increase in provocative behaviour by Russian military forces, such as a sharp increase in Russian bombers conducting flights near airspace of NATO member states used by civilian airliners, snap military force alerts and nuclear exercises. See here for a similar case.","Throughout the 2000s the US, with the assistance of the Baltic states, Poland, the UK and Sweden, has created and spread a false image about an “aggressive” Russia that constitutes a security “threat”. The US created this misleading view of Russia in order to prevent Europe from establishing close economic and industrial cooperation with Russia. The US fears that a strong Europe-Russia economic partnership could undermine America’s global economic superiority.",estonian_native,fake,euvsdisinfo-native,et_8853
23.05.2019,/report/the-baltic-states-are-organising-provocations-against-russia-to-get-natos-attention,The Baltic States are organising provocations against Russia to get NATO's attention,de.news-front.info,"US,Lithuania,Estonia,Russia,Latvia","The Baltic States perform provocations against Russia, hoping to get as much support from USA and NATO as possible. But there is a line when a presence from the NATO in those three countries changes from symbolic to offensive. This makes it necessary for Russia to set up a military rapid reaction Force along the borders to the NATO countries.","Recurring pro-Kremlin disinformation narratives about Western Russophobia and alleged anti-Russian projects in the West, as well as about Western attempts to encircle Russia. See similar cases here and here.","The Baltic States perform provocations against Russia, hoping to get as much support from USA and NATO as possible. But there is a line when a presence from the NATO in those three countries changes from symbolic to offensive. This makes it necessary for Russia to set up a military rapid reaction Force along the borders to the NATO countries.",estonian_native,fake,euvsdisinfo-native,et_8993
25.04.2019,/report/ukraine-will-start-issuing-alien-passports-as-in-the-baltic-states,Ukraine will start issuing foreigners' passports as in the Baltic states,sputnik.by,"Lithuania,Estonia,Ukraine,Latvia","The law strengthening the use of the Ukrainian language adopted by Kyiv proves that Ukraine is following the Lithuanian, Latvian and Estonian scenarios, which means that disloyal parts of the population are excluded from public life based on their languages. The next step will be issuing passports for foreigners, as in the Baltic countries.","This message is consistent with a recurring disinformation narrative about Ukrainian statehood and human rights violated in Ukraine. Alien's (non-citizen's) passports are issued in Estonia and Latvia. They were granted to the people who did not reside in the countries before their annexation by the Soviet Union in 1940, as well as to their descendants, in case they did not successfully pass exams proving proficiency in the state languages and knowledge of the countries' history. Despite the new law's ambiguity (president-elect Volodymyr Zelensky already stated he will be reviewing it), it is ungrounded to speculate about the introduction of alien's (non-citizen's) passports in Ukraine. For other disinformation cases about Russian language being suppressed see here.","The law strengthening the use of the Ukrainian language adopted by Kyiv proves that Ukraine is following the Lithuanian, Latvian and Estonian scenarios, which means that disloyal parts of the population are excluded from public life based on their languages. The next step will be issuing passports for foreigners, as in the Baltic countries.",estonian_native,fake,euvsdisinfo-native,et_9209
07.04.2019,/report/estonia-is-not-a-sovereign-state,Estonia is not a sovereign state,russian.rt.com,Estonia,"The Estonian political party Isamaa is pure crypto-fascists, who laid the theoretical basis of radical Estonian nationalism and paved the way for more radical structures, such as EKRE. Estonia is not a sovereign state, so there will be as much Nazism as people will allow.","Recurrent pro-Kremlin narrative, questioning the sovereignty of Estonia. Similar cases can be studied here. There is no Nazi party in Estonia and but accusations like these are common in pro-Kremlin media. The homepage of Isamaa party reads: ""Estonia is a country, where no obstacles are created for any people or culture. We support the aspirations of all peoples for self-determination, and especially assist our kindred peoples in their endeavours to maintain and protect their cultures. In Estonia, every ethnic group has the right to its culture, while also honouring the Estonian language as the state language."" Estonia is a sovereign state.","The Estonian political party Isamaa is pure crypto-fascists, who laid the theoretical basis of radical Estonian nationalism and paved the way for more radical structures, such as EKRE. Estonia is not a sovereign state, so there will be as much Nazism as people will allow.",estonian_native,fake,euvsdisinfo-native,et_9346
01.04.2019,/report/eurozone-enables-larger-states-to-exploit-smaller-ones,Eurozone enables larger states to exploit smaller ones,pl.sputniknews.com,"Slovakia,France,Poland,Germany,Lithuania,Estonia,Latvia","Older EU member states and eurozone members with large economies exploit smaller states and newer EU and eurozone members such as Estonia, Latvia, Lithuania and Slovakia.","A recurrent pro-Kremlin narrative seeking to create or exacerbate divisions within Europe. Recent economic statistics on the GDP growth of the newer eurozone members Estonia, Latvia, Lithuania and Slovakia argue against any exploitation. In April 2019, the International Monetary Fund indicates the real GDP growth of these countries as follows: 3.2 % for Estonia, 3.3% for Latvia, 2.9% for Lithuania and 4.1% for Slovakia. Their GDP growth is mostly larger than in the “older” member states, such as Germany with 1.6% and France with 1.9%. Eurostat data also reveals predominately stable GDP growth in Estonia, Latvia, Lithuania and Slovakia since the last global crisis of 2009. These numbers are also confirmed by the World Bank.","Older EU member states and eurozone members with large economies exploit smaller states and newer EU and eurozone members such as Estonia, Latvia, Lithuania and Slovakia.",estonian_native,fake,euvsdisinfo-native,et_9409
11.03.2019,/report/estonian-nationalists-demand-russia-to-return-ivangorod,Estonian nationalists demand Russia to return Ivangorod,"vz.ru, Weaponews.com",Estonia,"The Conservative People’s Party of Estonia (EKRE), whose representatives made their way into the new government of the country, put forward a bill containing a requirement to challenge the territorial affiliation of Ivangorod and part of the Pskov region.","The elections in Estonia took place on March 3, 2019, and the government has not yet been formed. The draft bill was issued months before elections in 2018 and it does not mention Ivangorod; its aim was to ""discontinue the ratification of the border treaty between the Estonian Republic and Russian Federation and revoke the signature from the aforementioned treaty."" The draft bill was rejected. With the help of narratives like this one, pro-Kremlin outlets are trying to show the EU and it's member states are aggressive towards Russia.","The Conservative People’s Party of Estonia (EKRE), whose representatives made their way into the new government of the country, put forward a bill containing a requirement to challenge the territorial affiliation of Ivangorod and part of the Pskov region.",estonian_native,fake,euvsdisinfo-native,et_9558
04.03.2019,/report/in-estonia-racism-won-the-election,"In Estonia, racism won the election",vz.ru,Estonia,"Estonian elections brought Nazis in tailcoats to power. In Estonia, racism won the election. Americans are controlling Estonian media. ","Obviously, it wasn't the Nazis, but the Reform party that won the elections. Racism is not in the agenda of the Reform party. Regarding the Estonian media, claims on the ""US controlling the media"" are unfounded. Estonia ranked 12th in the World Press Freedom Index. Ownership of the major media holdings in Estonia are transparent and diverse. Threat of Nazism is a recurring pro-Kremlin narrative; see here for disinformation cases about Europe becoming Nazi again, Baltic states openly glorifying Nazism, Poles stoking nationalist sentiment in Ukraine in order to annex Lviv.","Estonian elections brought Nazis in tailcoats to power. In Estonia, racism won the election. Americans are controlling Estonian media. ",estonian_native,fake,euvsdisinfo-native,et_9602
16.02.2019,/report/russians-in-estonia-have-no-one-to-elect-as-parties-dont-offer-withdrawal-from-nato,Russians in Estonia have no one to elect as parties don't offer withdrawal from NATO,Sputnik Estonia - Russian,Estonia,"In the upcoming parliamentary elections, Russians in Estonia have nobody to elect since no party offers withdrawal from NATO.","According to the latest poll, 44% of Russians living in Estonia are in favour of NATO membership, while 38% are against and 18% have no opinion on the matter.","In the upcoming parliamentary elections, Russians in Estonia have nobody to elect since no party offers withdrawal from NATO.",estonian_native,fake,euvsdisinfo-native,et_9711
14.02.2019,/report/estonian-foreign-policy-is-controlled-by-washington,Estonian foreign policy is controlled by Washington,fondsk.ru,"US,Estonia",The foreign policy of Estonia is controlled by Washington and the guidelines for its socio-economic development come mainly from Brussels.,"This is a recurring pro-Kremlin disinformation narrative about American influence in Europe. Previous examples this narrative include Europe being occupied by the US and thus having limited sovereignty, Germany's foreign and military policy being conducted under US supervision, and the outcome of Ukraine's presidential elections being decided in Washington.",The foreign policy of Estonia is controlled by Washington and the guidelines for its socio-economic development come mainly from Brussels.,estonian_native,fake,euvsdisinfo-native,et_9723
13.02.2019,/report/estonian-fm-admitted-russia-is-not-interested-in-intervening-in-elections-in-estonia,Estonian FM admitted Russia is not interested in intervening in Estonian elections,Baltnews Estonia,"Estonia,Russia","The Estonian Foreign Minister Sven Mikser says that at present, Russia’s attention is focused more on Ukraine’s presidential elections than on interference in the elections and democratic processes of EU and NATO countries. In other words, he admitted that Russia is not interested in “intervening” in elections in Estonia, which will be held almost a month earlier than Ukraine’s.","The Estonian Foreign Minister did not admit such a thing. In reality, he said: ""Although our parliament will be soon elected, the presidential elections in Ukraine will be held in the end of March. No doubt, the interest of our eastern neighbour might be even larger in the results of elections in Ukraine and the ways to influence them rather than intervention in the elections and democratic processes of the EU and NATO allies.""","The Estonian Foreign Minister Sven Mikser says that at present, Russia’s attention is focused more on Ukraine’s presidential elections than on interference in the elections and democratic processes of EU and NATO countries. In other words, he admitted that Russia is not interested in “intervening” in elections in Estonia, which will be held almost a month earlier than Ukraine’s.",estonian_native,fake,euvsdisinfo-native,et_9731
13.02.2019,/report/estonian-society-is-most-concerned-about-the-islamization-of-europe,Estonian society is most concerned about the Islamization of Europe,Sputnik Estonia - Russian,Estonia,"Estonian society is most concerned about the Islamization of Europe. Estonia sees what is done in France, England, Germany, Sweden and other countries when where they are trying to resettle Africa to Europe. Estonia sees the danger that is moving towards it too, and this is not a joke.","According to the latest data from Eurobarometer, 65% of Estonians think that the most important issue facing the EU is immigration, on the second place is terrorism with 25% and public finances is third with 14%. The most important issues facing Estonia are inflation and rising prices, followed by healthcare and taxes. Islamization did not make it to the list.","Estonian society is most concerned about the Islamization of Europe. Estonia sees what is done in France, England, Germany, Sweden and other countries when where they are trying to resettle Africa to Europe. Estonia sees the danger that is moving towards it too, and this is not a joke.",estonian_native,fake,euvsdisinfo-native,et_9732
06.02.2019,/report/the-brussels-occupation-has-already-cost-estonia-2-5-times-more-than-the-russian-and-soviet-one,"The ""Brussels occupation"" has already cost Estonia 2.5 times more than the Russian and Soviet one",rusvesna.su,"Estonia,Russia","For a couple of decades in the EU, the damage from the “Brussels occupation” was 2,5 times higher than of its 300 years stay in Russia and the USSR. The population has also decreased: from 1.57 million in 1990 to 1.32 million in 2017. The “EU occupation” of Estonia led the country to massive emigration. Estonia is not capable to maintain its infrastructure at least at the level of so-called Soviet “occupation”.","Russia occupied Estonia from 1940-1991. It has been estimated that as many as 80,000 Estonians were deported between 1945 and 1953. More than 22 000 of them never came home, because they were murdered or died due to inhuman living conditions in imprisonment or in forced banishment. Most of them are buried in graves without names. Massive immigration from Russia and other parts of the U.S.S.R. decreased the indigenous proportion of the population. Before the war ethnic Estonians made up almost 90 percent of the population. By 1990 the proportion had sunk to about 60 percent. The highest decrease of Estonian population is registered during 1991-2010 and it was mainly caused by the emigration of ethnic Russians, Ukrainians and Belarusians. According to Statistics Estonia, the population of Estonia is now increasing. According to the Statistics Estonia, the length of asfalt highways has increased from 8016 km in 1991 to 11 880 km in 2017. For example, in 2017 an EU-funded project replaced 40-year-old electric trains that had reached the end of their usefulness with modern, efficient models. Ratings for Estonia's transport infrastructure have improved across all modes of transport. Read more about EU funded projects in Estonia here. According to the Estonian Ministry of Foreign Affairs, ""Estonia’s prosperity has grown during the time of membership of the EU"".","For a couple of decades in the EU, the damage from the “Brussels occupation” was 2,5 times higher than of its 300 years stay in Russia and the USSR. The population has also decreased: from 1.57 million in 1990 to 1.32 million in 2017. The “EU occupation” of Estonia led the country to massive emigration. Estonia is not capable to maintain its infrastructure at least at the level of so-called Soviet “occupation”.",estonian_native,fake,euvsdisinfo-native,et_9778
04.02.2019,/report/a-unit-of-women-snipers-from-the-baltic-states-arrived-in-donbas,A unit of female snipers from the Baltic States has arrived in Donbas,"riafan.ru, novorosinform.org","Lithuania,Estonia,Baltic states,Ukraine,Latvia",A group of female snipers from the Baltic states has arrived in Donbas.,"No evidence given. Disinformation about foreign mercenaries in Ukraine has been appearing in disinformation outlets since 2015. In some cases, these were allegedly Baltic snipers, while in others they were snipers from Georgia, female snipers from Poland, and even a whole NATO brigade. This narrative seeks to suggest that EU Member States pose a threat to their neighbours. EU countries, including the Baltic States, condemn Russia's aggression in Ukraine, as clearly expressed in numerous resolutions and decisions on sanctions for this aggression. The presence of female snipers from the Baltic states has been something of an urban legend in Russian military folklore for several years, beginning as early as during the Russian occupation of Afghanistan in the early 1980s.",A group of female snipers from the Baltic states has arrived in Donbas.,estonian_native,fake,euvsdisinfo-native,et_9791
29.01.2019,/report/e-voting-has-benefited-right-wing-parties,Estonian e-voting is not secret and has benefited specific parties,riafan.ru,Estonia,"Voting over the Internet in recent years has been beneficial primarily to the right-wing parties. In 2013, a 89-year-old retired woman took part in the elections to the board of the Reform Party. She did not own a computer and she also did not know how to use one. There is no secret voting – in 2011, a 58-year-old Tallinn resident voted 553 times via the Internet and the representatives of the election commission called her to explain that only one vote would be counted.","According to the Freedom of the Net 2018 report, ""The Estonian e-governance system is one of the most advanced in the world."" Also, the Estonian e-voting system has nothing to do with the system used by the Reform Party. According to the report by the University of Tartu, e-voting could mobilize new voters and people of higher socio-economic status who are more likely to lean to the right of the political spectrum. ""The only plausible explanation for the aggregate level differences in party vote tallies depending on the mode is therefore that a large share of typical voters have simply switched from paper voting to e-voting and this process is non-random, meaning a larger share of supporters of particular parties have done so. Should e-voting be discontinued, these people would simply switch back to paper voting"", the report said. In 2011 the Estonian Information System Authority, State Electoral Office and police discovered an anomaly caused by mass voting connected to a single IP-address. Although the voting is secret, the Estonian Information System Authority can make sure who is behind an (accidental) attack to the system and thus the lady was indeed contacted.","Voting over the Internet in recent years has been beneficial primarily to the right-wing parties. In 2013, a 89-year-old retired woman took part in the elections to the board of the Reform Party. She did not own a computer and she also did not know how to use one. There is no secret voting – in 2011, a 58-year-old Tallinn resident voted 553 times via the Internet and the representatives of the election commission called her to explain that only one vote would be counted.",estonian_native,fake,euvsdisinfo-native,et_9829
29.01.2019,/report/plz-check-translation-outlet-in-estonia-negative-attitude-towards-the-country-is-punishable-by-law,"In Estonia, negative attitude towards the country is punishable by law","utro.ru, 360tv.ru",Estonia,"In Estonia, creating and strengthening negative attitude towards the country is punishable by law. Relevant amendments approved by the Parliament at the end of last year.","Recurring pro-Kremlin disinformation. Estonia does not punish for negative attitudes towards the state, instead the law mentioned in the news is about intelligence activities directed against the security of the Republic of Estonia.The necessary elements of the criminal offences of the establishment or maintenance of a relationship that is against the Republic of Estonia, and anti-state influencing of officials are also specified.","In Estonia, creating and strengthening negative attitude towards the country is punishable by law. Relevant amendments approved by the Parliament at the end of last year.",estonian_native,fake,euvsdisinfo-native,et_9832
28.01.2019,/report/the-rail-baltica-is-a-measure-to-build-up-military-infrastructure-in-the-baltic-states,"""Rail Baltica"" is a measure to build up military infrastructure in the Baltic States",Sputnik Germany,"Poland,Lithuania,Estonia,Baltic states,Russia,Latvia","The new “Rail Baltica” is a measure to build up military infrastructure in the Baltic States. By 2026, a railway track is to be built in the Baltic States on which NATO-tanks can be quickly and directly moved to the Russian border. The West is consistently expanding the military infrastructure in the Baltic States. There is no doubt that the new railway will be built for military purposes. Rail Baltica is the central element of an infrastructure network for the rapid deployment of military troops. Currently more time is needed to transport “tanks to protect against aggressive Russia”. But on the new Rail Baltica “the tanks will arrive faster” at the Russian border.","Conspiracy theory without any evidence. Click here for earlier disinformation reports on the matter. The ""Rail Baltica"" project is a key EU infrastructure project to link Estonia, Latvia, Lithuania, Poland and indirectly Finland with a new European gauge fast conventional railway. The ""Rail Baltica"" is one of the priority projects of the European Union: Trans-European Transport Networks (TEN-T). It envisages a continuous rail link from Tallinn (Estonia) to Warsaw (Poland), going via Riga (Latvia) and Kaunas (Lithuania). The Baltic route should be completed by 2025; the link to Warsaw by 2030. Further reading http://www.railbaltica.org/about-rail-baltica/ eng.lsm.lv/article/economy/transport/forecast-36-million-to-55-million-trips-to-be-taken-on-rail-baltica-in-2026.a307686/,","The new “Rail Baltica” is a measure to build up military infrastructure in the Baltic States. By 2026, a railway track is to be built in the Baltic States on which NATO-tanks can be quickly and directly moved to the Russian border. The West is consistently expanding the military infrastructure in the Baltic States. There is no doubt that the new railway will be built for military purposes. Rail Baltica is the central element of an infrastructure network for the rapid deployment of military troop",estonian_native,fake,euvsdisinfo-native,et_9840
28.01.2019,/report/the-rail-baltica-project-is-wests-preparation-for-war-with-russia-in-2026,The Rail Baltica project is West's preparation for war with Russia in 2026,svpressa.ru,"Lithuania,Estonia,Russia,Latvia",The Billion Euro Rail Baltica Project is West’s way of preparing a war with Russia by 2026. The talk about the normal-gauge railroad’s meaning as a necessary infrastructure project for transportations of goods and passengers is just a pretext. The real object of the railroad is to transport tanks faster to the Russian border. It has never been a secret for us that Rail Baltica – first and foremost is a project on military infrastructure.,"A conspiracy theory without any evidence. The Rail Baltica Project aims at creating a unified high-speed normal gauge railroad that integrates the railroad networks of Estonia, Latvia and Lithuania with the networks of the countries to the south of the Baltic Sea. The wide gauge railroad infrastructure, built in the times of the Russian Empire, does not fill the needs of the current flow of goods and passengers. Further reading http://www.railbaltica.org/about-rail-baltica/ eng.lsm.lv/article/economy/transport/forecast-36-million-to-55-million-trips-to-be-taken-on-rail-baltica-in-2026.a307686/,",The Billion Euro Rail Baltica Project is West’s way of preparing a war with Russia by 2026. The talk about the normal-gauge railroad’s meaning as a necessary infrastructure project for transportations of goods and passengers is just a pretext. The real object of the railroad is to transport tanks faster to the Russian border. It has never been a secret for us that Rail Baltica – first and foremost is a project on military infrastructure.,estonian_native,fake,euvsdisinfo-native,et_9844
26.01.2019,/report/veterans-of-the-leningrad-blockade-are-forbidden-to-wear-medals-and-talk-about-the-war,Veterans of the Leningrad blockade are forbidden to wear medals and to talk about the war,78.ru,"Estonia,Baltic states",Estonia has forbidden veterans of the Leningrad blockade to wear medals and to talk about the war.,"No evidence given. Recurring pro-Kremlin disinformation about censorship in the Baltic states. According to recent data, freedom of speech is not impaired in the Baltic countries. In the Freedom in the World index, Estonia is marked as a free country.",Estonia has forbidden veterans of the Leningrad blockade to wear medals and to talk about the war.,estonian_native,fake,euvsdisinfo-native,et_9851
24.01.2019,/report/tit-for-tat-sweden-retaliates-with-accusations-after-russian-fighter-intercepts-swedish-spy-plane,Tit for Tat: Sweden retaliates with accusations of air space violations after Russian fighter intercepts Swedish spy plane,"Sputnik Estonia - Russian, vesti.ru","Sweden,Estonia,Russia","The Russian Ministry of Defence published a video, demonstrating how a Russian fighter jet intercepts a Swedish spy plane over the Baltic Sea near Kaliningrad. Sweden has answered with accusing, without evidence, Russian military aircraft, of violating its airspace.","Incorrect timeline. Sputnik Estonia and other Russian state media outlets describe the Swedish accusations as a retaliation to the Russian video, published January 24. The Swedish Armed Forces published their report (in Swedish) on Russian air space violations the day before, January 23.","The Russian Ministry of Defence published a video, demonstrating how a Russian fighter jet intercepts a Swedish spy plane over the Baltic Sea near Kaliningrad. Sweden has answered with accusing, without evidence, Russian military aircraft, of violating its airspace.",estonian_native,fake,euvsdisinfo-native,et_9865
23.01.2019,/report/ex-usareur-commander-shatters-baltic-states-illusions-says-united-states-will-not-defend-baltics-against-russia,Former US Army commander said the US will not defend Baltic States against Russia,,"Lithuania,Estonia,Latvia","The US Army will not defend Lithuania and the other two Baltic states from Russia if it comes to an armed conflict. At the traditional Snow Meeting in Vilnius on 10th January 2019, the illusions of the Baltic states were shattered by comments by Lieutenant General Ben Hodges, a former commander of the United States Army Europe.","False claim. Ben Hodges, former commander of United States Army Europe did not say that US will not defend the Baltic States against Russia. Lt Gen Hodges said in Vilnius that “right now, the US does not have the capacity to fight a conflict in the Pacific and continue to deter Russia and do all the other things that we have to do. So the European pillar - with American participation but the European pillar – has to be strong enough to continue to deter Russia."" He stressed the importance of the continuing development of the armed forces of European nations. Recurring pro-Kremlin disinformation narrative about NATO allies.","The US Army will not defend Lithuania and the other two Baltic states from Russia if it comes to an armed conflict. At the traditional Snow Meeting in Vilnius on 10th January 2019, the illusions of the Baltic states were shattered by comments by Lieutenant General Ben Hodges, a former commander of the United States Army Europe.",estonian_native,fake,euvsdisinfo-native,et_9866
22.01.2019,/report/estonian-politicians-have-turned-their-country-into-a-little-and-angry-anti-russian-project-that-tastes-like-baltic-herring-deep-fried-in-lard,Estonian Politicians have turned their country into a small and angry anti-Russian project that tastes like Baltic herring deep-fried in lard,Sputnik Estonia,Estonia,"In the Baltic States, the idea of nationhood exists only as an idea of resistance to Russia. Estonian politicians use aggressive provocations against Russia to deflect the attention from their failures on the welfare of the people. Estonian politicians have turned their country into a small and angry anti-Russian project that tastes like Baltic herring deep-fried in lard.","Recurring pro-Kremlin disinformation undermining the statehood of the Baltic countries. Estonia, Latvia and Lithuania became independent in 1918. Three countries were occupied and illegally incorporated first by the Soviet Union, then by Nazi Germany from 1941 to 1944, and again by the Soviet Union from 1944 to 1991, when they regained the independence. This article can be described as a ""Straw Man Narrative"". A Straw Man is an argument, based on giving the impression of refuting an opponent's argument, while actually refuting an argument that was not presented by that opponent. In this case, the Straw Man argument is that Estonia is planning to buy rockets to deter Russia. Such a suggestion was aired by a journalist in Estonia, but it is not part of Estonian military planning. The lard mentioned in the article is an allusion to the National Ukrainian dish Salo, salted lard. This way the author hints on Ukraine influencing Baltic policy.","In the Baltic States, the idea of nationhood exists only as an idea of resistance to Russia. Estonian politicians use aggressive provocations against Russia to deflect the attention from their failures on the welfare of the people. Estonian politicians have turned their country into a small and angry anti-Russian project that tastes like Baltic herring deep-fried in lard.",estonian_native,fake,euvsdisinfo-native,et_9872
14.01.2019,/report/forest-brothers-were-nazi-collaborators-criminals-and-terrorists,"Forest Brothers were Nazi collaborators, criminals and terrorists.",Pervyi Kanal,"UK,US,Lithuania,Estonia,Baltic states,Latvia","Forest brothers were Nazi collaborators. In Lithuania they exterminated 25 thousand people. In modern terminology they would be called terrorists. They started fighting the Red Army for the sake of the Third Reich and continued after the war, except their master changed, it was Great Britain and the USA. We are told stories about bloody Stalin’s regime, but how come we see these healthy old people if the regime supposedly exterminated everyone? That means the regime was not bloody and was very humane to those, whom we can call terrorists. In Lithuania they are trying to find heroes for the young people. And it is either military heroes who fought fascism in the Red Army, or those who fought with fascism against the Red Army. There are no other heroes. Since the main ideology in the Baltic States is Russophobia, they take fascists for heroes. The West is pretending that they are some abstract fighters for abstract freedom. They are criminals, terrorists and killers. /// The doctrine that Lithuania is the victim of Russian aggression and Russian occupation spreads in academic, public and political levels. This is how killers become heroes. Lithuanian schoolchildren have trouble remembering national history and are proud of the exploits of so-called “partisans”. But no Lithuanian textbook now contains information about the bloody terror and civil war. How partisans killed civilians, not excluding women and children. They were not partisans, they were bandits. In Lithuania, Latvia and Estonia tens of thousands of people died at the hands of forest brothers. In Latvia forest brothers are also heroes and chekists are evil. No one remembers that soviet soldiers arrived because the bandits terrorised villagers.","Prominent pro-Kremlin narrative about the Forest Brothers and armed anti-soviet resistance in Lithuania, Latvia and Estonia to discredit the independence struggle of the Baltic States and whitewash the history of Soviet occupation and Stalin's crimes - a growing disinformation trend of historical revisionism. For background on earlier attempts to disinform see our article here. Forest Brothers were Estonian, Latvian and Lithuanian partisans who fought against Soviet rule during the Soviet invasion and occupation during and after the World War II. In the early 1950's, the Soviet forces had eradicated most of the partisan resistance in the Baltic States. The pro-Kremlin disinformation considers as civilian victims those, who, in the statute of the partisan military tribunal, were defined as the representatives of the Soviet administration. It is widely believed that during the guerrilla war in Lithuania, around 12 thousand Soviet collaborators and soldiers died. During the Soviet times, these numbers were artificially inflated. Often KGB agents raided local communities while dressed as partisans to sow distrust towards the freedom fighters in the countryside. Today, it is known that the Soviet security services also counted the victims of unrelated criminal activity as victims of the partisans. Read more on Delfi.lt The Soviets used the most brutal methods of fight against the guerillas: persecuted their families’ members and destroyed farmsteads of their supporters by setting them on fire. The Soviets used their agents to infiltrate the partisan movement. Partisans who were killed could not rest in peace: the Soviets would brutally disfigure the bodies of the guerrillas and dump them in public squares in towns and villages as a way to intimidate people. Over 20,000 Lithuanian partisans were killed holding weapons in their hands or were tortured to death by the Soviet invaders. Further reading on the Forest Brothers: Genocide and Resistance Research Centre of Lithuania; Estonica; Estonian Institute of Historical Memory; Edward Lucas on Unpacking the history of the Baltic ""Forest Brothers"".","Forest brothers were Nazi collaborators. In Lithuania they exterminated 25 thousand people. In modern terminology they would be called terrorists. They started fighting the Red Army for the sake of the Third Reich and continued after the war, except their master changed, it was Great Britain and the USA. We are told stories about bloody Stalin’s regime, but how come we see these healthy old people if the regime supposedly exterminated everyone? That means the regime was not bloody and was very h",estonian_native,fake,euvsdisinfo-native,et_9919
12.01.2019,/report/a-political-party-in-estonia-is-preparing-russophobic-campaign-to-liquidate-russian-schools-kindergartens-and-russian-community-itself,A political party in Estonia wants to liquidate the Russian community,5-tv.ru,Estonia,"The political agenda of one of the Estonian parties says that, in principle, it is necessary to liquidate the Russian community in Estonia.","Recurring pro-Kremlin narrative about the Russophobia of the Baltic States. For other examples see here and here. According to the program of the party Eesti 200: ""All Estonian children should go to the unified Estonian school irrespective of their mother tongue. The lessons in the Estonian school will be conducted in Estonian, but children with other mother tongue have a possibility to study and develop their mother tongue."" There is no sign of liquidation of Russian community or Russians in the program.","The political agenda of one of the Estonian parties says that, in principle, it is necessary to liquidate the Russian community in Estonia.",estonian_native,fake,euvsdisinfo-native,et_9928
25.12.2018,/report/new-law-in-estonia-punishment-for-negative-attitudes-towards-the-state,New law in Estonia: punishment for negative attitudes towards the state,"Interfax, gazeta.ru, ren.tv",Estonia,Negative attitude towards the state will become a crime in Estonia.,"Estonia does not punish for negative attitudes towards the state, instead the law mentioned in the news is about intelligence activities directed against the security of the Republic of Estonia.The necessary elements of the criminal offences of the establishment or maintenance of a relationship that is against the Republic of Estonia, and anti-state influencing of officials are also specified. Further debunking by The Insider.",Negative attitude towards the state will become a crime in Estonia.,estonian_native,fake,euvsdisinfo-native,et_9951
20.12.2018,/report/migration-compact-enables-estonians-to-flee-their-country-in-case-an-accident-in-a-nuclear-power-plant,The UN Global Compact for Migration enables Estonians to flee their country in case of an accident in a nuclear power plant,Sputnik Estonia - Russian,Estonia,"The UN Global Compact for Migration will enable Estonians to flee their country in case there is an accident at the Leningrad Nuclear Power Plant, said the President of Estonia Kersti Kaljulaid. Her alleged statement was supposed to “calm” the population, which is dissatisfied with the decision on the authorities to join the UN Global Compact on Migration.","The actual quote of the Estonian president Kersti Kaljulaid is: ""Imagine that something happens to the Leningrad Nuclear Power Plant and there are a lot of people beyond our border who are seriously injured - including women and children. What will we turn to? To the same UN funds meant for assistance to migrants, refugees and victims of emergency situations.""","The UN Global Compact for Migration will enable Estonians to flee their country in case there is an accident at the Leningrad Nuclear Power Plant, said the President of Estonia Kersti Kaljulaid. Her alleged statement was supposed to “calm” the population, which is dissatisfied with the decision on the authorities to join the UN Global Compact on Migration.",estonian_native,fake,euvsdisinfo-native,et_9960
08.11.2018,/report/us-army-may-be-preparing-for-war-against-russia,US army preparing for war against Russia,Rossia 24 - YouTube,"US,Lithuania,Estonia,Baltic states,Russia,Latvia","US army preparing for war against Russia: First troops emerge [in the Baltic states], followed by US soldiers learning Russian close to our borders.And Lithuania is harboring plans for the Russian exclave of Kaliningrad.","Recurring pro-Kremlin disinformation about Western aggression. No evidence given. For background on NATO-Russia relations see here. In 2016, NATO deployed four multinational battlegroups ─ or “enhanced forward presence” ─ to Estonia, Latvia, Lithuania and Poland. In 2017, the battlegroups became fully operational. More than 4,500 troops from Europe and North America work closely together with home defence forces. As part of NATO Allies’ commitment to transparency, Estonia, Latvia and Lithuania hosted Russian arms control inspectors in November 2017 and in March 2018. They toured a number of military sites, including some used by the multinational NATO battlegroups. // One of the commentators at the studio also notes that he studied military translation and interpreting in German at university, which does not imply that the country was then preparing to wage war against Germany.","US army preparing for war against Russia: First troops emerge [in the Baltic states], followed by US soldiers learning Russian close to our borders.And Lithuania is harboring plans for the Russian exclave of Kaliningrad.",estonian_native,fake,euvsdisinfo-native,et_10131
03.11.2018,/report/nato-forces-in-latvia-lithuania-estonia-and-poland-reached-11-000-in-2018,"NATO forces in Latvia, Lithuania, Estonia and Poland reached 11.000 in 2018",Twitter,"Poland,Lithuania,Estonia,Russia,Latvia","NATO forces in Latvia, Lithuania, Estonia and Poland reached 11.000 in 2018 vs 2.000 in 2015. They have all types of offensive weaponry.","NATO spokesperson Oana Lungescu corrected the distorted figures on Twitter: The NATO battlegroups in Estonia, Latvia, Lithuania and Poland include under 5,000 troops - defensive, rotational and transparent. https://www.nato.int/nato_static_fl2014/assets/pdf/pdf_2018_09/20180910_1809-factsheet_efp_en.pdf…","NATO forces in Latvia, Lithuania, Estonia and Poland reached 11.000 in 2018 vs 2.000 in 2015. They have all types of offensive weaponry.",estonian_native,fake,euvsdisinfo-native,et_10142
21.09.2018,/report/a-great-number-of-russians-travel-to-tourist-destinations-in-the-baltic-states-to-feed-the-nazis,"A great number of Russians travel to tourist destinations in the Baltic states ""to feed the Nazis""",NTV - YouTube,"Lithuania,Estonia,Baltic states,Russia,Latvia",A great number of Russians travel to tourist destinations in the Baltic states “to feed the Nazis” with the money they leave there. All Russians should stop travelling to Russophobic countries: by travelling to the Baltic states they are feeding Russophobes and Nazis”.,"Recurring disinformation on the Baltic countries and Nazis. No evidence to substantiate the assertions that the three countries are Russophobe or fascist (two of the most common labels used by pro-Kremlin disinformation outlets). See more here: https://euvsdisinfo.eu/the-russophobia-myth-appealing-to-the-lowest-feelings/, https://euvsdisinfo.eu/and-you-are-a-nazi-too/, https://euvsdisinfo.eu/the-nazi-obsession-of-pro-kremlin-propagandists/",A great number of Russians travel to tourist destinations in the Baltic states “to feed the Nazis” with the money they leave there. All Russians should stop travelling to Russophobic countries: by travelling to the Baltic states they are feeding Russophobes and Nazis”.,estonian_native,fake,euvsdisinfo-native,et_10275
18.08.2018,/report/baltic-countries-are-typical-replica-states-with-no-own-political-history-and-tradition,Baltic countries are typical replica states with no own political history and tradition,Stalkerzone,"Lithuania,Estonia,Baltic states,Russia,Latvia","The Baltic countries are typical “replica states” with the absence of their own political history and tradition. — The main task is to forever tear off the Baltic region from Russia and Russian influence and to raise the younger generations of Latvians, Estonians, and Lithuanians in the spirit of total Russophobia and admiration for the West.","Recurring pro-Kremlin disinformation undermining the statehood of the Baltic countries. euvsdisinfo.eu/disinformation-cases/?text=&disinfo_issue=&disinfo_keywords%5B%5D=77106&date=, Estonia, Latvia and Lithuania became independent in 1918. Three countries were occupied and illegally incorporated first by the Soviet Union, then by Nazi Germany from 1941 to 1944, and again by the Soviet Union from 1944 to 1991, when they regained the independence: en.wikipedia.org/wiki/Occupation_of_the_Baltic_states, , www.britannica.com/place/Baltic-states/Independence-and-the-20th-century, See more how the myth of Russophobia is used in pro-Kremlin disinformation: euvsdisinfo.eu/the-russophobia-myth-appealing-to-the-lowest-feelings/,","The Baltic countries are typical “replica states” with the absence of their own political history and tradition. — The main task is to forever tear off the Baltic region from Russia and Russian influence and to raise the younger generations of Latvians, Estonians, and Lithuanians in the spirit of total Russophobia and admiration for the West.",estonian_native,fake,euvsdisinfo-native,et_10389
09.08.2018,/report/eastern-europe-is-a-testing-ground-for-nato,Eastern Europe is a testing ground for NATO,"RIA, gazeta.ru","Romania,Italy,France,Poland,Germany,Estonia","Eastern Europe is a testing ground for NATO. This [accidental missile launch] would never happen in Germany, France or Italy, but Estonia, Romania and Poland are second class countries for NATO.","No evidence given. Recurring pro-Kremlin disinformation on NATO and Eastern Europe. euvsdisinfo.eu/disinformation-cases/?text=nato&disinfo_issue=&date=, A Spanish Eurofighter EF2000 jet accidentally fired an AIM-120 Advanced Medium-Range Air-to-Air Missile (AMRAAM) during a training mission in Estonia. Read more on pro-Kremlin narratives of the incident on DFRLab: medium.com/dfrlab/balticbrief-accidental-missile-launched-over-estonia-26fe8c222a2b,","Eastern Europe is a testing ground for NATO. This [accidental missile launch] would never happen in Germany, France or Italy, but Estonia, Romania and Poland are second class countries for NATO.",estonian_native,fake,euvsdisinfo-native,et_10397
02.07.2018,/report/the-truth-about-russia-from-the-mouth-of-a-british-journalist-in-sweden-caused-hysteria-among-estonian-students,The truth about Russia from the mouth of a British journalist in Sweden caused hysteria among Estonian students,tsargrad.tv,"Sweden,Syria,Estonia","A summer school at Uppsala University invited among other lecturers British journalist Vanessa Beeley, the author of the leading independent blog on the conflict in Syria. She talked about the methods of the Western media using deliberately false information, and stated that Russian journalists cover events more objectively than their Western counterparts Beeley cited as an example the fake about chemical weapons allegedly used by the Syrian authorities in the Syrian city of Duma.","Vanessa Beeley is a well-known pro-Assad and pro-Kremlin public figure. She has eg visited Regime-held areas of Syria, often under the supervision of Syrian MPs and the Syrian Army. A piece purporting to expose the “egregious western media chemical weapon fraud in Eastern Ghouta” inadvertently details how regime officials are her only source and shepherd her around, ensuring they control what she is able to witness. www.huffingtonpost.co.uk/entry/vanessa-beeley-syria-white-helmets_uk_5ad9b6cae4b03c426dad48a9?22, In her lecture, she voiced many of the usual pro-Kremlin disinformation narratives which was highlighted and criticised later both by Swedish local media and Estonian professors and students attending the class. For example, she stated that 'The Soviet Union and its legal successor Russia have always tried to promote peace in the world', 'There was a free election over whether to join Russia in Crimea', 'There was no chemical attack in Douma this April. The attack was staged by the White Helmets' and 'Human Rights Watch is a zionost front organisation run by George Soros'. See our debunks about these pro-Kremlin disinformation narratives on our website eg here, here and here. The Swedish University has issued a public apology for inviting Vanessa Beeley to the summer school and claims it was a mistake, something the Tsargrad article does not mention. There are several reports that Syrian doctors are forced under pressure and threat to say that the chemical attack has not occurred. Interview with one of the witnesses took place at a Syrian army facility used by Russian military advisers. https://www.theguardian.com/world/2018/apr/26/obscene-masquerade-russia-criticised-over-douma-chemical-attack-denial,https://theintercept.com/2018/04/26/russia-brings-syrians-hague-make-underwhelming-case-chemical-attack-fake/,https://www.theguardian.com/world/2018/apr/17/syria-crisis-medics-intimidated-over-douma-gas-attack See our timeline of the ongoing pro-Kremlin disinformation campaign surrounding the Salisbury poisoning and the Douma chemical attack. For background: On 7 April 2018, a high number of civilians were killed in the besieged Syrian city of Douma, with evidence pointing towards another chemical attack by the regime, according to the EU. See also Bellingcat's open source survey on the suspected chemical attack: https://www.bellingcat.com/news/mena/2018/04/11/open-source-survey-alleged-chemical-attacks-douma-7th-april-2018/https://www.bellingcat.com/news/mena/2018/04/29/pieces-matter-syrias-chlorine-bombs-douma-chemical-attack/ On April 10 Russia vetoed a U.S.-drafted U.N. Security Council resolution that would have created a new inquiry to ascertain responsibility for chemical weapons attacks in Syria. UN-OPCW Joint Investigative Mechanism found Syria’s Government responsiblefor last year’s attack in Khan Shaykhun. In September 2017, the UN Commission of Inquiry on the Syrian Arab Republic summarized 33 separate incidents where it had found use of chemical weapons. Since then there have been several additional suspected chemical attacks. Between March 2013 and March 2017, the Commission documented 25 incidents of chemical weapons use in the Syrian Arab Republic, of which 20 were proven to have been perpetrated by government forces and used primarily against civilians. http://www.ohchr.org/EN/HRBodies/HRC/IICISyria/Pages/IndependentInternationalCommission.aspx","A summer school at Uppsala University invited among other lecturers British journalist Vanessa Beeley, the author of the leading independent blog on the conflict in Syria. She talked about the methods of the Western media using deliberately false information, and stated that Russian journalists cover events more objectively than their Western counterparts Beeley cited as an example the fake about chemical weapons allegedly used by the Syrian authorities in the Syrian city of Duma.",estonian_native,fake,euvsdisinfo-native,et_10435
20.06.2018,/report/the-war-preparations-of-the-fascists-are-clearly-visible,The fascists war preparations against Russia are clearly visible,Balrad,"Greece,Japan,Romania,Turkey,Poland,US,Estonia,Ukraine,Russia,Latvia","War preparations of fascists against Russia are clearly visible today, just as they were clearly visible in 1940. The US-led NATO is bringing its forces close to the Russian border. Romania, Poland, Ukraine, Estonia, Latvia, Turkey, Greece and Japan are not US neighbours, yet they are full of the fascist US-forces and its allies. The US’s goals are the same Hitler’s Germany had, namely world domination over the peoples of the Earth with its economic and military might.",No evidence given. Recurring disinformation about NATO and/or EU Member States are planning a war against Russia https://euvsdisinfo.eu/disinformation-cases/?text=EU+NATO&disinfo_issue=&disinfo_keywords%5B%5D=77100&date=,"War preparations of fascists against Russia are clearly visible today, just as they were clearly visible in 1940. The US-led NATO is bringing its forces close to the Russian border. Romania, Poland, Ukraine, Estonia, Latvia, Turkey, Greece and Japan are not US neighbours, yet they are full of the fascist US-forces and its allies. The US’s goals are the same Hitler’s Germany had, namely world domination over the peoples of the Earth with its economic and military might.",estonian_native,fake,euvsdisinfo-native,et_10470
04.02.2018,/report/baltic-countries-dont-oppose-nord-stream-2-anymore,Baltic countries don't oppose Nord Stream 2 anymore,vesti7.ru,"Lithuania,Estonia,Baltic states,Latvia","Until recently, the Baltic countries were fiercely against the Nord Stream 2 natural gas pipeline. In the end of last year they suddenly stopped opposing.","In December 2017, pro-Kremlin outlets like Sputnik published articles about sudden change in Baltic countries' position regarding the Nord Stream 2. The disinformation about the change is based on a statement by prime ministers of Estonia, Latvia and Lithuania. They note only that ""the Nord Stream 2 project, if implemented. must be in full compliance with the EU acquis and the Energy Union principles."" President of Lithuania Dalia Grybauskaitė stressed in October that the gas pipeline Nord Stream 2 ""contravened the Energy Union’s objectives and would further increase European dependence on Gazprom's supplies."" Estonia has also raised concerns about the geopolitical effect of Nord Stream as a project which goes against the principles of the Energy Union and gives Russia more instruments to use energy as a foreign policy tool. Further debunking by the Insider. For background see: www.ft.com/content/25a17928-96c3-11e6-a1dc-bdf38d484582, , www.dw.com/en/nordstream-ii-gas-pipeline-in-deep-water/a-41372833,","Until recently, the Baltic countries were fiercely against the Nord Stream 2 natural gas pipeline. In the end of last year they suddenly stopped opposing.",estonian_native,fake,euvsdisinfo-native,et_10851
21.01.2018,/report/economies-of-the-baltic-countries-cant-make-progress-in-the-eu,Economies of the Baltic countries can't make progress in the EU,Sputnik Lithuania - Russian 2,"Lithuania,Estonia,Baltic states,Russia,Latvia",Economies of the Baltic countries can’t make progress when the countries are EU members. [—] The only real solution for the Baltic economies is integration to the Russian market.,"Recurring pro-Kremlin disinformation. Lithuania and Latvia were among Europe's 10 fastest growing economies in 2016, according to World Economic Forum. In addition, Estonia was second in the 2017 Heritage Foundation's Index of Economic Freedom in Europe. Lithuania was 8th and Latvia came in at 11th. In the global ranking Estonia is the 6th. The Baltic countries have been a showcase of successful transformation after regaining independence following 50 years of Soviet occupation. This includes free market economies, well-functioning democratic institutions and legal system. http://bit.ly/K11iGM, http://bloom.bg/2eSwg3K // In 1995 in LV GDP per capita was 2.327 USD compared to 13.664 USD in 2015. In 1995 EE GDP per capita was 3.036 USD compared to 17.295 USD in 2015 http://bit.ly/1eRbn2E",Economies of the Baltic countries can’t make progress when the countries are EU members. [—] The only real solution for the Baltic economies is integration to the Russian market.,estonian_native,fake,euvsdisinfo-native,et_10890
18.01.2018,/report/censorship-in-the-baltic-states,Censorship in the Baltic states,Rubaltic.ru,"Lithuania,Estonia,Latvia",There is no freedom of speech for those denying the occupation of the Baltics in the Baltic states.,"No evidence given. Freedom of speech is not impaired in the Baltic countries, according to recent indexes freedomhouse.org/report/freedom-world/freedom-world-2018, , rsf.org/en/ranking, ,",There is no freedom of speech for those denying the occupation of the Baltics in the Baltic states.,estonian_native,fake,euvsdisinfo-native,et_10894
18.01.2018,/report/all-three-baltic-states-are-disappearing,All three Baltic states are disappearing,Rubaltic.ru,"Lithuania,Estonia,Baltic states,Russia,Latvia","All three Baltic states are disappearing due to declining demography, which is much bigger threat to them than Russia is.","No evidence given. In total, the population of Estonia increased by 0.2 percent in 2017. Net migration has been positive in Estonia for three years in a row, Statistics Estonia said.https://news.postimees.ee/4378179/estonian-population-grows-by-3-070-in-2017 Also. positive migration noted in Lithuania in December 2017 http://www.lrt.lt/naujienos/lietuvoje/4/199722/lietuva-nebenyksta-gruodi-imigravo-daugiau-nei-emigravo","All three Baltic states are disappearing due to declining demography, which is much bigger threat to them than Russia is.",estonian_native,fake,euvsdisinfo-native,et_10895
25.12.2017,/report/the-european-union-seeks-to-improve-relations-with-russia-at-any-cost,Estonia and Lithuania seek to improve relations with Russia without preconditions,"aif.ru, ukraina.ru","Lithuania,Estonia,Russia","President of Lithuania Dalia Grybauskaite, and the Foreign Minister of Estonia Sven Mikser have both stated that they are seeking to improve relations with Russia, as is the European Union. Grybauskaite had no preconditions for cooperation with Russia.","Both politicians' statements were distorted. President Grybauskaite emphasized in the interview that ""the abandonment of the occupied territories, less aggression, lack of interest in manifesting power ... .., influence on elections in our countries ... will make possible cooperation with all our neighbours"". The Foreign Minister stated in the cited interview that: ""Both Estonia and the EU as a whole are interested in good relations with Russia. To improve relations, it is necessary to restore the territorial integrity and sovereignty of Ukraine. We can not be blind to the fact that Russia in the most serious manner violates international law in Ukraine. No democratic state is ready to recognize in the 21st century the change of borders by armed means. "" Read the full debunk at Stopfake.org www.stopfake.org/fejk-evrosoyuz-stremitsya-uluchshit-otnosheniya-s-rossiej-lyuboj-tsenoj/, .","President of Lithuania Dalia Grybauskaite, and the Foreign Minister of Estonia Sven Mikser have both stated that they are seeking to improve relations with Russia, as is the European Union. Grybauskaite had no preconditions for cooperation with Russia.",estonian_native,fake,euvsdisinfo-native,et_10948
17.12.2017,/report/finnish-blogger-shocked-facebook-this-is-why-half-of-the-world-owes-its-life-to-russia,"Finnish blogger shocked Facebook: ""This is why half of the world owes its life to Russia""",Zen.yandex.ru,"China,India,Poland,Finland,Lithuania,Estonia,Latvia",The Western history books are pouring total filth on everything that is connected to Russia. What are the real results of the Russian “aggression”? Finnish blogger Veikko Korhonen from the city of Oulu writes that half of Europe and part of Asia got their statehood from Russia.,"There is no such blogger from the Finnish city of Oulu, according to the fact-checking by the website Fontanka.fi. The photograph attached to the article represents actually Atte Korhola, a professor of environmental change at the University of Helsinki. A similar disinfo article appeared already in 2015 on the website Cont.ws. The article claimed that India, China, Poland, Estonia, Latvia, Lithuania and Finland should be grateful to Russia for their sovereignty, which is recurring pro-Kremlin historical revisionism. Further debunking by newspaper Ilta-Sanomat.",The Western history books are pouring total filth on everything that is connected to Russia. What are the real results of the Russian “aggression”? Finnish blogger Veikko Korhonen from the city of Oulu writes that half of Europe and part of Asia got their statehood from Russia.,estonian_native,fake,euvsdisinfo-native,et_10957
31.10.2017,/report/estonia-has-opened-a-new-military-base-in-the-town-of-tapa-under-the-pretext-of-fear-of-a-russian-attack-in-fact-they-want-to-deploy-as-much-military-equipment-as-possible-near-the-russian-border,Estonia has opened a new military base in the town of Tapa under the pretext of fear of a Russian attack.,cz.sputniknews.com,"Estonia,Baltic states,Russia","In the Estonian military town of Tapa, a new military base was opened for NATO Defence Force soldiers and its construction cost 43 million euros. They want to deploy more military equipment near the Russian border. It was decided at the Warsaw summit in the summer of 2016, “allegedly in connection with the threat of Russia attack.” Moscow stresses that “it does not intend to ever attack any NATO member.” According to Russian Foreign Minister Sergei Lavrov, NATO knows very well that there is no attack threat from Russia, but NATO uses the situation to deploy “more technicians and soldiers near the Russian border”.","This is not about the construction of a new military base for NATO purposes but an existing base that has now become the backbone for a battalion battle group consisting of British, Danish, French and Estonian soldiers. In direct response to Russia's use of military force against its neighbours, NATO has deployed four multinational battlegroups to the Baltic States and Poland. These forces are rotational, defensive and proportionate. They cannot compare to the three divisions Russia has established in its Western Military and Southern Military Districts. Before Russia's illegal annexation of Crimea, there were no plans to deploy Allied troops to the eastern part of the Alliance. The aim of NATO is to prevent conflict, protect its Allies, and preserve the peace. www.nato.int/cps/en/natohq/topics_111767.htm#cl205, A number of Russian politicians, such as former deputy foreign minister Alexander Avdeyev, declare the independence of the Baltic republics to be illegal (and therefore them to still be integral parts of Russia) and Vladimir Zhirinovsky (leader of the The Liberal Democratic Party of Russia) said that there are no Baltic countries. Estonian Defence Minister Jüri Luik summed it up in an interview with ERR News: ""Russia's attempts to vilify NATO are nothing new, but they are not based on facts. In fact, Russia is behaving aggressively, as anyone can see at the example of Georgia and Ukraine, NATO's presence in our region is extremely modest compared to the forces on the other side of the border, but has a positive influence, as it is the best guarantee of peace. "" www.youtube.com/watch?v=7R4iYRiT14I, www.bbc.com/news/world-europe-40554104, www.baltictimes.com/nato_battalion_battle_group_raises_flags_at_tapa/, news.err.ee/607256/defense-minister-estonia-and-nato-closely-following-russian-zapad-exercise, www.diplomaatia.ee/en/article/russian-armed-forces-in-the-baltic-sea-region/, www2.gwu.edu/~ieresgwu/assets/docs/demokratizatsiya%20archive/11-2_Mihkelson.PDF,","In the Estonian military town of Tapa, a new military base was opened for NATO Defence Force soldiers and its construction cost 43 million euros. They want to deploy more military equipment near the Russian border. It was decided at the Warsaw summit in the summer of 2016, “allegedly in connection with the threat of Russia attack.” Moscow stresses that “it does not intend to ever attack any NATO member.” According to Russian Foreign Minister Sergei Lavrov, NATO knows very well that there is no a",estonian_native,fake,euvsdisinfo-native,et_11118
25.09.2017,/report/finland-estonia-and-hungary-are-pushing-russias-finno-ugric-peoples-to-separate-from-russia,"Finland, Estonia and Hungary are pushing Russia's Finno-Ugric peoples to separate from Russia",kp.ru,"Hungary,Finland,Estonia,Russia","Finland, Estonia and Hungary are pushing Russia’s Finno-Ugric peoples to political independence and, ideally, to separate from Russia. The countries are influencing cultural and scientific elites of Russia’s Finno-Ugric republics, using missionaries’ work, and inviting people to study abroad.","Recurring disinformation, no evidence given. The described activities are part of cultural and people-to-people cooperation that has nothing to do with separatism.","Finland, Estonia and Hungary are pushing Russia’s Finno-Ugric peoples to political independence and, ideally, to separate from Russia. The countries are influencing cultural and scientific elites of Russia’s Finno-Ugric republics, using missionaries’ work, and inviting people to study abroad.",estonian_native,fake,euvsdisinfo-native,et_11260
21.09.2017,/report/latvia-and-estonia-have-claims-for-russian-territories-poland-wants-to-seize-ukraine-and-belarus-and-romania-transnistria,"Latvia and Estonia have claims for Russian territories, Poland wants to seize Ukraine and Belarus, Romania Transnistria",TVC,"Poland,Belarus,Estonia,Baltic states,Ukraine,Russia,Latvia","Poland wants to seize [the Ukrainian city of] Lviv and Ukraine as well as Belarus in general and become their patron. Meanwhile, Romania wants to seize Moldova’s [breakaway] Dniester Region. Latvia and Estonia have their own claims for Russian territories.",No evidence given. Recurring disinformation suggesting that EU Member States pose a threat to their neighbours.,"Poland wants to seize [the Ukrainian city of] Lviv and Ukraine as well as Belarus in general and become their patron. Meanwhile, Romania wants to seize Moldova’s [breakaway] Dniester Region. Latvia and Estonia have their own claims for Russian territories.",estonian_native,fake,euvsdisinfo-native,et_11277
16.07.2017,/report/the-presidential-elections-in-estonia-are-not-at-all-a,The presidential elections in Estonia are not at all a...,sputniknews.com,Estonia,The presidential elections in Estonia are not at all a democratic procedure.The head of state is chosen not by people and thus bears no responsibility for his deeds and actions. It has nothing to do with democracy and it is very convenient for further manipulations with the head of state.,"Estonia is a parliamentary democracy. The procedure for the election of the President of the Republic is provided in §§ 79-80 of the Constitution of the Republic of Estonia and it is specified in the President of the Republic Election Act. The parliament or an electoral body elects the President and the process is fully transparent bit.ly/2txnFKV, , bit.ly/2t7ttLY, . Estonia is enjoying a stable democracy, ranking high on international democracy rankings bit.ly/2uraArf, , bit.ly/2jzYYsq, .",The presidential elections in Estonia are not at all a democratic procedure.The head of state is chosen not by people and thus bears no responsibility for his deeds and actions. It has nothing to do with democracy and it is very convenient for further manipulations with the head of state.,estonian_native,fake,euvsdisinfo-native,et_11376
16.07.2017,/report/during-world-war-ii-most-of-the-baltic-forest-brothers,"During World War II, most of the Baltic Forest Brothers...",Vesti.doc talk show @ Pervyi kanal,"Lithuania,Estonia,Latvia","During World War II, most of the Baltic Forest Brothers were members of Waffen-SS. They are responsible for the deaths of hundreds of thousands of Jews. They are responsible for killing 80 % of the Jewish population in Baltic states.","No evidence given. Forest Brothers were Estonian, Latvian and Lithuanian partisans who fought against Soviet rule during the Soviet invasion and occupation during and after the World War II. In the early 1950's, the Soviet forces had eradicated most of the partisan resistance in the Baltic States. Soviet authorities offered Forest Brothers an amnesty after Joseph Stalin's death in 1953. Further reading on the Forest Brothers: bit.ly/2vC2qZW, , bit.ly/2tGyRVI,","During World War II, most of the Baltic Forest Brothers were members of Waffen-SS. They are responsible for the deaths of hundreds of thousands of Jews. They are responsible for killing 80 % of the Jewish population in Baltic states.",estonian_native,fake,euvsdisinfo-native,et_11378
13.07.2017,/report/in-the-movie-about-the-forest-brothers-nato-is-praising,In the movie about the Forest Brothers NATO is praising...,pl.sputniknews.com,"Lithuania,Estonia,Latvia",In the movie about the Forest Brothers NATO is praising the shameful former SS soldiers and nationalists.,"No evidence given. Nato video exists bit.ly/2tm5Jmr, , but Forest Brothers were Estonian, Latvian and Lithuanian partisans who fought against Soviet rule during the Soviet invasion and occupation during and after the World War II. In the early 1950's, the Soviet forces had eradicated most of the partisan resistance in the Baltic States. Soviet authorities offered Forest Brothers an amnesty after Joseph Stalin's death in 1953. Further reading on the Forest Brothers: bit.ly/2vC2qZW, , bit.ly/2tGyRVI,",In the movie about the Forest Brothers NATO is praising the shameful former SS soldiers and nationalists.,estonian_native,fake,euvsdisinfo-native,et_11383
13.07.2017,/report/a-nato-film-glorifies-the-baltic-nazi-collaborators-known-as,A NATO film glorifies the Baltic Nazi collaborators known as...,RT English,"Lithuania,Estonia,Latvia",A NATO film glorifies the Baltic Nazi collaborators known as the ‘Forest Brothers’.,"No evidence given. Nato video exists bit.ly/2tm5Jmr, , but Forest Brothers were Estonian, Latvian and Lithuanian partisans who fought against Soviet rule during the Soviet invasion and occupation during and after the World War II. In the early 1950's, the Soviet forces had eradicated most of the partisan resistance in the Baltic States. Soviet authorities offered Forest Brothers an amnesty after Joseph Stalin's death in 1953. Further reading on the Forest Brothers: bit.ly/2vC2qZW, , bit.ly/2tGyRVI,",A NATO film glorifies the Baltic Nazi collaborators known as the ‘Forest Brothers’.,estonian_native,fake,euvsdisinfo-native,et_11384
06.07.2017,/report/russophobe-and-fascist-estonia-persecutes-the-participants-of-the-immortal,"Russophobe and fascist Estonia persecutes the participants of the ""Immortal...",rusvesna.su,Estonia,Russophobe and fascist Estonia persecutes the participants of the “Immortal Regiment” procession.,"No evidence to substantiate the assertions that Estonia is Russophobe or fascist (two of the most common labels used by pro-Kremlin disinformation outlets) or that it is persecuting the participants of the ""Immortal Regiment"" March.",Russophobe and fascist Estonia persecutes the participants of the “Immortal Regiment” procession.,estonian_native,fake,euvsdisinfo-native,et_11406
31.05.2017,/report/kersti-kaljulaid-president-of-estonia-has-informed-deutsche-welle-that,"Kersti Kaljulaid, President of Estonia, has informed ‘Deutsche Welle’ that...",NTV - YouTube,"US,Estonia,Russia","Kersti Kaljulaid, President of Estonia, has informed ‘Deutsche Welle’ that she strictly follows orders that are dictated by Brussels and Washington when dealing with Russia.","No evidence given. In the interview referred to by the talk show host, President Kaljulaid simply stresses that Estonia consults with and inform their European partners about any contacts with Russia.","Kersti Kaljulaid, President of Estonia, has informed ‘Deutsche Welle’ that she strictly follows orders that are dictated by Brussels and Washington when dealing with Russia.",estonian_native,fake,euvsdisinfo-native,et_11567
03.03.2017,/report/the-growth-in-estonias-gdp-per-capita-since-its-accession,Estonia's GDP grows because its population decreases,,Estonia,"The growth in Estonia’s GDP per capita since its accession to the EU is due to the decrease in population. In recent years, Estonia’s population decreased nearly by 800 thousand people.","The increase of Estonia’s GDP per capita since becoming the member of the EU is due to the significant development of its economy. In addition, according to Statistics Estonia, the country’s population decreased only by 44,700, not 800,000. As the total population of Estonia is around 1,3 million, a decrease of 800,000 would leave very few people in the country. Last year, the population increased bit.ly/2nQ56Df, .","The growth in Estonia’s GDP per capita since its accession to the EU is due to the decrease in population. In recent years, Estonia’s population decreased nearly by 800 thousand people.",estonian_native,fake,euvsdisinfo-native,et_11925
07.01.2017,/report/estonian-president-refused-to-congratulate-orthodox-christians-on-christmas,Estonian President refused to congratulate Orthodox Christians on Christmas,"lv.baltnews.com, baltnews.lv",Estonia,Estonian President refused to congratulate Orthodox Christians on Christmas.,"The Estonian President always makes one greeting that goes out to everyone. bit.ly/2i9tbxz, The previous President of Estonia was accused of the same thing last year bit.ly/2iby61a, .",Estonian President refused to congratulate Orthodox Christians on Christmas.,estonian_native,fake,euvsdisinfo-native,et_12211
22.11.2016,/report/because-of-bad-economic-policies-estonia-latvia-cant-be-effective,Estonia and Latvia have bad economic policies,NTV - YouTube,"Estonia,Latvia","Because of bad economic policies, Estonia, Latvia can’t be effective countries and protect their interests.","The Baltic countries have been a showcase of successful transformation after regaining independence following 50 years of Soviet occupation. This includes free market economies, well-functioning democratic institutions and legal system. In 1995 in LV GDP per capita was 2.327 USD compared to 13.664 USD in 2015. In 1995 EE GDP per capita was 3.036 USD compared to 17.295 USD in 2015","Because of bad economic policies, Estonia, Latvia can’t be effective countries and protect their interests.",estonian_native,fake,euvsdisinfo-native,et_12396
19.10.2016,/report/estonia-and-all-three-of-the-baltic-states-are-preparing,Estonia (and all three of the Baltic states) are preparing...,ntv.ru,"Estonia,Russia",Estonia (and all three of the Baltic states) are preparing for war with Russia.,"Neither Estonia nor any other Baltic states seek confrontation with Russia. The country is rather the victim of Russian hybrid aggression, during 2016, Russia has violated the Estonian airspace six times already bit.ly/2eIGWVv, , or in the case of abduction of Eston Kohver from Estonian territory: bit.ly/2fuKDO2, . For more information, see annual reviews of the Estonian secret service: bit.ly/2eNA8nh,",Estonia (and all three of the Baltic states) are preparing for war with Russia.,estonian_native,fake,euvsdisinfo-native,et_12578
25.09.2016,/report/the-us-ambassador-to-estonia-james-melville-criticised-the-estonian,"The US ambassador to Estonia, James Melville, criticised the Estonian...",Baltnews Estonia,"US,Estonia","The US ambassador to Estonia, James Melville, criticised the Estonian presidential election system, saying that it does not reflect the views of the population.","The article is misleading. The US ambassador is quoted as saying “such is democracy in action – although I am disappointed that the voters have not been able to elect the president of Estonia”. bit.ly/2dhK4sY,","The US ambassador to Estonia, James Melville, criticised the Estonian presidential election system, saying that it does not reflect the views of the population.",estonian_native,fake,euvsdisinfo-native,et_12685
31.08.2016,/report/vladimir-zhirinovsky-said-that-in-estonia-from-september-1-nothing,"Vladimir Zhirinovsky said that in Estonia, from September 1, nothing...",echo.msk.ru,"Estonia,Russia","Vladimir Zhirinovsky said that in Estonia, from September 1, nothing will be taught in school in Russian language, leaving an impression that teaching in Russian in Estonia will be banned.","All students who complete a Russian-language basic school and choose to go on to secondary school will receive 60% of their teaching in Estonian and 40% in Russian: bit.ly/2cStyhU,","Vladimir Zhirinovsky said that in Estonia, from September 1, nothing will be taught in school in Russian language, leaving an impression that teaching in Russian in Estonia will be banned.",estonian_native,fake,euvsdisinfo-native,et_12830
17.03.2016,/report/estonia-is-building-a-concentration-camp-for-its-russian-speaking-citizens,Estonia is building a concentration camp for its Russian-speaking citizens,politobzor.net,Estonia,Estonia is building a concentration camp for its Russian-speaking citizens.,"Conspiracy theory, no evidence given.",Estonia is building a concentration camp for its Russian-speaking citizens.,estonian_native,fake,euvsdisinfo-native,et_13603
05.03.2016,/report/the-baltic-states-are-transforming-into-police-dictatorial-states-where-representatives,"The Baltic states are transforming into police-dictatorial states, where representatives...",eadaily.com,"Lithuania,Estonia,Baltic states,Latvia","The Baltic states are transforming into police-dictatorial states, where representatives of ethnic communities who express different views and opinions are mistreated.","One of the criteria the European Council set out for EU membership at the Copenhagen Summit in 1993 was ""that the candidate country has achieved stability of institutions guaranteeing democracy, the rule of law, human rights, and the respect for and protection of minorities"". Before joining the EU the Baltic States were subjected to intensive scrutiny by the EU institutions aiming to ensure the rights of the Russian minority. See bit.ly/1SKeBvX, .","The Baltic states are transforming into police-dictatorial states, where representatives of ethnic communities who express different views and opinions are mistreated.",estonian_native,fake,euvsdisinfo-native,et_13681
01.03.2016,/report/the-american-embassy-in-poland-decided-to-use-polish-nationalists,The American Embassy in Poland decided to use Polish nationalists...,,"Poland,US,Lithuania,Estonia,Ukraine,Russia,Latvia","The American Embassy in Poland decided to use Polish nationalists to re-establish (the first) Rzeczpospolita, which should have an impact on the Baltic states and on Ukraine. The Americans want a prolonged conflict in Ukraine in order to hit Russia.",No evidence given.,"The American Embassy in Poland decided to use Polish nationalists to re-establish (the first) Rzeczpospolita, which should have an impact on the Baltic states and on Ukraine. The Americans want a prolonged conflict in Ukraine in order to hit Russia.",estonian_native,fake,euvsdisinfo-native,et_13705
21.02.2016,/report/ukraine-has-turned-into-a-colony-governed-by-georgians-people,"Ukraine has turned into a colony of Georgians, Balts and other thugs",Voskresnyi vecher s Vladimirom Solovyovym - YouTube,"Georgia,US,Lithuania,Estonia,Baltic states,Ukraine,Latvia","Ukraine has turned into a colony governed by Georgians, people from the Baltic states, and other thieves and thugs wanted by Interpol. Ukraine is also governed by Americans.",Ukraine is a sovereign and independent state governed by Ukrainian people.,"Ukraine has turned into a colony governed by Georgians, people from the Baltic states, and other thieves and thugs wanted by Interpol. Ukraine is also governed by Americans.",estonian_native,fake,euvsdisinfo-native,et_13777
14.02.2016,/report/ukraine-and-the-baltic-states-are-russias-lands-georgia-and,Ukraine and the Baltic states are Russia's lands,Voskresnyi vecher s Vladimirom Solovyovym - YouTube,"Turkey,Georgia,Lithuania,Estonia,Baltic states,Ukraine,Russia,Latvia","Ukraine and the Baltic states are Russia’s lands (Georgia and Turkey probably also), and they have no right to decide with whom they will stay – Russia will decide that.","All mentioned countries are sovereign and independent states, and Russia has no right to determine their policies.","Ukraine and the Baltic states are Russia’s lands (Georgia and Turkey probably also), and they have no right to decide with whom they will stay – Russia will decide that.",estonian_native,fake,euvsdisinfo-native,et_13823
07.02.2016,/report/this-weeks-trend-the-bbc-show-about-a-hypothetical-russian,This Week's Trend: The BBC show about a hypothetical Russian invasion of the Baltic states,Dmitriy Kiselyev Vesti nedeli - YouTube,"UK,Lithuania,Estonia,Baltic states,Russia,Latvia",This Week’s Trend: The BBC show about a hypothetical Russian invasion into the Baltics and its nuclear attack on the British navy violates the military-political ethics in relations between Russia and the West.,The BBC programme presented a hypothetical scenario that does not violate any ethics. // It was Dmitry Kiselyov himself on the very same show who announced that Russia can turn USA into a pile of radioactive ash.,This Week’s Trend: The BBC show about a hypothetical Russian invasion into the Baltics and its nuclear attack on the British navy violates the military-political ethics in relations between Russia and the West.,estonian_native,fake,euvsdisinfo-native,et_13888
25.01.2016,/report/eus-laws-are-obligatory-in-moldova,EU's laws are obligatory in Moldova,Komsomolskaya Pravda - Moldova,"Romania,Moldova,Poland,Lithuania,Estonia,Baltic states,Ukraine,Latvia","EU’s laws are obligatory in Moldova. The Association agreement gives Romanians the right to restitute their property lost in the 20th century when Moldova was a part of the Romanian state. Poland and Baltic states want Ukraine in the EU for the same reason, to restitute territories now belonging to Ukraine.","The Association Agreement does not give this right. For further claims, no evidence given.","EU’s laws are obligatory in Moldova. The Association agreement gives Romanians the right to restitute their property lost in the 20th century when Moldova was a part of the Romanian state. Poland and Baltic states want Ukraine in the EU for the same reason, to restitute territories now belonging to Ukraine.",estonian_native,fake,euvsdisinfo-native,et_13983
21.01.2016,/report/europeans-must-understand-that-the-whole-situation-around-migrants-is,"Situation around migrants is a result of Europeans' mistakes, it is Russophobia",Petr Tolstoy Vremya Pokazhet - YouTube,"Georgia,Lithuania,Estonia,Baltic states,Latvia","Europeans must understand that the whole situation around migrants is a result of their mistakes, it is Russophobia. Russophobia that has emerged since 2008: Georgia, Baltic states…","No evidence of ""Russophobia"" given.","Europeans must understand that the whole situation around migrants is a result of their mistakes, it is Russophobia. Russophobia that has emerged since 2008: Georgia, Baltic states…",estonian_native,fake,euvsdisinfo-native,et_14016
07.01.2016,/report/usa-supported-and-still-supports-pro-fascist-movement-in-ukraine-3,USA supported and still supports pro-fascist movement in Ukraine,New World Order Opposition,"US,Lithuania,Estonia,Baltic states,Ukraine,Latvia",USA supported and still supports pro-fascist movement in Ukraine. They started with their projects in early 1950s. They have used similar programs in the Baltics as well and nowadays the hammer and sickle is prohibited and SS-veterans are allowed to organize their parades.,"Public support for the ideas of ultranationalism is very low in Ukraine (see the outcomes of 2014-2015 elections), as it is in the Baltic states. No evidence of any recent US support to any of such ultranationalist movements.",USA supported and still supports pro-fascist movement in Ukraine. They started with their projects in early 1950s. They have used similar programs in the Baltics as well and nowadays the hammer and sickle is prohibited and SS-veterans are allowed to organize their parades.,estonian_native,fake,euvsdisinfo-native,et_14112
07.01.2016,/report/usa-supported-and-still-supports-pro-fascist-movement-in-ukraine-2,USA supported and still supports pro-fascist movement in Ukraine,contra-magazin.com,"US,Lithuania,Estonia,Baltic states,Ukraine,Latvia",USA supported and still supports pro-fascist movement in Ukraine. They started with their projects in early 1950s. They have used similar programs in the Baltics as well and nowadays the hammer and sickle is prohibited and SS-veterans are allowed to organize their parades.,"Public support for the ideas of ultranationalism is very low in Ukraine (see the outcomes of 2014-2015 elections), as it is in the Baltic states. No evidence of any recent US support to any of such ultranationalist movements.",USA supported and still supports pro-fascist movement in Ukraine. They started with their projects in early 1950s. They have used similar programs in the Baltics as well and nowadays the hammer and sickle is prohibited and SS-veterans are allowed to organize their parades.,estonian_native,fake,euvsdisinfo-native,et_14113
06.01.2016,/report/europe-is-becoming-less-and-less-european,Europe is becoming less and less European,chervonec-001.livejournal.com,"Libya,Germany,Lithuania,Estonia,Baltic states,Latvia","Europe is becoming less and less European. Within a month, first sexual harassment attacks similar to those in Germany will arrive in the Baltics. The intervention in Libya is to blame.",No evidence given.,"Europe is becoming less and less European. Within a month, first sexual harassment attacks similar to those in Germany will arrive in the Baltics. The intervention in Libya is to blame.",estonian_native,fake,euvsdisinfo-native,et_14119
06.01.2016,/report/usa-supported-and-still-supports-pro-fascist-movement-in-ukraine,USA supported and still supports pro-fascist movement in Ukraine,novorossia.today,"US,Lithuania,Estonia,Baltic states,Ukraine,Latvia",USA supported and still supports pro-fascist movement in Ukraine. They started with their projects in early 1950s. They have used similar programs in the Baltics as well and nowadays the hammer and sickle is prohibited and SS-veterans are allowed to organize their parades.,"Public support for the ideas of ultranationalism is very low in Ukraine (see the outcomes of 2014-2015 elections), as it is in the Baltic states. No evidence of any recent US support to any of such ultranationalist movements.",USA supported and still supports pro-fascist movement in Ukraine. They started with their projects in early 1950s. They have used similar programs in the Baltics as well and nowadays the hammer and sickle is prohibited and SS-veterans are allowed to organize their parades.,estonian_native,fake,euvsdisinfo-native,et_14124
02.01.2016,/report/secretary-of-the-russian-security-council-nikolay-patrushev-advocates-the,Secretary of the Russian Security Council Nikolay Patrushev advocates the...,vesti.lv,"Lithuania,Estonia,Baltic states,Russia,Latvia",Secretary of the Russian Security Council Nikolay Patrushev advocates the introduction of Russian troops in the Baltic states.,"It was Russian academic Mikhail Alexandrov who said that, not Nikolay Patrushev: bit.ly/1UIvs03,",Secretary of the Russian Security Council Nikolay Patrushev advocates the introduction of Russian troops in the Baltic states.,estonian_native,fake,euvsdisinfo-native,et_14146
12.11.2015,/report/estonian-tax-payers-are-covering-medical-costs-of-the-ukrainian-effaceurs,"Estonian tax-payers are covering medical costs of the Ukrainian ""effaceurs...",Komsomolskaya Pravda - Northern Europe,"Estonia,Ukraine","Estonian tax-payers are covering medical costs of the Ukrainian “effaceurs soldiers” (украинских карателей), who have killed women and children.",Estonia has provided medical help and treatement for Ukrainian soldiers.,"Estonian tax-payers are covering medical costs of the Ukrainian “effaceurs soldiers” (украинских карателей), who have killed women and children.",estonian_native,fake,euvsdisinfo-native,et_14451
09.11.2015,/report/estonia-is-a-racist-country-where-people-are-discriminated-based,"Estonia is a racist country, where people are discriminated based...","rg.ru, rg.ru",Estonia,"Estonia is a racist country, where people are discriminated based on their ethnic and racial background.","Russian media, including the daily Rossiiskaya Gazeta, have started a campaign about racism and discrimination in Estonia. These stories often neglect the open criticism expressed by Estonian public officials and media about discrimination.","Estonia is a racist country, where people are discriminated based on their ethnic and racial background.",estonian_native,fake,euvsdisinfo-native,et_14473
07.11.2015,/report/estonia-is-infringing-on-media-freedom-with-the-ban-of,Estonia is infringing on media freedom with the ban of...,Sputnik Norway (closed),"Estonia,Russia",Estonia is infringing on media freedom with the ban of Rossiya Sevodnya and that this is not the first time Estonia is breaking the rules and preventing Russian media from broadcasting in Estonia.,"A commercial bank in Estonia applied EU sanctions and froze the assets of Rossija Sevodnja. This legal case is based on COUNCIL REGULATION (EU) No 269/2014. The complaints follow the launch of a new Estonian-run TV channel in Russian on October 16, ETV+ which is to serve as an alternative source of Russian language news for Russian-speaking Estonians, thereby competing directly with Russia’s own, state-controlled TV channels in Estonia: bit.ly/1Yd5a8X, Worth noting is that Estonia’s Internal Security Service KAPO noted already in its report of 2013 bit.ly/1HP8uTu, and 2014 the problems associated with Russian state-controlled propaganda media, and described Rossiya Sevodnya in Estonia as one part of the Russian influence operations: bit.ly/1HjO2HF,",Estonia is infringing on media freedom with the ban of Rossiya Sevodnya and that this is not the first time Estonia is breaking the rules and preventing Russian media from broadcasting in Estonia.,estonian_native,fake,euvsdisinfo-native,et_14481
29.10.2015,/report/the-migration-crisis-diverts-attention-from-american-invasion-of-the,"The migration crisis diverts attention from ""American invasion"" of the...",hidfo.ru,"Poland,US,Lithuania,Estonia,Baltic states,Russia,Latvia",The migration crisis diverts attention from “American invasion” of the Baltic states and Poland. The American forces will swarm the European side of the Russian border.,"Although new NATO outposts will be or already was established in Estonia, Latvia, Poland, Romania and Bulgaria, those will host only a few dozen military personnel. For the alliance, the new outposts are meant to establish a NATO presence without violating its 1997 promise not to permanently station troops on Russia’s borders. on.wsj.com/1OccNa0,",The migration crisis diverts attention from “American invasion” of the Baltic states and Poland. The American forces will swarm the European side of the Russian border.,estonian_native,fake,euvsdisinfo-native,et_14485
28.10.2015,/report/nato-soldiers-in-uniforms-are-scaring-away-russian-tourists-from,NATO soldiers in uniforms are scaring away Russian tourists from...,regnum.ru,"Estonia,Russia",NATO soldiers in uniforms are scaring away Russian tourists from Estonia (Tallinn),Soldiers from NATO countries are not influencing normal everyday life in Estonia.,NATO soldiers in uniforms are scaring away Russian tourists from Estonia (Tallinn),estonian_native,fake,euvsdisinfo-native,et_14486
